Description,SalesDollars,SalesPrice,ProfitMargin
(RI) 1,21519.09,36.39601503759398,0.6275185825767627
.nparalleled Svgn Blanc,1094.63,7.99,0.13775885820492795
10 Span Cab Svgn CC,2703.89,7.489999999999999,0.12913815368647186
10 Span Chard CC,3325.56,7.49,0.12913815368647188
10 Span Pnt Gris Monterey Cy,2082.22,7.49,0.12913815368647188
10 Span Pnt Nr CC,2441.74,7.49,0.12913815368647188
1000 Stories Znfdl,1918.8,15.99,0.275690130500225
12 Days of Pearls Gift Set,309.69,9.99,0.17224167627875223
13 Celsius Svgn Bl,34041.23,10.912237288135595,0.18814234659259058
13th Colony Sthrn Corn Whsky,359.82,26.99,0.4653456299062585
14 Hands Cab Svgn Wash,273570.44,10.052533858655504,0.17331984811448822
14 Hands Chard Wash,58250.47,10.029930167597765,0.17293012863121773
14 Hands Hot to Trot Red,168780.04,9.053875743939614,0.15610157507064001
14 Hands Hot to Trot White,16198.86,9.491943005181346,0.16365447190738858
14 Hands Merlot Wash,148235.97,10.001891891891892,0.17244670925108307
14 Hands Moscato,798.15,9.365,0.16146579563068214
14 Hands Pinot Grigio,40353.49,9.300178571428571,0.16034818286632516
14 Hands Red Blend Ltd,9570.42,9.99,0.17224167627875223
14 Hands Red Blend Stampede,25884.53,10.172209469153515,0.17538322426682657
14 Hands Rsl Wash,531.48,10.297692307692309,0.17754672521318673
14 Hands Svgn Bl,16640.6,9.282083712465878,0.16003620200148413
1792 Full Proof Bourbon,3576.21,45.3025,0.781078932894712
1792 Port Finish Bourbon,6998.25,39.99,0.6894839473861163
1792 Single Barrel Bourbon,2445.3900000000003,40.08615384615385,0.691141775178127
1792 Sweet Wheat Bourbon,3170.11,35.531666666666666,0.6126159987632163
1800 Anejo Tequila,30316.780000000002,41.99,0.7239667654599405
1800 Coconut Tequila,213261.56999999998,17.329729237177816,0.298788950277118
1800 Raspberry Margarita RTD,35943.479999999996,17.51252858103564,0.30194066853624985
1800 Reposado Gold Tequila,511933.9,21.07215064180189,0.3633135685027369
1800 Select Silver Tequila,2129.29,29.99,0.5170698570169948
1800 Silver Tequila,720189.79,22.381750422927652,0.3858929140037768
1800 Silver w/ Shot Glasses,31476.899999999998,22.33994206257242,0.3851720789617296
1800 Ultimate Margarita RTD,149258.31999999998,19.759379097570378,0.3406795373366226
1800 Ultimate Peach Margrita,46049.719999999994,18.958594217347954,0.32687287766613315
19 Crimes Cab Svgn,63682.42,10.358071689346167,0.17858775082967673
19 Crimes Red,195851.1,9.941545406266597,0.1714062508084772
19 Crimes The Banished Red,38.97,12.99,0.22396590338948863
19 Crimes Warden Red,2823.87,24.99,0.4308628118324342
2 Copas Spain Red,9.99,9.99,0.17224167627875223
2 Copas Spain White,119.88,9.99,0.17224167627875223
2 Gingers Irish Whiskey,321.86,22.99,0.39637999375860994
20 Mile 09 Brdx Superior,1949.48,37.49,0.646380424793836
24 Knots Pnt Nr,9393.62,14.742032520325203,0.25417341271838756
260 Vodka,9740.52,27.990000000000002,0.4825870389431707
3 Ball Znfdl,14312.4,13.480076335877865,0.23241550995567
3 Blind Moose Cab Svgn Cal,6344.47,9.730331491712708,0.1677646253133662
3 Blind Moose Chard Cal,6058.73,9.649846547314578,0.1663769514656849
3 Blind Moose Merlot Cal,6951.85,9.753636363636364,0.16816643414275478
3 Blind Moose Pnt Grigio Cal,7285.51,9.767777777777779,0.1684102520483273
3 Brooms Svgn Bl Marlborough,25206.93,14.786610169491524,0.254941994201568
360 Double Chocolate Vodka,27094.62,13.369468377635197,0.23050847290487048
360 Glazed Donut Vodka,103.92,12.99,0.22396590338948863
4 Orange Vodka,483.78,21.99,0.3791385847216978
42 Below Pure Vodka,94.94999999999999,18.99,0.3274143576109614
44* North Huckleberry Vodka,1057.03,22.49,0.38775928924015385
44* North Magic Valley Vodka,1349.4,22.49,0.38775928924015385
6 Degrees Chard,59.95,11.99,0.20672449435257648
8000 Generations Shochu,354.88,29.535454545454545,0.5092328529093075
900 Grapes Svgn Bl,59.94,9.99,0.17224167627875223
99 Apples Schnapps Liqueur,46523.37,13.441567453328638,0.23175156256008436
99 Bananas,70779.07,13.37856564634455,0.23066532263580714
99 Blackberries,31603.74,3.6432700948577135,0.0628151099373915
A Bichot Adelie Mercury,815.76,33.99,0.5860354931646434
A Bichot Ch Gris Nuits 13 Ge,1119.86,79.99,1.3791403088626015
A Bichot Ch Gris Nuits St Ge,648.89,58.99,1.0170707190874468
A Bichot Chablis 14 Les Vauc,959.76,39.99,0.6894839473861163
A Bichot Chablis Les Clos 14,1119.84,69.99,1.2067262184934802
A Bichot Chablis Long Depaqt,13133.609999999999,17.79128205128205,0.306746771137227
A Bichot Chablis Vaucopins,1623.44,28.99,0.4998284479800827
A Bichot Champs Martin,245.94,40.99,0.7067253564230284
A Bichot Chard Bourgogne,7452.2300000000005,15.65966966966967,0.2699947701577015
A Bichot Clos Marechaudes,539.94,89.99,1.551554399231723
A Bichot Cremant Brut Rose,3402.27,19.73545454545454,0.34026704434756855
A Bichot Fixin Pnt Nr,2831.0299999999997,29.19967741935484,0.5034435821329837
A Bichot Macon-Villages,3372.32,12.66484662576687,0.21835980106460307
A Bichot Merc Champs M,515.88,42.99,0.7412081744968526
A Bichot Merc Champs Mart 14,959.76,39.99,0.6894839473861163
A Bichot Montagny 1er Cru 14,989.7,32.99,0.5687940841277314
A Bichot Morey St Denis 14 S,1021.86,72.99,1.2584504456042165
A Bichot Morgon Les Charmes,9209.119999999999,18.836153846153845,0.3247618331437442
A Bichot Petit Chablis,8693.33,8.99,0.1550002672418401
A Bichot Pnt Nr Bourgogne,13745.23,15.689551569506726,0.2705099762155922
A Bichot Pouilly-Fuisse,11751.31,20.697124010554088,0.3568475809536583
A Bichot Rochegres 14 Moulin,183.96,45.99,0.792932401607589
A Bichot Savigny Beaune,244.95000000000002,48.99,0.8446566287183254
A Bichot Secret de Fam PN,99.94999999999999,19.99,0.3446557666478735
A Bichot St-Amour Champlette,6804.389999999999,18.872096069868995,0.32538152772451323
A Innocenti Nonni Cab Svgn,623.52,12.99,0.22396590338948863
A Portela Mencia,458.72999999999996,16.99,0.29293153953713713
A Proper Claret,45443.73,10.44700824499411,0.180121142363937
A Proper Pink,4442.58,12.99,0.22396590338948863
A by Acacia Chard Cal,30791.04,9.957940813810112,0.17168893073626182
A by Acacia Pnt Nr Cal,47345.5,14.936856772521063,0.2575324573408068
A by Acacia Red Cal,143.88,11.99,0.20672449435257648
A by Acacia Unoaked Chard Ca,31888.61,10.158284789644014,0.17514314317169538
A la Carte White,374.75,14.99,0.2584487214633129
A to Z Ore Chard,51823.43,13.98984674329502,0.24120467006486251
A to Z Pnt Gris Ore,121242.67,13.554063586686537,0.23369115441037894
A to Z Pnt Nr Ore,224192.78,16.800976468408376,0.28967250751136425
A to Z Rose,798.53,16.99,0.29293153953713713
A to Z Rsl,1002.41,16.99,0.29293153953713713
Aalto Ribera Del Duero Red,49.99,49.99,0.8618980377552377
Abadia de la Oliva Blanca,203.88,16.99,0.29293153953713713
Aberfeldy 12 Yr Single Malt,42761.19,48.6044578313253,0.8380093384872268
Aberfeldy 21 Yr Single Malt,2879.82,159.99,2.758453031815572
Aberfeldy Single Cask,9459.62,248.08523809523808,4.277339066019737
Aberlour 16 Year Old Single,103249.72,59.76045619116582,1.030354469424358
Aberlour A'Bunadh Sngle Malt,63976.259999999995,73.4341489361702,1.2661081990860366
Aberlour Glenlivet 12 Yr,143989.54,41.78325676176362,0.7204022207238913
Abraham Bowman Ltd Edition,279.96,69.99,1.2067262184934802
Absente  Glass & Spoon Pack,11498.41,11.99,0.20672449435257648
Absente 'Absinthe Refined',61679.12,36.59699865410498,0.6309838233187468
Absinthe Ordinaire,44666.75,24.506966067864273,0.42253462622977406
Absolut 80 Proof,6244752.03,15.996582827151029,0.2758036277157552
Absolut Apeach,80236.70999999999,17.72094688221709,0.3055340937176976
Absolut Berri Acai,45908.96,17.66367880964597,0.30454671145374335
Absolut Cilantro,4164.72,18.139999999999997,0.3127591599295861
Absolut Citron,1028260.25,16.432196723486104,0.2833142250846313
Absolut Elyx,674.85,44.99,0.775690992570677
Absolut Grapevine Vodka,5672.1,14.556037735849056,0.2509666005605019
Absolut Hibiskus,153.93,21.99,0.3791385847216978
Absolut Mandrin,314932.26,13.06357731366162,0.2252344799501658
Absolut Mango,835.6200000000001,21.99,0.3791385847216978
Absolut Mini Bar 5/50mls,123563.28,7.187391522447956,0.12392075714695984
Absolut Orient Apple Vodka,119.94,19.99,0.3446557666478735
Absolut Pears,109752.68999999999,16.905837299870186,0.29148045599854805
Absolut Peppar,77049.45,17.709488188976376,0.305336529700506
Absolut Peppar Vodka,239.88,19.99,0.3446557666478735
Absolut Raspberri,128021.57999999999,17.684580353782458,0.3049070835257036
Absolut Ruby Red,299239.07,21.995526036131775,0.37923386137099846
Absolut Spark Vodka,24800.019999999997,17.8158064516129,0.30716960635471613
Absolut Vanilia,140681.88,9.65997732915902,0.16655162041932867
Absolut Wild Tea,901.88,14.587222222222222,0.2515042650456677
Acacia Winery Chard Carneros,287.88,23.99,0.41362140279552206
Acacia Winery Pnt Nr Carnero,447.84,27.99,0.4825870389431706
Acacia Winery Pnt Nr Lake,287.90999999999997,31.99,0.5515526750908192
Achaia Cellars Retsina,199.29,9.49,0.16362097176029614
Achaval Ferrer Cab Svgn,229.89999999999998,22.99,0.39637999375860994
Achaval Ferrer Malbec,41945.509999999995,19.58852820932134,0.33773382728800116
Achaval Ferrer Quimera,29358.23,22.99,0.39637999375860994
Acorn Alegria Vyds Cab Franc,2944.94,27.847142857142856,0.480123980509326
Acorn Cve Alegria Russ Syrah,2780.0099999999998,27.72972602739726,0.47809954891986467
Acorn Dolcetto Alegria RRV,3023.0099999999998,30.288507462686567,0.5222165462817447
Acorn Medley Alegria RRV,1934.25,25.79,0.44465593906196393
Acorn Sangiovese Alegria RRV,8434.98,27.77285714285714,0.4788431901237268
Acquese Moscato D'Asti Dolc,14795.66,11.989999999999998,0.20672449435257648
Acrobat King Est Rose Pnt Nr,31785.28,13.99,0.24120731242640073
Acrobat Pnt Gris Oregon,110585.18,12.167276507276508,0.2097809911271659
Acrobat Pnt Nr Ore,32117.719999999998,18.762032902467684,0.3234838836354491
Actum Sinister,8.99,8.99,0.1550002672418401
Acumen Moutainside Red Napa,114829.05,24.99,0.4308628118324342
Adaptation by Odette Cab Svg,49.99,49.99,0.8618980377552377
Adaption by Odette Chard,3294.97,31.99,0.5515526750908192
Adelsheim Auxerrois Ribbon S,901.5899999999999,21.99,0.3791385847216978
Adelsheim Bryan Creek Pnt Nr,2449.65,69.99,1.2067262184934802
Adelsheim Caitlins Rsv Chard,1639.5900000000001,39.99,0.6894839473861163
Adelsheim Chard Willmete Vly,1813.24,24.008867924528303,0.41394671239999214
Adelsheim Elizbth RSV Pnt Nr,2561.45,46.828709677419354,0.8073929382191928
Adelsheim Pnt Gris Ore,12788.15,16.1879797979798,0.27910358117823997
Adelsheim Pnt Nr Ore,33531.43,24.710547945205477,0.42604466464951624
Adissat Cotes du Rhone,1244.17,14.99,0.2584487214633129
Adissat Gabrielle Ch du Pape,639.84,39.99,0.6894839473861163
Adissat Lirac,6176.91,19.99,0.3446557666478735
Admiral Nelson Egg Nog,450.31,6.453414634146342,0.11126596139211176
Admiral Nelson Spiced Rum,122358.39,14.41755035737492,0.2485788830217797
After Shock Hot & Cool Cinmn,87915.35,4.905297092288243,0.08457423361571732
Agave Loco Pepper Cured Teq,15159.74,23.109565217391303,0.3984414665782407
Agave Underground Tequila,24975.95,35.49940170940171,0.6120597054374527
Agavero Orange Liqueur Agave,1209.4499999999998,21.990000000000002,0.3791385847216978
Agavero Tequila Liqueur,805.6899999999999,25.99,0.4481042208693463
Agiorgitiko Argilos Nemea,179.88,14.99,0.2584487214633129
Agua de Piedra Malbec Selccn,134120.52,11.160066765578636,0.19241527598459024
Agua de Piedra Malbec Selecn,707.16,8.418571428571429,0.14514803350646174
Aguardiente Cristal Liqueur,1415.91,12.99,0.22396590338948863
Aichenberg Gruner Veltliner,50.94,8.39,0.1446554218196928
Aizpurua B,536.6999999999999,17.836153846153845,0.307520424106832
Alabaster 07 Tinta de Toro,674.95,134.99,2.327417805892769
Alain Lorieux Chinon Express,485.72999999999996,17.99,0.31017294857404926
Alamos Red Mendoza,25449.13,9.48133069828722,0.1634715007834017
Alamos Ridge Cab Svgn Mendza,50651.64,9.148437618505879,0.15773195502933418
Alamos Ridge Chard Mendoza,30135.94,9.252,0.15951751640951106
Alamos Ridge Malbec Mendoza,382832.11,8.982776945448137,0.1548757316038155
Alamos Slcn Malbec Mendoza,62768.16,15.951630218687873,0.27502858140596576
Alamos Torrontes,31632.47,9.626541998773758,0.16597514821187206
Alate Kosher Wine,7967.74,15.180635451505017,0.2617355452596473
Albatros Malbec Cahors,3196.8,9.99,0.17224167627875223
Albero Sparkling Wh Organic,5.79,5.79,0.09982775832372126
Albert I Noya Xarello Clsc,911.34,5.49,0.0946553356126476
Alberta Rye Dark Batch,5871.33,21.99,0.3791385847216978
Alberto Furque Malbec Mendoz,1379.08,14.99,0.2584487214633129
Albola Chianti,3025.4900000000002,12.025087719298245,0.20732945607316988
Albola Pinot Grigio,64481.99,11.150921010553246,0.1922575902812461
Alderbrook Pnt Nr RRV,21426.09,17.99,0.31017294857404926
Aldial Naia Rueda White,9153.2,13.414929178470256,0.23129228116721334
Alexana Pnt Nr Willamette,919.5999999999999,22.99,0.39637999375860994
Alexana Revana Vyd Pnt Nr,8047.110000000001,42.58712230215828,0.7342619953165139
Alexander Vly Vyd Cab Svgn,63030.82,16.236565934065933,0.2799412746240241
Alexander Vly Vyds Cab Svgn,99.9,9.99,0.17224167627875223
Alexander Vly Vyds Gewurz,5164.83,9.99,0.17224167627875223
Alexander Vly Vyds Merlot,6189.16,16.125135135135135,0.27802005064034824
Alexander Vly Vyds Sin Znfdl,557.74,26.323333333333334,0.4538513572149837
Alexander Vly Wicked Weekend,623.61,15.99,0.275690130500225
Alexanders Crown Cab Svgn,5389.26,72.71727272727273,1.2537482431396043
Alfred Gratien Champagne Bru,7568.39,47.142,0.8127945048181118
Alhambra Red Blend,158.89,14.615,0.25198319307447087
Alias Cab Svgn,912.17,10.99,0.18948308531566435
Alias Chard,582.47,10.99,0.18948308531566435
Alias Pnt Nr,21.98,10.99,0.18948308531566435
Alibi Whiskey,531.72,18.99,0.3274143576109614
Alice White Cab Svgn Ausl,13.99,13.99,0.24120731242640073
Alice White Chard Ausl,43800.57,11.100719677906392,0.19139204857088363
Alice White Lexia Muscato,512.85,8.019411764705882,0.13826595847071949
Alice White Shiraz Ausl,17023.14,10.790714924039321,0.18604712980607419
Alisios Pinot Grigio,119.88,9.99,0.17224167627875223
Alisios Tempranillo Touriga,389.61,9.99,0.17224167627875223
Alize Coco Liqueur,95.94,15.99,0.275690130500225
Alize Gold Passion,19.99,19.99,0.3446557666478735
Alize Red Passion,139.93,19.99,0.3446557666478735
Allan Scott Svgn Bl,455.64,12.156666666666666,0.20959806252539517
Allegrini Amarone Clsc,12398.449999999999,79.99,1.3791403088626015
Allegrini Dedicato A Walter,269.96999999999997,89.99,1.551554399231723
Allegrini La Grola Veronese,629.79,29.99,0.5170698570169948
Allegrini La Poja,539.9399999999999,89.99,1.551554399231723
Allegrini Palazzo Della Tor,67061.20999999999,19.85974063400576,0.34240991163787804
Allegrini Solosole Vermentin,1849.03,19.370952380952378,0.33398251343454693
Allegrini Sondraia,3134.37,49.64909090909091,0.8560202846744721
Allegrini Valpolicella Clsc,19738.41,15.690248756218907,0.270521996696872
Allen's Amaretto Liqueur,101.83,5.99,0.10327604013110368
Allen's Blue Curacao Liqueur,5.99,5.99,0.10327604013110368
Allen's Ginger Brandy,464.7,15.49,0.26706942598176897
Allen's Melon Liqueur,5.99,5.99,0.10327604013110368
Allen's Peach Schnapps,11.98,5.99,0.10327604013110368
Allen's Pomegranate Liqueur,107.82000000000001,5.99,0.10327604013110368
Allen's Sour Apple Liqueur,23.96,5.99,0.10327604013110368
Allens Coffee Brandy,540403.56,11.775389489377563,0.20302430675531447
Allens Coffee Brandy Trv,280.17,8.49,0.146379562723384
Allens Triple Sec,12668.630000000001,2.99,0.05155181302036728
Alma Negra Gran Almanegra,249.95000000000002,49.99,0.8618980377552377
Almaden B/B Wh Znfdl Cal,96892.04,15.690024527839096,0.270518130683658
Almaden Burgundy B/B,89359.33,15.533423057389536,0.26781810067585526
Almaden Cab Svgn Cal B/B,173797.08,16.642439934338157,0.2869391142801653
Almaden Chablis B/B,103053.05,15.697947342759628,0.27065473117642663
Almaden Chard Cal,4935.51,8.99,0.1550002672418401
Almaden Chard Cal B/B,299322.23,16.754161496999895,0.2888653514402593
Almaden Merlot Cal B/B,148332.38999999998,16.6136629916077,0.2864429592397177
Almaden Moscato,1151.36,17.99,0.31017294857404926
Almaden Moscato Rhine,260.71,8.99,0.1550002672418401
Almaden Mt Rhine Calif B/B,106528.44,15.85209286209286,0.27331241712645815
Almaden Pnt Grigio B/B,5560.71,16.887959183673466,0.2911722120843909
Almaden Wh Znfdl Cal,233.73999999999998,8.99,0.1550002672418401
Almaviva Rothschild & CyToro,2999.7000000000003,99.99,1.7239684896008443
Almirez 07 Tinta de Toro,3201.75,25.713404255319148,0.4433353204974345
Alpataco Malbec,575.64,15.99,0.275690130500225
Alpataco Pnt Nr,735.54,15.99,0.275690130500225
Alphonse Dolly Pnt Nr,83.94,13.99,0.24120731242640073
Alphonse Dolly Pouilly-Fume,1914.1599999999999,22.886551724137927,0.3945963997203086
Alphonse Dolly Sancerre Cvee,41356.979999999996,22.98009900990099,0.3962092867384425
Alta Classe Mntplcno Abruzzo,327.59000000000003,7.990000000000001,0.13775885820492795
Alta Vista Malbec Mendoza,137.88,11.49,0.19810378983412041
Alta Vista Rose,258.77,11.30578947368421,0.194927740801005
Altadonna Nero D'Avola,1594.8600000000001,13.99,0.24120731242640073
Altadonna Vermentino,530.41,8.99,0.1550002672418401
Alter Ego de Palmer Mrgx 11,2240.73,82.99,1.4308645359733378
Altitude Project Cab Svgn,87.89,7.989999999999999,0.13775885820492795
Altitude Project Chard,135.82999999999998,7.989999999999999,0.13775885820492795
Alto Ego De Palmer Margaux,2665.69,85.99,1.4825887630840742
Alto Moncayo Garnacha,12237.45,47.99,0.8274152196814133
Alto Moncayo Veraton Garnach,12446.34,21.99,0.3791385847216978
Altocedro Finca Tanos Malbec,1783.9499999999998,16.99,0.29293153953713713
Altocedro Malbec Reserva,239.92,29.99,0.5170698570169948
Altos del Cuco Red,8145.54,7.286103896103897,0.12562269755816644
Alverdi Pnt Grigio,14932.98,8.772818532818532,0.15125575273092767
Alverez de Toledo Godello,2115.99,10.521746031746032,0.1814097271158404
Alverez de Toledo Mencia Rbl,5350.84,10.473870967741936,0.18058429355467745
Amadeo Chianti,191.76,7.99,0.13775885820492795
Amador Double Barrel Bourbon,29952.510000000002,39.99,0.6894839473861163
Amapola Creek 09 Cab Svgn,2507.56,56.74,0.9782775487543945
Amapola Creek Cab Svgn 10,338.96999999999997,112.99,1.9481068070807017
Amapola Creek Chard RR 14,551.7,15.934444444444445,0.2747322744426188
Amapola Creek Cuvee Alis Org,149.94,24.99,0.4308628118324342
Amapola Creek Znfdl 09,287.96,71.99,1.2412090365673045
Amaras Cupreata Mezcal,6303.83,53.868504672897195,0.9287689232722331
Amaretto DiSaronno,1546173.66,17.514539629685686,0.30197534184861846
Amaretto DiSaronno Summer Pk,52419.85999999999,22.771065088757396,0.39260524740141617
Amaretto Villa Vittoria Liq,5936.5199999999995,17.067922077922073,0.29427502595559774
Amaretto di Amore,201082.33000000002,11.240321905681634,0.19379898768242074
Amaretto di Amore VAP,9650.35,9.322758620689655,0.16073749473170912
Amaro Montenegro Liqueur,24380.25,25.026784741144414,0.431497032600822
Amaro Sfumato Rabarbaro,43.98,21.99,0.3791385847216978
Amarula Cream Liqueur,108737.40999999999,21.217091633466133,0.3658125554262358
Amauta Corte IV -Red Blend,113.93999999999998,19.189999999999998,0.3308626394183438
Amayna Chard,51.98,25.99,0.4481042208693463
Ame Neyers Cab Svgn Napa,1999.75,79.99,1.3791403088626015
American Harvest Organic,51896.09,19.678581314878894,0.3392864697159632
American Thread Pnt Nr,2350.32,13.99,0.24120731242640073
Americano Petite Syrah,1560.12,17.528461538461535,0.3022153751723975
Amrut Fusion Single Malt,5384.19,66.54172413793103,1.1472730838834382
AnCnoc 12 Yr Old Scotch,58483.83,38.51754072924748,0.6640966748088786
Anakota 11 Helena Montana CS,1919.76,79.99,1.3791403088626015
Anakota Cab Svgn Helena Dako,1359.83,79.99,1.3791403088626015
Anarkos Puglia,299.76,12.49,0.21534519887103257
Anastasi Estates Dry Wh Mesn,47.96,11.99,0.20672449435257648
Anastasi Estates Messinia Rd,323.73,11.99,0.20672449435257648
Ancho Reyes Chile Liqueur,11224.73,26.58040590405904,0.4582836505590362
Anderra Cab Svgn,4374.21,9.110481927710845,0.15707754543905844
Anderra Carmenere,107.88,8.99,0.1550002672418401
Anderra Svgn Bl,5655.8,9.164757281553399,0.15801332901528103
Andre Bjls Vlgs La Treille,2795.88,13.230963855421688,0.2281204597839253
Andre Bourgogne Pnt Nr RSV,12986.04,16.331040462427744,0.2815701486110794
Andre Brut,140239.79,5.865321998969604,0.10112641571743405
Andre Cold Duck,15360.84,5.858902439024391,0.10101573345858167
Andre Extra Dry,244003.85,5.386504938673614,0.09287093492701907
Andre Jacquart Brut Experien,499.90000000000003,49.99,0.8618980377552377
Andre Moscato,558.04,5.805789473684211,0.1000999910979883
Andre Pink,52191.44,5.868833433553819,0.10118695779740688
Andre Pink Moscato,240.57999999999998,5.64625,0.09734930577466513
Andre Spumante Calif,2295.15,5.860967741935484,0.10105134219085694
Andrew Will Two Blondes WA,803.88,66.99,1.1550019913827436
AnestasiA Vodka,7990.389999999999,30.890552486187843,0.5325966507905676
Anew Rose,14112.27,10.28171270718232,0.17727121438454757
Anew Rsl,13142.64,10.568143360752057,0.18220968244345348
Angel's Envy NH Blend Bourbn,6346.62,45.99,0.792932401607589
Angel's Envy Rye,34475.689999999995,79.99,1.3791403088626015
Angela Yamhill-Carlton Pnt N,1072.71,36.99,0.6377597202753799
Angeline Cab Svgn California,18956.13,8.622475247524752,0.14866362265322444
Angeline Chard Cal,217.76,9.74,0.16793132401952418
Angeline Chard RRV,22166.09,13.129917695473251,0.22637828160864504
Angeline Pnt Nr,223629.58000000002,9.831710008879867,0.16951253379540082
Angeline Pnt Nr Rsv,190470.9,13.513735542896601,0.23299584211173816
Angeline Rsv Cab Svgn,20447.39,15.108742724097787,0.26049601333964
Angeline Svgn Bl RRV,255.15,7.29,0.12568987187908945
Angelini Pnt Grigio Veneto,58661.03,10.328303512259774,0.178074505512247
Angelini Pnt Nr Veneto,31536.69,10.08452736318408,0.17387146121258967
Angelini Sangiovese Pesaresi,1888.81,16.166470588235295,0.27873273209497423
Angels & Cowboys Rose,12087.36,13.99,0.24120731242640073
Angels Envy Hanover Chop,275.94,45.99,0.792932401607589
Angels Envy Whiskey,160767.84,49.99,0.8618980377552377
Angels Landing Cab Svgn,4817.59,19.99,0.3446557666478735
Angels Landing Chard,119.94,19.99,0.3446557666478735
Angels Landing Pnt Nr Sonoma,79.96,19.99,0.3446557666478735
Angels Landing Rsv Cab Svgn,1259.58,29.99,0.5170698570169948
Angels Landing Svgn Bl,461.71999999999997,16.49,0.28431083501868104
Angoves Nine Vines Moscato,395.67,11.99,0.20672449435257648
Anima Negra Quibia,363.74,13.99,0.24120731242640073
Animo Cab Svgn,5179.26,69.99,1.2067262184934802
Anna de Codorniu Brut Cava,20522.89,11.467272727272727,0.19771193962873604
Anna de Codorniu Brut Rose,191.88,15.99,0.275690130500225
Annabella Cab Svgn Napa,1039.35,15.99,0.275690130500225
Anne Amie Pnt Nr,23639.89,23.494838709677417,0.40508412444982517
Anne Amie Twelve Oaks Pnt Nr,1329.65,37.99,0.6550011293122919
Anne Pichon Gris Montagne Ro,29.98,14.99,0.2584487214633129
Ansac VS Cognac,25.98,12.99,0.22396590338948863
Anselmi San Vincenzo,1797.0,5.99,0.10327604013110368
Antech Limoux Brut,1618.65,11.989999999999998,0.20672449435257648
Antech Limoux Emotion Sprklg,1664.81,13.99,0.24120731242640073
Anterra Chardonnay,4634.2,7.99,0.13775885820492795
Anthology Conn Crk Cab Napa,4164.9400000000005,39.50063829787234,0.6810466621127337
Antica Cab Svgn Napa Valley,2791.4,46.46619047619048,0.801142596387071
Antica Chard Napa Valley,1193.62,31.275714285714283,0.5392373829215962
Antica Fratta Franciacorta B,6680.38,19.495524861878454,0.33613031853293635
Antico Colle Chianti Colli,263.76,10.99,0.18948308531566435
Antico Colle Rosso di Montep,11538.45,9.99,0.17224167627875223
Antico Colle Toscana Rosso,129.87,9.99,0.17224167627875223
Antigal Uno Cab Mendza,782.52,16.49,0.28431083501868104
Antigal Uno Malbec Mendoza,41807.12,15.64875,0.26980649966637876
Antinori Badia Chianti Clsc,455.88000000000005,37.99,0.6550011293122919
Antinori Bolgheri Guado,5948.39,97.59606060606059,1.6826936013003575
Antinori Brnllo Mntlcno Pain,1413.74,54.444545454545455,0.9387006780105736
Antinori Cervaro della Salla,271.92,35.99,0.6205183112384678
Antinori Chianti Clsc Pepoli,10940.35,23.63,0.4074144955422337
Antinori Orvieto Clsc Campo,8881.82,11.762040302267001,0.202794147960031
Antinori Tenuta Marchese,21272.48,38.488591549295776,0.6635975501560482
Antinori Tignanello,9115.970000000001,88.61,1.527761254760784
Antinori Toscana Rd,137534.81,18.348917510853834,0.31636119218919057
Antinori Villa Chianti Class,31553.89,28.508055555555554,0.49151904668034874
Antinori Villa Wh,29022.83,13.189275362318842,0.22740169142220662
Antiquary 12 Yr Old Scotch,134.94,22.49,0.38775928924015385
Anton Bauer Gmork Rose,167.88,13.99,0.24120731242640073
Anton Bauer Pnt Nr,55.97,18.99,0.3274143576109614
Anton Bauer Pnt Nr Rsv,134.97,44.99,0.775690992570677
Anton Bauer Wagram Rsv,224.91,24.99,0.4308628118324342
Apaltagua Envero Gran Rsv,750.5,15.156666666666666,0.2613222896361316
Apaltagua Grial Carmenere,674.91,74.99,1.2929332636780408
Apaltagua Rose Carmenere,7671.02,10.99,0.18948308531566435
Aperol Liqueur,118710.73999999999,28.781076487252122,0.4962263122393681
Apimed Old Slavic Mead Dark,953.0999999999999,10.365,0.17870720466759427
Apimed Old Slavic Mead Light,635.4,10.59,0.18258652170089948
Apimed Slovak Mead,464.58,10.74,0.1851727330564363
Apimed Trnava Mead,335.7,10.74,0.1851727330564363
Apothic Crush,108390.36,9.314765926640927,0.1605996894243081
Apothic Dark,243756.84,9.038059769074032,0.155828885378665
Apothic Inferno,47582.37,12.99,0.22396590338948863
Apothic Winemakers Red Blend,812899.38,9.26593238892466,0.15975773042582248
Apothic Winemakers White,147400.08,9.040059696923313,0.15586336695275876
Apple Orchard Liqueur,2017.98,9.99,0.17224167627875223
Appleton Est VX Jamaican Rum,48949.89,20.310292123109022,0.35017805415369724
Appleton Estate Reserve Rum,49021.39,22.66580743449116,0.3907904571299461
Appleton Special Gold Rum,154424.54,18.094691988509414,0.31197798597082776
Appolo Vyds China Girl,901.4,15.146862745098039,0.26115325621420105
Appolo Vyds Seyval,715.52,14.894255319148936,0.25679794825765107
Aquilon 06 Garnacha de Borja,629.93,89.99,1.551554399231723
Aquinas Cab Svgn,3592.35,14.063394495412846,0.2424727369428714
Aquinas Napa Chard,643.54,13.99,0.24120731242640073
Aquitania Cab Svgn,2526.42,15.99,0.275690130500225
Arabella Chard,131.88,10.99,0.18948308531566435
Arak Razzouk,18801.449999999997,21.99,0.3791385847216978
Arak-Gantous & Abouraad,23676.829999999998,19.44631067961165,0.33528179668605723
Arca Nova Rose,263.76,10.99,0.18948308531566435
Arca Nova Vinho Verde,55629.54,9.253281775386686,0.15953961602324637
Arcanum Toscana Rosso,1614.81,84.99,1.465347354047162
Arcanum Valadorna Toscana,129.98,64.99,1.1205191733089195
Archetype Shiraz/Cab Barossa,142.89000000000001,12.99,0.22396590338948863
Archvist Gerston Scotch,17151.81,54.31421875,0.9364536619890725
Ardbeg 10 Yr Single Malt Sc,139529.88,44.8588524590164,0.7734298241723934
Ardbeg 21 Yr Single Malt,7499.85,499.99,8.620532104365699
Ardbeg Auriverdes Scotch,3959.58,94.6775,1.6323735040922482
Ardbeg Corryvreckan Scotch,41324.24,71.61995594713656,1.2348289556902092
Ardbeg Dark Cove Com Release,7259.34,109.99,1.8963825799699654
Ardbeg Dark Cove Giftbox,27167.53,109.99,1.8963825799699654
Ardbeg Exploration Pk +50mls,41806.93,45.99564971751413,0.7930298106981931
Ardbeg Perpetuum Single Malt,13228.619999999999,94.99,1.6377614444162834
Ardbeg Uigeadail Scotch,47357.74,75.69754716981132,1.3051323738456673
Ardmore Legacy Single Malt,29665.960000000003,36.900614525139666,0.6362185887413542
Areo Pnt Nr,47.96,11.99,0.20672449435257648
Aresti Est Chardonnay,84.83000000000001,4.99,0.08603463109419154
Aresti Pnt Nr Curico Vly,94.81,4.99,0.08603463109419154
Argentiera Poggio Ginerpi Bo,227.88,18.99,0.3274143576109614
Argiano Non Confunditur Rsso,263.88,21.99,0.3791385847216978
Argiola Costera Isola dei N,149.85,9.99,0.17224167627875223
Argiola Turriga 05 Isola Nur,794.6999999999999,26.49,0.45672492538780235
Argiola Vermentino Costamol,8970.11,10.28568345323741,0.1773396756414651
Argiolas SerraLori Rose 13,503.4,7.573333333333333,0.1305749377728812
Argyle Brut,14523.109999999999,21.164311926605503,0.3649025589114034
Argyle Willamette Pnt Nr,40334.71,21.016678932842684,0.3623571580785947
Arindo Verdejo Rueda,708.37,11.166470588235295,0.19252568691041355
Armand De Brignac Brut,38861.66,293.00063829787234,5.05174385296996
Armand Kabinett Rsl,577.6999999999999,19.22076923076923,0.33139314431178724
Armand de Brignac Brut Rose,9239.78,419.99,7.241219381412726
Armas de Guerra Rosado Mncia,10814.27,13.989999999999998,0.24120731242640073
Armorik Single Malt Whiskey,1199.8,59.989999999999995,1.0343121281243588
Arnaldo Caprai Grecante Grec,1614.1499999999999,18.99,0.3274143576109614
Arpa Brunello di Montalcino,28727.02,31.990000000000002,0.5515526750908192
Arpa Pnt Grigio,14885.1,9.99,0.17224167627875223
Arrogant Frog Chardonnay,239.76,9.99,0.17224167627875223
Arrogant Frog Pnt Nr,2607.39,9.99,0.17224167627875223
Arrosta Coffee Liqueur,1479.55,32.944545454545455,0.5680103837169626
Arrow Apricot Brandy,575.28,7.989999999999999,0.13775885820492795
Arrow Blackberry Brandy,10085.59,7.015110782865584,0.12095039444663842
Arrow Blackraspberry Liqueur,383.52,7.99,0.13775885820492795
Arrow Blue Curacao,4554.3,7.990000000000001,0.13775885820492795
Arrow Brown Creme de Cacao,24832.920000000002,7.99,0.13775885820492795
Arrow Cherry Brandy,11353.79,7.99,0.13775885820492795
Arrow Coffee Brandy,313194.52,9.740231941683234,0.16793532302095754
Arrow Creme de Banana,21373.25,7.99,0.13775885820492795
Arrow Creme de Strawberry,3835.2000000000003,7.99,0.13775885820492795
Arrow Ginger Brandy,93900.6,7.332990342990343,0.1264310859672231
Arrow Kirsch,17023.510000000002,10.99,0.18948308531566435
Arrow Peppermint Schnapps,134082.63,6.443682487725042,0.11109816547485499
Arrow Sloe Gin,14086.37,7.99,0.13775885820492795
Arrow White Creme de Cacao,29666.87,7.99,0.13775885820492795
Arrowood Cab Svgn Sonoma Vly,8667.01,29.35296296296296,0.5060864408897767
Arrowood Chard Sonoma Cty,534.99,10.49,0.1808623807972083
Arrowood Sonoma Est Cab Svgn,1766.96,16.99,0.29293153953713713
Art In The Age Root Liqueur,34674.74,30.822139201637665,0.5314171093680794
Art In The Age Sage,20027.48,30.695544933078395,0.5292344458021203
Art In The Age Snap,35592.47,30.841926977687628,0.5317582785088876
Art in the Age Chicory Root,8996.4,24.989999999999995,0.4308628118324341
Art in the Age Rhubarb Tea,28164.03,31.361313672922254,0.5407132369697578
Art of Eart Montepulciano d',2160.89,7.49,0.12913815368647188
Artesa Cab Svgn Estate Rsv,559.92,69.99,1.2067262184934802
Artesa Carneros Chard,50184.02,16.29774456521739,0.2809960804280247
Artesa Carneros Pnt Nr,50959.46,20.792828618968386,0.35849766325404675
Artesa Elements Cab Svgn,544.36,8.906666666666666,0.15356348315543072
Artesa Elements Napa Red,744.3299999999999,10.347142857142856,0.17839932236336367
Artesa Rsv Chard,2724.72,23.047971014492752,0.3973794957317643
Artesa Rsv Pnt Nr,2858.68,26.710930232558137,0.46053407389595735
Asamai Shuzo Heavens Door,119.96,29.99,0.5170698570169948
Asbach Uralt German Brandy,44350.95,23.302688821752266,0.40177118963571085
Ashuelot Gin,9884.91,31.99,0.5515526750908192
Ashuelot Vodka,12877.48,28.489999999999995,0.49120774346162654
Aska Bolgheri Rosso,434.84999999999997,28.99,0.4998284479800827
Aslanoff Vodka,43075.21,13.99,0.24120731242640073
Assyrtiko-Athiri Atlantis,191.88,15.99,0.275690130500225
Astoria Sparkling Moscato,43.96,10.99,0.18948308531566435
Astraly Touraine Nobel Rose,89.94,14.99,0.2584487214633129
Astrolabe Pnt Nr Marlborough,389.84999999999997,25.99,0.4481042208693463
Astrolabe Svgn Bl Marlboro,90.93,12.99,0.22396590338948863
Aszu Royal Tokaji 5 Puttony,9098.050000000001,46.82076923076923,0.8072560337305622
Atalon Cab Svgn Napa,1589.47,29.99,0.5170698570169948
Atalon Pauline's Cuvee Red N,2358.8199999999997,19.99,0.3446557666478735
Atalon Svgn Bl Napa Valley,2118.94,19.99,0.3446557666478735
Atamisque Assemblage,5344.38,32.99,0.5687940841277314
Atamisque Malbec,23657.879999999997,21.278071065989845,0.3668639267652159
Atelie Pink Moscato,329.78000000000003,14.99,0.2584487214633129
Atelie Prosecco,65.96,16.49,0.28431083501868104
Atholl Brose Scotch Liqueur,329.94,54.99,0.9481050829397982
Atlantico Platino Rum,79.96,19.99,0.3446557666478735
Atlas Peak Cab Svgn,559.84,34.99,0.6032769022015555
Atteca Garnacha Old Vines,10674.26,15.85341463414634,0.27333520633908576
Attems Pnt Grigio Ramato,12815.33,16.662131147540983,0.2872786185414282
Attitude 13 Rose Jolivet,2350.32,13.99,0.24120731242640073
Attrezzi 10 Moscato d'Asti,155.88,12.99,0.22396590338948863
Au Bon Climate Pnt Nr,2155.02,21.99,0.3791385847216978
Au Contraire Chard RRV,21128.05,14.189367088607595,0.24464468194958258
Au Petit Bonheur Pallieres R,224.85000000000002,14.99,0.2584487214633129
Auchentoshan 12 Yr Sngle Mlt,35098.47,46.60066235864297,0.803461081116398
Auchentoshan 18 Yr Scotch,1949.8500000000001,129.99,2.241210760708208
Auchentoshan 21 Yr Scotch,5399.76,224.99,3.879144619214861
Auchentoshan American Oak,36451.450000000004,38.19169082125604,0.658478563260558
Auchentoshan Classic Scotch,359.88,29.99,0.5170698570169948
Auchentoshan Three Wood,24546.5,70.14827338129496,1.2094550746000416
Aultmore 12 Yr Scotch,16593.72,50.615,0.8726739184033075
Auspicion Cabernet Sauvignon,41.97,13.99,0.24120731242640073
Austerity Cab Svgn,209.85,13.99,0.24120731242640073
Austerity Chard,265.81,13.99,0.24120731242640073
Austerity Pnt Nr,55.96,13.99,0.24120731242640073
Austerity White,35.96,8.99,0.1550002672418401
Austin Cocktails Vodkarita,2353.43,14.99,0.2584487214633129
Austin Hope 10 Grenache,1111.48,20.589999999999996,0.35500061207002076
Austin Hope 10 Syrah,455.88,37.99,0.6550011293122919
Autard Chntf du Pape,279.92,34.99,0.6032769022015555
Auvigue Saint-Veran 13,314.82,17.49,0.30155224405559317
Avalon Cab Svgn Cal,24047.34,10.687027804410354,0.1842594177646919
Avalon Cab Svgn Napa,24770.62,18.564599260172624,0.3200798494509926
Avalon Merlot Napa Vly,9.99,9.99,0.17224167627875223
Avancia 15 Cuvee De O Rose M,4196.53,16.99,0.29293153953713713
Avancia Cuvee De O Valdeoras,2369.43,15.0890099009901,0.26015579166498737
Avante Tinto Fino Ribera Del,892.53,18.99,0.3274143576109614
Aveleda Follies,3429.36,12.99,0.22396590338948863
Averna Amaro,34815.92,28.828445807770958,0.4970430260702339
Aviary Cab Svgn,119.94,19.99,0.3446557666478735
Aviary Chard,215.88,17.99,0.31017294857404926
Aviary Red Blend,5894.719999999999,18.00503759398496,0.31043221788287495
Aviation American Gin,22239.23,25.38667128987517,0.43770198379437153
Avinyo Cava Brut,35.98,17.99,0.31017294857404926
Avion Anejo Tequila,37473.18,54.93854202401373,0.9472178749276073
Avion Espresso,202.93,28.99,0.4998284479800827
Avion Reposado Tequila,8250.28,47.87392857142857,0.8254139847039146
Avion Reserva 44 Extra Anejo,37427.11,129.5471955719557,2.2335761884409404
Avion Silver Tequila,152901.77,51.657555555555554,0.890649045180346
Avion Tasting Flight 3/375mL,9852.960000000001,48.479932885906045,0.8358623529679542
Avion Tequila 3/50ml Sampler,24005.97,9.99,0.17224167627875223
Ayala Brut Majeur,8117.150000000001,44.35585365853659,0.7647574161082449
Ayala Rose Majeur,2607.56,59.04882352941177,1.0180849196190298
B & B Dom VAP,1319.48,25.51631578947368,0.43993723764133524
B & B Liqueur Dom,322338.36,20.284810798849303,0.3497387202193332
B & G Bistro Girls Night Out,33.96,8.99,0.1550002672418401
B & G CDP Rose,2572.73,11.200526315789475,0.1931128556392248
B & G Cotes du Rhone Red,155.88,12.99,0.22396590338948863
B & G Pnt Nr Bistro,6114.81,8.399574468085108,0.14482049914025902
B & G Pouilly Fuisse,209.92999999999998,29.99,0.5170698570169948
B & G Sancerre Svgn Bl,243.91,25.99,0.4481042208693463
B & G Sauternes,6997.139999999999,18.106666666666662,0.3121844462950223
B & G Vouvray,18135.66,11.168194607268463,0.19255541142775184
B Doon Not Drinking Any Merl,54035.91,9.99,0.17224167627875223
B Doon The Heart Has Rieslin,27493.59,7.99,0.13775885820492795
B Side Cab Svgn,887.63,23.99,0.41362140279552206
B Side Napa Vly Red,1259.46,23.674210526315786,0.4081767473101814
BR Cohn Olive Hill Cab Svgn,99.98,49.99,0.8618980377552377
BR Cohn Silver Cab Svgn Snm,50490.92,20.983079584775087,0.36177785797518763
BT Termanthia 10 Toro Red,2771.82,153.99,2.6550045775940996
BV Beaurouge Red,6880.41,14.99,0.2584487214633129
BV Coastal Estate Cab Svgn,40100.79,8.874615384615383,0.15301087389142712
BV Coastal Estate Chard,19073.77,8.937904869762175,0.15410207379257854
BV Coastal Estate Merlot,15790.38,8.94351609058403,0.15419881914596456
BV Coastal Estate Moscato,164.85,10.99,0.18948308531566435
BV Coastal Estate Pnt Nr,23527.71,8.95941678520626,0.15447296952591746
BV Coastal Estate Red,450.59,10.99,0.18948308531566435
BV Coastal Estate Svgn Bl,560.35,8.767777777777777,0.15116884301141514
BV GDL Private Rsv Cab Svgn,4799.6,119.99,2.0687966703390868
Babich Svgn Bl Marlboro,20320.420000000002,13.988577524893314,0.2411827869512415
Bacardi 151 Proof,161219.35,19.99,0.3446557666478735
Bacardi 1873 Solera Rum,2353.43,14.99,0.2584487214633129
Bacardi 8,57553.189999999995,21.504664143803215,0.37077071070472906
Bacardi 8 Gift Set,869.65,24.605384615384615,0.4242315006643911
Bacardi Anejo Mexican Rum,2476.23,13.99,0.24120731242640073
Bacardi Artic Grape Rum,195.85999999999999,13.99,0.24120731242640073
Bacardi Black,167766.34,17.87428459734167,0.308177851984946
Bacardi Black Razz,37736.47,12.21635814889336,0.21062722778648515
Bacardi Coco Rum,72356.79,11.384347240915208,0.19628218739886116
Bacardi Coconut,5752.89,0.99,0.01706899494654301
Bacardi Dragon Berry,3203.64,0.9899999999999999,0.01706899494654301
Bacardi Dragon Berry Rum,322292.83,11.924115997897319,0.2055885613233354
Bacardi Dragon Berry Trav,709.29,9.989999999999998,0.17224167627875217
Bacardi Gold Rum,597005.62,14.091930117976768,0.2429647312836189
Bacardi Gold Rum Traveler,213320.77,18.058454686289696,0.3113532038208634
Bacardi Gran Reserva Maestro,12064.359999999999,21.099725685785536,0.3637890011152698
Bacardi Grand Melon,24690.35,11.72861967694567,0.20221792928859653
Bacardi Grapefruit Rum,22313.34,2.5889135355364417,0.04463651722738215
Bacardi Limon & Mango 2 Pak,439.78,19.99,0.3446557666478735
Bacardi Limon Rum,435023.89999999997,12.512320980214923,0.21573004402102286
Bacardi Limon Traveler,409.59000000000003,9.99,0.17224167627875223
Bacardi Mango Fusion,86888.22,8.597728706624606,0.14823695741931636
Bacardi Mojito Cocktail,59087.82,17.453048498845263,0.3009151481096564
Bacardi O Orange Rum,2294.35,14.176046511627908,0.2444150164332681
Bacardi Oakheart Spiced Rum,306271.89999999997,14.365041759465477,0.24767356080726824
Bacardi Oakheart Spiced Trav,399.6,9.99,0.17224167627875223
Bacardi Party Drinks Bahama,72655.53,14.539131301623469,0.25067510981266294
Bacardi Party Drinks Hurricn,159.9,15.99,0.275690130500225
Bacardi Party Drinks Rum Run,303.81,15.99,0.275690130500225
Bacardi Party Drinks Zombie,52286.16,14.705913406760349,0.25355066830736517
Bacardi Party Mai Tai,34810.2,14.760278637770897,0.25448800149260425
Bacardi Peach Red Rum,287.76,11.99,0.20672449435257648
Bacardi Pineapple Fusion,155020.07,12.007081612146923,0.20701900541461146
Bacardi Pineapple Fusion Trv,919.08,9.99,0.17224167627875223
Bacardi Raspberry Rum,48237.9,4.594854900529294,0.07922177280528576
Bacardi Reserva Limitada,2879.68,89.99,1.551554399231723
Bacardi Strawberry Daquiri,83.88,6.99,0.12051744916801582
Bacardi Superior Rum,3164376.06,10.81485850188429,0.18646339910731383
Bacardi Superior Rum Trav,1623375.63,14.287453209127424,0.24633582487430883
Bacardi Tangerine,17399.25,0.99,0.01706899494654301
Bacardi Tangerine Rum,11563.37,11.044698457223001,0.19042616379033414
Bacardi Torched Cherry Rum,57060.38,11.595110336817653,0.19991604014520117
Bacardi Twin Pack 2/750mls,67253.9,19.820055074744293,0.3417256766777924
Bacio Divino 12 Pazzo,45585.27,21.99,0.3791385847216978
Backbone Blended Bourbon,20896.170000000002,31.353984674329503,0.5405868747071892
Backhouse Cab Svgn,55.92,6.99,0.12051744916801582
Backhouse Chard,12736.39,6.5569216061185465,0.11305056743405673
Backhouse Pnt Grigio,39.95,7.74,0.1334485059456999
Backhouse Pnt Nr,18226.4,6.636112600536193,0.1144159317608512
Badenhorst Secateurs Chen Bl,6785.28,14.362483221476511,0.247629448007264
Badenhorst Secateurs Red,4045.17,14.301881188118813,0.2465845835616753
Baglio di Grisi Nero d'Avola,727.48,13.99,0.24120731242640073
Bagordi Cosecha Rioja,27.98,13.99,0.24120731242640073
Bailey's 50mL 4 Pack,47482.73,5.99,0.10327604013110368
Bailey's Espresso Creme,115722.07999999999,20.403756891572588,0.3517895184573178
Baileyana Firepeak Cve Chard,285.74,10.99,0.18948308531566435
Baileys Chocolate Cherry,102789.76999999999,20.539564270152503,0.3541310290216449
Baileys Coffee,498.69,16.204285714285714,0.2793847181509919
Baileys Espresso Creme,10360.35,0.9900000000000001,0.01706899494654301
Baileys Irish Cream,4150122.07,18.221929387875416,0.31417173801809
Baileys Irish Cream Mini's 4,245204.17,10.126343993085566,0.1745924388332664
Baileys Irish Cream w/4 Glss,241001.44,19.988834951456308,0.3446356795693839
Baileys Pumpkin Spice,91270.84,11.628076152304608,0.20048441725424712
Baileys Salted Caramel,231351.05,20.6016979347312,0.3552023009476085
Baileys Vanilla Cinnamon,68132.62999999999,20.483139628732847,0.35315818869916754
Bain's Cape Mountain Whisky,2807.15,33.00449275362319,0.5690439596210198
Baja Luna Black Raspberry,88925.01,10.36288793940571,0.17867078976697737
Baja Rosa Strawberry Liqueur,44336.04,10.363051948051949,0.17867361750713276
Bak's Krupnik Honey Liqueur,704.53,14.99,0.2584487214633129
Bakers Bourbon,48827.79,39.99,0.6894839473861163
Bakon Vodka,2049.18,24.99,0.4308628118324342
Balcones Baby Blue Corn Whis,275.94,45.99,0.792932401607589
Balcones TX Whisky Single Ba,389.94,64.99,1.1205191733089195
Ballantines,112041.26999999999,28.923834586466164,0.49868766302124945
Ballard Lane Chardonnay Cent,19.98,9.99,0.17224167627875223
Ballatore Gran Spumante,92932.26,8.05335260115607,0.1388511463150121
Ballatore Rose Moscato,327.59,7.99,0.13775885820492795
Balletto 15 Rose Pnt Nr RRV,9956.14,16.99,0.29293153953713713
Balletto Vyds Pnt Gris,30694.4,11.989999999999998,0.20672449435257648
Balvenie 12 Yr Doublewood S,456461.78,57.95171485543371,0.9991692202130299
Balvenie 12 Yr Single Barrel,16237.82,74.4278698224852,1.2832413473555162
Balvenie 14 Yr Caribean Cask,299856.37,70.5170358306189,1.2158130588262892
Balvenie 15 Yr Sherry Cask,85631.95999999999,106.21033898305085,1.831215898355874
Balvenie 15 Yr Single Malt,899.9000000000001,89.99,1.551554399231723
Balvenie 17 Yr Doublewood,94993.34000000001,142.47587570621468,2.4564848509430997
Balvenie 25 Yr Old Scotch,2999.95,599.99,10.34467300805691
Balvenie 30 Yr Single Barrel,2999.9700000000003,999.9900000000001,17.241236622821766
Balvenie Portwood 21 Yr Sin,78421.39,216.87741721854306,3.7392722611339515
Balvenie Tun 1509 Batch 3 SB,1999.95,399.99,6.8963912006744845
Bandol Dom Gros Nore,281.94,46.99,0.8101738106445011
Banfi Brunello Montalcino,111974.13,59.246194251734394,1.021487868974505
Banfi Centine Bianco Toscana,4649.83,11.157247386759582,0.19236666592114096
Banfi Centine Mntcln Tscna,131280.55,10.113821158074762,0.17437652751254332
Banfi Centine Rose Toscana,14138.98,10.078348271446863,0.1737649249644717
Banfi Chianti Clsc RSV,219699.09,15.597196969696968,0.26891765278383184
Banfi Chianti Clsc Tuscany,32726.35,13.287257227575983,0.22909103683930462
Banfi Chianti Superiore,13517.0,10.369746835443038,0.1787890467990986
Banfi Grappa Castello,1984.48,38.17421052631579,0.6581771783454073
Banfi Pnt Grigio Rime,7485.78,9.130127388535032,0.15741626086484686
Banfi Pnt Grigio San Angelo,156530.98,15.420882035799009,0.26587773488918104
Banfi Poggio All'Oro Br Mont,3755.75,149.45153846153846,2.5767551058111904
Banfi Poggio Alle Mura Montl,9308.6,66.32783783783785,1.14358538269614
Banfi Poggio Alle Mura Rsva,1876.82,103.49,1.7843134212300364
Banfi Principessa Gavia Gav,62798.38,14.45307765602668,0.24919142370981123
Banfi Rosa Regale,98405.08,15.06730378578024,0.2597815476540518
Banfi Rosso di Montalcino,47286.619999999995,19.478779803646564,0.3358416101346134
Banfi Sangiovese CollePino,25937.94,9.068048780487805,0.1563459381910625
Banfi Summus Tuscany Red,2902.52,60.682307692307695,1.0462484882268366
Banknote Counterfeit,579.71,19.99,0.3446557666478735
Banknote The Vault Red,96.97,32.32333333333333,0.5572998114364565
Banrock Station Merlot Ausl,116.87,8.99,0.1550002672418401
Banshee 12 Marine Layer Pnt,1221.74,46.99,0.8101738106445011
Banshee Cab Svgn Napa Vly,6997.9400000000005,34.07943089430895,0.5875774077939608
Banshee Chard,670.64,18.31,0.31569019946586113
Banshee Mordecai Proprietary,4977.51,19.99,0.3446557666478735
Banshee Pnt Nr Sonoma Cnty,43594.189999999995,18.341629502572896,0.31623553665735454
Banshee Rose 14 Pnt Nr Sonom,203.88,16.99,0.29293153953713713
Banyan Gewurz Monterey,55.96,13.99,0.24120731242640073
Baracchi O'Lillo,18596.49,11.99,0.20672449435257648
Barbarossa Spiced Rum,945.14,10.99,0.18948308531566435
Barbera d'Alba Alessandria,5085.53,20.62068181818182,0.3555296098472897
Barberis Malbec Mendoza,5463.8,13.026363636363637,0.2245928637181036
Barboursville Rsv Cab Franc,143.94,23.99,0.41362140279552206
Barco Negro Douro,43297.81,7.989999999999999,0.13775885820492795
Barco de Piedra Temp Red,407.76,16.99,0.29293153953713713
Barcraft Watermelon Fresca V,6294.75,11.99,0.20672449435257648
Barefoot Bubbly Berry Fusion,109.89,9.99,0.17224167627875223
Barefoot Bubbly Brut Cuvee,53196.75,9.99,0.17224167627875223
Barefoot Bubbly Brut Cve,257728.91,8.26072873040565,0.14242660298389567
Barefoot Bubbly Moscato,100847.39,8.272673964034402,0.14263255564293045
Barefoot Bubbly Peach Fusion,26823.15,9.99,0.17224167627875223
Barefoot Bubbly Pink Moscato,203011.37,8.632108514362194,0.14882971374713053
Barefoot Bubbly Prosecco,31863.170000000002,10.667076411960133,0.18391542764660168
Barefoot Bubbly Red Moscato,16563.420000000002,9.99,0.17224167627875223
Barefoot Bubbly Tropical Fus,459.54,9.99,0.17224167627875223
Barefoot Cab Svgn Cal,129869.29000000001,8.94504082955282,0.1542251077942
Barefoot Cellars Cab Svgn,2329.91,6.49,0.11189674464955975
Barefoot Cellars Malbec,6333.43,9.30586345381526,0.16044619824888076
Barefoot Cellars Moscato,1979.45,6.49,0.11189674464955975
Barefoot Cellars Pink Moscat,178993.11000000002,8.042827935588926,0.13866968625099227
Barefoot Cellars Pnt Nr,81989.65,7.422288770053476,0.12797071667457144
Barefoot Cellars Red Moscato,55120.37,6.53042215161144,0.11259367949964466
Barefoot Cellars Rich Red,638.44,8.23102564102564,0.14191447987023498
Barefoot Cellars Riesling,84.37,6.49,0.11189674464955975
Barefoot Cellars Rosa Red,406.58,4.678461538461539,0.08066326904807661
Barefoot Cellars Rsl,106737.62,7.489839416058395,0.1291353849930499
Barefoot Cellars Sweet Red,1495.77,9.79,0.16879339447136976
Barefoot Cellars Winter Red,6105.9,5.4329022082018925,0.093670889229152
Barefoot Chard Cal,293247.09,8.837490981656305,0.1523707968747585
Barefoot Crisp White Spritz,271.65999999999997,7.99,0.13775885820492795
Barefoot Merlot 180 Btl Plt,65.94,10.99,0.18948308531566435
Barefoot Merlot Cal,170021.78,8.895669661959777,0.1533738792990984
Barefoot Moscato Cal,313410.15,8.744042579299343,0.15075961474587618
Barefoot Perfectly Pink,1145.57,5.92859649122807,0.10221735712006522
Barefoot Pnt Grigio Cal,400105.54,8.91273864855202,0.15366817267878083
Barefoot Premium X-Dry,150188.07,8.31556074014481,0.14337198409212448
Barefoot Refresh Crisp Red,546.0799999999999,5.882857142857143,0.10142874630572024
Barefoot Refresh Crisp White,36234.32,5.923383233532935,0.10212747321172856
Barefoot Refresh Summer Red,39872.36,6.740239540083041,0.11621122691734022
Barefoot Refresh Summer Whit,18936.3,7.99,0.13775885820492795
Barefoot Refresh Sweet White,22467.58,5.926148300720906,0.10217514686613093
Barefoot Sparklng Pnt Grigio,31828.14,9.989999999999998,0.17224167627875217
Barefoot Summer Red Spritzer,367.54,7.989999999999999,0.13775885820492795
Barefoot Svgn Bl Cal,43200.18,10.595104925053533,0.18267453780185025
Barefoot Sweet Red,43166.79,5.9655723270440255,0.10285487262984981
Barefoot Syrah Cal,7928.18,8.522603231597845,0.14694168837528762
Barefoot Wh Znfdl Cal,47782.64,6.893172690763053,0.11884800992351802
Barefoot Znfdl Cal,613.1800000000001,8.623333333333333,0.14867841726163897
Barenjager Honey & Bourbon,9154.68,17.686969696969697,0.3049482791689244
Barenjager Honey Liqueur,70677.23,12.998977084809827,0.2241206809806539
Bargetto Chaucer's Hney Mead,26447.58,13.640471356055112,0.2351809461060297
Barkan Clsc Cab Svgn,9121.48,13.99,0.24120731242640073
Barkan Clsc Chard,1189.15,13.989999999999998,0.24120731242640073
Barkan Clsc Merlot,6015.7,13.99,0.24120731242640073
Baroca White Rum,33418.21,5.99,0.10327604013110368
Baron K Kabinett,911.52,18.99,0.3274143576109614
Baron La Rose Bordeaux Blanc,1988.1100000000001,10.517777777777777,0.18134130882601138
Baron de Seillac Brut Rose,311.76,12.99,0.22396590338948863
Barone Fini Pnt Gr Valdadige,59976.99,11.119796839729121,0.19172096572113265
Barr Hill Gin,175066.06,35.05477732793522,0.604393754608805
Barr Hill Vodka,13729.42,53.19814479638009,0.9172109744392679
Barr an Uisce Irish Whiskey,7793.31,46.108421052631584,0.7949741474145918
Barra Petite Sirah,160.93,22.99,0.39637999375860994
Barricas Torrontes,23.96,5.99,0.10327604013110368
Barrique Chard,1036.3899999999999,16.99,0.29293153953713713
Barrique Pnt Nr,169.89999999999998,16.99,0.29293153953713713
Barrow's Intense Ginger,10035.5,21.584202898550725,0.37214207090961754
Barsol Primero Quebranta Pso,1457.32,22.682307692307692,0.39107494482417543
Bartenura Asti Spumante,2631.1499999999996,19.490000000000002,0.3360350621294175
Bartenura Moscato,63850.36,13.99,0.24120731242640073
Bartenura Ovidia Est Chianti,2056.53,13.99,0.24120731242640073
Barterhouse Bourbon,17622.649999999998,74.99,1.2929332636780408
Barton Gin,6347.22,6.49,0.11189674464955975
Barton Light Rum,15265.83,6.29,0.10844846284217731
Barton Long Island Iced Tea,18125.07,6.99,0.12051744916801582
Barton Vodka,80895.93000000001,5.8087128712871285,0.10015039459183772
Basil Hayden Bourbon,494732.98000000004,38.36041737168641,0.6613876467319152
Basilica Amaretto,47.45,9.49,0.16362097176029614
Basilica Sambuca,7490.900000000001,8.273333333333333,0.14264392409871973
Bastianich Chardonnay,299.8,14.99,0.2584487214633129
Bastianich Vini Orsone Svgn,37.98,18.99,0.3274143576109614
Bastille 1789 French Whiskey,23504.12,23.800939357907254,0.4103617309324198
Batavia Arrack Rum,31.99,31.99,0.5515526750908192
Battle Axe Malbec Mendoza,20377.08,15.773643892339544,0.27195984635041687
Bauchant Orange Liqueur,34802.59,19.99,0.3446557666478735
Bauchant XO Apple,103.95,0.99,0.01706899494654301
Bauers Obstler Echt,49726.75,25.98450980392157,0.44800956215306525
Bayou Satsuma Rum Liqueur,17135.66,2.103179289687634,0.036261774411466816
Bayou Silver Rum,13543.49,2.2044743792921286,0.03800824448476857
Bayou Spiced Rum,17234.99,2.269113625648279,0.03912271617103269
Be. Bright Pnt Grigio,1042.26,5.990000000000001,0.10327604013110368
Beat 3 Reserve,11236.58,32.847664233576644,0.5663400149582438
Beat 3 Single Malt Whiskey,6996.889999999999,22.559377990430622,0.3889554635513272
Beat 3 White Kosher Whiskey,2426.17,29.380625,0.5065633733851266
BeatBox Blue Razzberry Rtd,15872.06,19.99,0.3446557666478735
BeatBox Fruit Punch,12133.929999999998,19.99,0.3446557666478735
Beaucanon Merlot Napa,80.97,26.99,0.4653456299062585
Beaulieu Cab Svgn Napa,46244.15,17.252688614540464,0.297460661389769
Beaulieu Cab Svgn Rutherford,54922.979999999996,24.12559322033898,0.41595922097001864
Beaulieu Cstl Clr Slct Chard,174.75,6.99,0.12051744916801582
Beaulieu Tapestry 05 Rsv,13565.76,60.528461538461535,1.0435959637596193
Beaux Freres Pnt Nr Will Vly,6898.85,59.989999999999995,1.0343121281243588
Beaux Freres Vyds Pnt Nr,5669.37,89.99,1.551554399231723
Becker Family Pnt Bl,395.78,17.99,0.31017294857404926
Beefeater,1369169.38,24.425162581779123,0.4211242188655347
Beefeater 24,11206.25,18.36764350453172,0.3166840547058136
Beefeater Gin,142803.53999999998,11.446234130696245,0.19734920457959837
Belaire Sparkling Rose,53708.03,29.862215709261427,0.5148666757918794
Belcreme de Lys Chard,51742.87,10.326837294332723,0.17804922584922944
Belcreme de Lys Pnt Nr,9.99,9.99,0.17224167627875223
Belguardo Serrata Toscana,2957.04,9.99,0.17224167627875223
Bell'Agio Chianti Flask,68464.06,10.468912319644838,0.18049879947456526
Bell'Agio Rosso Dolce,11774.48,9.835588235294118,0.16957939988334667
Bella Bellina FrongoLata,319.68,9.99,0.17224167627875223
Bella Bolla Moscato,187.25,7.49,0.12913815368647188
Bella Bolla Pink Moscato,456.89,7.489999999999999,0.12913815368647186
Bella Bolla Red Moscato,89.88,7.49,0.12913815368647188
Bella Bolle Fusione Red,98.89,8.99,0.1550002672418401
Bella Italia Pnt Grigio Ter,455.52,9.190000000000001,0.15844854904922254
Bella Sera Moscato,11500.23,11.463469387755103,0.19764636469640642
Bella Sera Pinot Grigio Del,231821.49,10.895396016674386,0.1878519793426262
Bella Sera Pinot Noir Delle,24624.28,11.874052074857609,0.20472538874821528
Bella Sera Pnt Grigio Del,46163.37,6.49,0.11189674464955975
Bella Sera Pnt Nr Venezie,155.76,6.49,0.11189674464955975
Bellafina Prosecco,1686.47,6.987979797979799,0.12048261803864833
Belle Ambiance Cab Svgn,458.58000000000004,10.84,0.18689687396012752
Belle Ambiance Chard,352.66,10.472758620689655,0.18056511512415807
Belle Ambiance Pnt Grigio,19175.52,8.947013574660634,0.15425912069952938
Belle Ambiance Pnt Nr,8228.5,6.6301766004415015,0.11431358675517546
Belle Ambiance Red,32.97,10.99,0.18948308531566435
Belle Glos Alturas Pnt Nr,25995.22,54.49,0.9394843784213421
Belle Glos Clark & Telephone,24740.46,54.55834532374101,0.9406627481037211
Belle Glos Dairyman Vyd PN,17526.77,54.587989949748746,0.9411738632264667
Belle de Brillet Pear Liquer,49.99,49.99,0.8618980377552377
Bellefleur Malbec Brut Rose,119.96,29.99,0.5170698570169948
Belvedere Cytrus Vodka,35992.689999999995,22.082783505154637,0.38073830308594736
Belvedere Mango Passion,23559.809999999998,21.34265104808878,0.36797737665218005
Belvedere Peach Nectar Vodka,22127.73,21.534270833333334,0.3712811717491467
Belvedere Pink Grapefruit,24724.35,23.185244055068836,0.3997462763740771
Belvedere Polish Vodka,536414.8200000001,44.1515925058548,0.761235666024507
Belvedere UF Intense Vodka,58138.659999999996,24.96126099706745,0.43036731092756103
Belvedere Vodka,722495.84,21.516400795129826,0.3709730671109748
Belvedere Wild Berry,30166.96,23.14983606557377,0.399135792744018
Ben Marco Cab Svgn,4284.53,17.379473684210527,0.299646614635724
Ben Marco Malbec,8271.76,17.427722419928823,0.300478490823757
BenRiach 1994,12919.32,189.99,3.275695302922936
BenRiach Barrel 94,5039.72,179.99,3.103281212553815
Bench Cab Svgn,571.74,21.99,0.3791385847216978
Bench Chardonnay,43.98,21.99,0.3791385847216978
Bench Pnt Nr,1363.3799999999999,21.990000000000002,0.3791385847216978
Benchmark Egg Nog,6931.9800000000005,6.874057971014493,0.11851844522170717
Benchmark Old #8 Bourbon,139130.56,16.5449815498155,0.28525879440853347
Benedictine Liqueur Dom,52909.2,28.136131805157593,0.485106557169195
Benefactor Cellars Cab Svgn,5.49,5.49,0.0946553356126476
Beniotome Sesame Shochu,4768.41,29.990000000000002,0.5170698570169949
Benromach 10Yr Single Malt,16349.08,55.99,0.9653464919767103
Bentley's Vodka,520763.55,8.79,0.15155198543445764
Benton Lane First Class Pnt,3799.2400000000002,49.99,0.8618980377552377
Benton Lane Pnt Gris Willamt,3853.59,15.99,0.275690130500225
Benton Lane Pnt Nr Ore,40960.38,27.988850574712643,0.4825672212316339
Benton-Lane Est Pnt Nr Willm,948.27,12.990000000000002,0.22396590338948866
Benvolio Pnt Grigio Friuli,4306.05,5.810895522388059,0.10018802657225374
Benvolio Prosecco Italia DOC,341.80999999999995,17.99,0.31017294857404926
Benvolio Toscana Rosso,649.5,12.99,0.22396590338948863
Benziger Cab Svgn Sonoma,62984.8,15.823140877598153,0.27281324411935454
Benziger Chard,49876.53,11.37588110403397,0.19613621926992927
Benziger Merlot,11044.97,12.253671875,0.21127056900098104
Benziger Pnt Nr Sonoma,2158.92,19.99,0.3446557666478735
Benziger Svgn Bl N Cst,23244.86,9.274467713787086,0.1599048914530385
Benziger Tribute Estate Red,5639.06,59.99,1.034312128124359
Beran Znfdl Sonoma Cty,2519.16,29.990000000000002,0.5170698570169949
Berentzen Apple Liqueur,9077.41,19.6929702970297,0.33953455604285004
Berentzen Bushel & Barrel,1333.58,4.084736842105263,0.07042661870288161
Berentzen Icemint Schnapps,336.12,1.99,0.03431040398345515
Beringer Cab Svgn Napa Vly,27082.260000000002,34.99,0.6032769022015555
Beringer Cab Svgn Pvt RSV Np,15448.970000000001,149.99,2.586038941446451
Beringer Chard Napa Vly,25874.829999999998,17.03993429697766,0.29379247717629964
Beringer Chard Private RSV,33967.63,45.715,0.7881910141224382
Beringer Classic Cab Svgn,117394.39,8.414871418074945,0.14508424011205098
Beringer Classic Chard,252971.05,8.035815060184753,0.138548774397624
Beringer Classic Chenin Blan,28475.170000000002,5.87955223880597,0.10137176510314622
Beringer Classic Merlot,100594.24,8.948333333333334,0.1542818751986354
Beringer Classic Moscato,32194.25,5.826727402643802,0.10046099049556641
Beringer Classic Pink Moscat,57972.46,5.879837398373984,0.10137668165589914
Beringer Classic Pnt Grigio,272994.48,7.567194982896237,0.13046910396218334
Beringer Classic Red Moscato,47359.62,5.860442391832766,0.10104228441484842
Beringer Classic Svgn Bl,10523.5,5.796996381182147,0.09994838579346081
Beringer Classic Wh Merlot,130390.41,8.593304692663581,0.1481606811850293
Beringer Classic Wh Zin Mosc,22619.69,5.973959899749374,0.10299948620168956
Beringer Classic Wh Zin Spkl,6043.04,8.666470588235294,0.1494221643181332
Beringer Classic Wh Znfdl,567350.13,7.65065659763046,0.13190809980069723
Beringer Fndr Est Pnt Grigio,11221.27,10.542631578947368,0.18176982337809838
Beringer Fndrs Est Cab Svgn,139867.44999999998,14.547714285714285,0.25082309255213
Beringer Fndrs Est Chard,85733.15,14.89595986822402,0.25682733708547806
Beringer Fndrs Est Malbec,153.86,10.99,0.18948308531566435
Beringer Fndrs Est Merlot,73963.70999999999,13.890823827629912,0.23949737547185276
Beringer Fndrs Est Pnt Nr,17843.84,10.400468319559229,0.17931872847296684
Beringer Fndrs Est Svgn Bl,7779.650000000001,10.45116504854369,0.1801928115142214
Beringer KVR Cab Svgn,7898.42,49.99,0.8618980377552377
Beringer Knights Vly Cab Svg,137281.11,28.538522483940042,0.492044339454724
Beringer Luminus Chard,9945.25,37.199999999999996,0.6413804161731312
Beringer Quantum Red Napa Vl,31159.68,30.62868613138686,0.5280817058544387
Beringer Red Crush,233.66,6.704285714285715,0.11559133230032664
Beringer Svgn Bl Napa Vly,82.94,12.656666666666666,0.21821876704385124
Beringer The Waymaker Red,6267.099999999999,21.849756097560974,0.37672058223481375
Beringer Wh Znfdl/Chard LVS,13041.32,8.89,0.15327612633814888
Berkshire Mtn Dist Bourbon,45.99,45.99,0.792932401607589
Berkshire Mtn Ethereal Gin,1832.4099999999999,31.178679245283018,0.5375643620986074
Berkshire Mtn Greylock Gin,12765.64,29.3135294117647,0.5054065509037895
Berkshire Mtn Ice Glen Vodka,6123.9,29.231610738255036,0.5039941575460481
Berkshire Mtn Ragged Mtn Rum,6470.799999999999,29.313863636363635,0.5054123134068099
Bernard Magrez Cab Svgn Napa,599.96,149.99,2.586038941446451
Bertagna Vougeot La Perrier,1139.88,94.99,1.6377614444162834
Bertani Amarone 04,5984.37,94.98999999999998,1.6377614444162834
Bertani Amarone 1993,2039.88,169.99,2.9308671221846936
Bertani Amarone Valpolicell,8799.12,99.98999999999998,1.723968489600844
Bertani Due Uve White Venet,12869.29,10.99,0.18948308531566435
Bertani Secco 09 Edition IGT,2973.5299999999997,20.115,0.34681094277748753
Bertani Secco 11 Orig V Ed,1524.3899999999999,24.99,0.4308628118324342
Bertani Villa Arvedi Amarone,5998.139999999999,35.75923076923077,0.6165395245376417
Beso Del Sol Sangria,20956.36,18.008154311649015,0.3104859544869735
Best Foot Forward Chard,89.9,8.99,0.1550002672418401
Bex Rsl Mosel,5667.11,9.631509433962265,0.16606079379382147
Beyond Svgn Bl,195.45000000000002,10.39,0.17913823989351707
Biagio Bracetto D Aqui,62.94,10.49,0.1808623807972083
Biagio Prosecco,17.96,4.49,0.07741392657573548
BiancaVigna Prosecco Brut,764.49,14.99,0.2584487214633129
BiancaVigna Spumante Rosa,164.89000000000001,14.990000000000002,0.25844872146331294
Bib & Tucker Bourbon,56269.950000000004,55.99,0.9653464919767103
Bieler Pere et Fils Rose,146.85999999999999,10.49,0.1808623807972083
Big Claw White,194.85,12.99,0.22396590338948863
Big House Birdman Pnt Grigio,8567.64,7.523117932148628,0.12970915350110307
Big House Cardinal Bst Znfdl,30023.28,7.40415359871331,0.12765804076754114
Big House Red,38430.03,17.493627569528414,0.30161478846564244
Big House Red Cal,45799.95,7.398577878103838,0.12756190748783772
Big House White,6171.21,7.825341365461847,0.13491991133539621
Big Peat Scotch,16469.25,59.88256198347107,1.032459745335269
Bigi Orvieto Amabile,21718.66,10.697459207459207,0.18443926985148607
Bigi Orvieto Clsc Vendemmia,419.65000000000003,11.99,0.20672449435257648
Bila-Haut Cotes Roussillon,20823.95,13.811215733015496,0.2381248197499564
Billecart-Salmon Blanc de Bl,2735.62,71.99,1.2412090365673045
Billecart-Salmon Brut 02 N F,2417.87,185.99,3.2067296667752876
Billecart-Salmon Brut Rose,31045.82,74.56936507936508,1.2856809249561654
Billecart-Salmon Brut Rsv,27941.57,44.00261829652997,0.7586671407455869
Billette Bousquet Prov Rose,1067.11,11.99,0.20672449435257648
Binyamina Cab Svgn,2280.32,13.51991452991453,0.23310237655434804
Binyamina Chard,1673.67,12.676746987951809,0.21856498007672098
Biokult Gruner Veltliner,279.8,13.99,0.24120731242640073
Bird Dog Apple Whiskey,51457.99,15.195026929982047,0.2619836746267157
Bird Dog Blackberry Whiskey,74248.82,15.444302512025656,0.2662815368996439
Bird Dog Bourbon,28413.3,16.07193123628383,0.2771027404578944
Bird Dog Chocolate Whiskey,8970.27,15.631711229946525,0.26951272726240094
Bird Dog Hot Cinnamon Whisky,152.91,16.99,0.29293153953713713
Bird Dog Kentucky Whiskey,30519.19,3.9730938292476754,0.0685017358520907
Bird Dog Maple Whiskey,1865.4599999999998,17.955116279069767,0.3095715040727616
Bird Dog Peach Whiskey,47354.41,15.4855595026643,0.2669928655508768
Bird Dog Strawberry Whiskey,34505.340000000004,3.478568683957733,0.059975425543108404
Bisol Crede Prosseco Super V,263.88,21.99,0.3791385847216978
Bitch Grenache Aragon,15738.75,13.99,0.24120731242640073
Bitch Vodka,945.5699999999999,21.99,0.3791385847216978
Bitter Truth Celery Bitters,419.78999999999996,19.99,0.3446557666478735
Bitter Truth Orange Bitters,2578.71,19.99,0.3446557666478735
Black & White Scotch,3481.7099999999996,26.99,0.4653456299062585
Black Bottle Scotch,3750.79,31.062727272727273,0.535565186711137
Black Box Cab Svgn,485370.39999999997,14.1189251978555,0.24343016449779226
Black Box Chard,479228.93,13.380397734586175,0.2306969104185727
Black Box Malbec,203177.05,18.504005380598194,0.3190351255881164
Black Box Merlot,27371.68,4.270833815865664,0.07363519274801618
Black Box Merlot Cal,281227.38,18.896397222910984,0.3258005138441788
Black Box Moscato B/B,134.91,14.99,0.2584487214633129
Black Box Pnt Grigio,379803.54,13.042657584527422,0.22487379434322166
Black Box Pnt Nr,236148.19999999998,17.020578512396693,0.2934587561771088
Black Box Rsl,43544.35,18.572191780821917,0.3202107552051282
Black Box Shiraz Cntrl Coast,100643.87,18.2233156779661,0.31419563961258723
Black Box Svgn Bl,165918.04,18.25883830455259,0.31480809974763047
Black Button Bespoke Bourbon,1554.3,22.24862068965517,0.38359756981745086
Black Button Citrus Gin,9032.83,28.68565217391304,0.4945810626210225
Black Cabra Torrontes,9.99,9.99,0.17224167627875223
Black Fig Vodka,63.98,31.99,0.5515526750908192
Black Ink Red Wine,15844.43,10.892255639097744,0.187797834808297
Black Opal Cashmore Cab Svgn,15056.52,7.775714285714286,0.13406427055416106
Black Opal Cashmore Chard,17275.77,7.78265873015873,0.13418400256136184
Black Opal Cshmre Cab/Merlot,15193.79,8.003875123885035,0.13799808489126766
Black Pearl Oro,8298.96,16.48848942598187,0.284284790594154
Black Stallion 10 Trans Cab,269.98,134.99,2.327417805892769
Black Stallion Cab Svgn Napa,54276.04,24.702634186622625,0.4259082203007699
Black Stallion Carnrs Pnt Nr,24174.989999999998,18.75783555018138,0.3234115153678089
Black Stallion Chard Napa Vy,2670.33,15.99,0.275690130500225
Black Stallion Est Svgn B 15,7034.31,15.005503875968992,0.25871603013055183
Black Velvet,10197.47,9.050698027314112,0.15604678675849637
Black Velvet Canadian Whisky,948838.57,13.316186475053602,0.22958981782819626
Black Velvet Cinnamon Rush,15174.81,9.99,0.17224167627875223
Black Velvet Plastic,93900.98,5.103844714686623,0.08799747438679419
Black Velvet Reserve,97465.37,11.060126227208977,0.19069216028318978
Black Velvet Toasted Caramel,95179.14,10.418130583076174,0.1796232507827802
Black Velvet Traveler,129924.08,8.515422074753586,0.14681787511277752
Black Warrior Kuro Shochu,179.94,29.99,0.5170698570169948
Blackbird Vyds Arise Red,3550.33,52.99,0.913622264865974
Blackbird Vyds Arrivste Rose,1325.49,25.99,0.4481042208693463
Blackheart Spiced Rum,76507.54000000001,11.553594662218515,0.19920025141799408
Blackstone Cab Svgn Cal,105848.34,8.200107893242475,0.1413814143342053
Blackstone Chard Monterey,50086.14,8.02796992481203,0.13841351320971296
Blackstone Delectable Red,4646.64,8.768125000000001,0.1511748296117752
Blackstone Merlot Cal,182797.05,8.88949126907741,0.15326735510022277
Blackstone Montry Pnt Grigio,5561.66,8.77880407124682,0.15135895184727594
Blackstone Pnt Nr Monterey,70090.59,8.136240705039935,0.14028025401836786
Blackstone Svgn Bl,28.97,9.656666666666666,0.16649453993311483
Blackstone Syrah Cal,1527.24,8.635833333333332,0.14889393487460034
Blackstone Winemakers Malbec,419.3,5.99,0.10327604013110368
Blackstone Znfdl Cal,3721.71,8.76304964539007,0.15108732334693803
Blanc de Bleu Mousseux Brut,23371.38,15.985092024539878,0.2756055100877739
Blantons Sgl Barrel Bourbon,302732.61,56.62230240549828,0.9762482763849297
Blason de Bourgogne BlncNoir,25.98,12.99,0.22396590338948863
Bleu de Mer Blanc,4804.25,12.894411764705882,0.22231782752566615
Bleu de Mer Rose,9404.76,12.99,0.22396590338948863
Blindfold White,12685.77,29.99,0.5170698570169948
Bliss Cab Svgn,363.74,13.99,0.24120731242640073
Bliss Chard,5570.56,12.496134969325155,0.21545097438659647
Bliss Merlot,167.88,13.99,0.24120731242640073
Block Nine Caiden Vyd Pnt Nr,33942.66,13.42154761904762,0.23140639240839417
Blood Oath Bourbon,14188.58,99.90803278688523,1.7225552593519167
Blood Orange Liqueur,3158.82,14.49,0.24982801694485685
Bloom Gin,3782.2799999999997,21.99,0.3791385847216978
Blossom Hill Chard,7154.49,10.99,0.18948308531566435
Blossom Hill Merlot,791.28,10.99,0.18948308531566435
Blossom Hill Wh Znfdl,263.76,10.99,0.18948308531566435
Blue Chair Bay Banana Cream,28992.399999999998,3.9202957151478572,0.06759142197051818
Blue Chair Bay Banana Rum,14085.19,4.460774091627172,0.07691003073500424
Blue Chair Bay Coc Spced Rum,645.66,18.99,0.3274143576109614
Blue Chair Bay CocSpc Cream,2803.35,16.99,0.29293153953713713
Blue Chair Bay Coconut Rum,64026.009999999995,11.669174484052531,0.20119301040264778
Blue Chair Bay White Rum,189.89999999999998,18.99,0.3274143576109614
Blue Current Junmai Ginjo,5298.21,18.99,0.3274143576109614
Blue Fish Pfalz Rsl,11585.5,7.99,0.13775885820492795
Blue Fish Sweet Rsl,164.85,10.99,0.18948308531566435
Blue Hangar 7th Ltd Whiskey,689.9399999999999,114.99,1.9825896251545259
Blue Nectar Silver Tequila,27018.33,35.29576070901034,0.6085486476530191
Blue Nun Authentic White,16681.69,16.17282548476454,0.2788422994654222
Blue Nun Rsl,80.91,8.99,0.1550002672418401
Bluebird Chardonnay,215.76,8.99,0.1550002672418401
Bluebird Pinot Noir,9959.210000000001,14.701864406779661,0.2534808578425077
Bluecoat Gin,18556.86,25.99,0.4481042208693463
Bluegray Priorat DOQ,2356.69,17.99,0.31017294857404926
Blufeld Rsl,32045.88,9.397146724417974,0.1620200504555693
Blufeld Sweet Rsl,77.87,5.99,0.10327604013110368
Boca Loca Cachaca,10766.64,20.92305439330544,0.36074293909654054
Bocelli Prosecco,4728.509999999999,18.99,0.3274143576109614
Bocelli Sangiovese,431.76,17.99,0.31017294857404926
Bodega Chacra Barda,49.98,24.99,0.4308628118324342
Bodega Elena de Mendoza Mlbc,1013.5500000000001,6.99,0.12051744916801582
Bodega Garzon Albarino,179.88,14.99,0.2584487214633129
Bodega Noemia D Patagonia 13,2873.85,24.99,0.4308628118324342
Bodega Zafado Malbec,35.96,8.99,0.1550002672418401
Bodegas Borsao 14 Rose,8417.12,8.556037735849056,0.14751814633902915
Bodegas Borsao Berola,19497.44,13.433468715697035,0.2316119289118953
Bodegas Borsao Wh Campo Brja,39.96,9.99,0.17224167627875223
Bodegas Faustino V RSV Rioj,6701.009999999999,16.752790697674417,0.28884171692838123
Bodegas Izadi Tempranillo Rd,29315.079999999998,16.445837563451775,0.2835494123860865
Bodegas Jeromin Zesto Rosada,287.76,11.99,0.20672449435257648
Bodegas La Cartuja Priorat,17647.579999999998,18.80711409395973,0.3242611468978348
Bodegas Numanthia Termes,815.66,23.99,0.41362140279552206
Bodini Chard Mendoza,103.92,12.99,0.22396590338948863
Bodini Malbec Mendoza,457.62,12.220769230769232,0.21070328105340236
Boen Pnt Nr RRV,1949.35,29.99,0.5170698570169948
Boggy Meadow Switchel Vodka,27320.89,29.99,0.5170698570169948
Bogle Cab Svgn Cal,258987.15,10.609294728151905,0.1829191900012225
Bogle Chard,591669.53,8.562788656313302,0.14763454172012888
Bogle Essential Red,186549.84,10.653326058489743,0.1836783521780166
Bogle Merlot,502198.46,8.364230299328039,0.14421111586964871
Bogle Old Vine Znfdl Cal,114241.84,11.24469372273848,0.1938743639685324
Bogle Petite Sirah,82941.16,11.293203377203875,0.19471073876340952
Bogle Phantom Red Cal,211854.54,17.794697263520792,0.306805654208383
Bogle Russian River Pnt Nr,68625.28,11.337272727272728,0.19547055645393746
Bogle Svgn Bl Cal,52533.88,9.377096774193548,0.16167436106258026
Boillot & Fils Gvry-Chambrtn,517.93,73.99,1.2756918546411287
Bolgheri Ornellaia Le Serre,334.95,66.99,1.1550019913827436
Bolla Amarone Valpolicella,39256.7,31.930092165898618,0.5505197796185617
Bolla Bardolino,6721.79,9.331004184100419,0.1608796598632139
Bolla Chianti,20337.72,13.039893842887473,0.22482614354313496
Bolla Merlot,4383.84,14.076021505376344,0.24269044438656523
Bolla Pinot Grigio,24573.15,13.89596892886345,0.2395860842667565
Bolla Prosecco 2 Pk,79.10999999999999,8.79,0.15155198543445764
Bolla Prosecco 3pk/187mls,1573.95,14.99,0.2584487214633129
Bolla Prosecco Extra Dry,22178.03,11.69787468247248,0.20168784226304667
Bolla Soave,2132.5,14.248620689655171,0.24566629752215385
Bolla Torr'Alta Veronese Ros,2050.92,18.99,0.3274143576109614
Bolla Valpo Ripasso Cls Sup,683.46,12.49,0.21534519887103257
Bolla Valpolicella,63757.03,13.970827067669173,0.24087674405764795
Bollinger Brut Grande Annee,7787.410000000001,131.99,2.2756935787820325
Bollinger Brut Special Cuve,21367.27,78.4588995215311,1.3527419792367072
Bollinger R.D. 2002,3359.88,279.99,4.827422116245028
Bollinger RD,479.98,239.99,4.137765754768543
Bollini Pinot Grigio,21541.4,12.032151162790699,0.20745123979163238
Bollini RSV Pinot Grigio,239.85,15.99,0.275690130500225
Bols Amaretto Liqueur,5155.95,8.587989949748744,0.14806904752850858
Bols Anisette,1588.41,9.99,0.17224167627875223
Bols Apricot Flavored Brand,670.39,10.99,0.18948308531566435
Bols Blackberry Brandy,560.49,10.99,0.18948308531566435
Bols Blue Curacao,129877.48,9.036564309086334,0.15580310154131874
Bols Brown Creme de Cacao,1998.0,9.99,0.17224167627875223
Bols Butterscotch,319.68,9.99,0.17224167627875223
Bols Cherry Flavored Brandy,2593.64,10.99,0.18948308531566435
Bols Creme De Noyaux,1108.8899999999999,9.99,0.17224167627875223
Bols Creme de Banana,2467.53,9.99,0.17224167627875223
Bols Creme de Cassis,1828.17,9.99,0.17224167627875223
Bols Curacao Orange,109769.75,8.815113562621674,0.15198497863999205
Bols Double Barrel Root Bee,56.94,9.49,0.16362097176029614
Bols Genever Amsterdam,164.95000000000002,32.99,0.5687940841277314
Bols Ginger Brandy,73.43,10.49,0.1808623807972083
Bols Green Creme De Menthe,4795.2,9.99,0.17224167627875223
Bols Lychee,139.86,9.99,0.17224167627875223
Bols Maraschino Liqueur,218.31,11.49,0.19810378983412041
Bols Melon Liqueur,869.13,9.99,0.17224167627875223
Bols Orange Curacao,17188.36,10.99,0.18948308531566435
Bols Peach Flavored Brandy,2329.88,10.99,0.18948308531566435
Bols Peach Schnapps,6088.97,7.655557404326123,0.131992596613548
Bols Peppermint Schnapps,1318.68,9.99,0.17224167627875223
Bols Pomegranate Liqueur,465.01,9.49,0.16362097176029614
Bols Pumpkin Spice,6183.81,9.989999999999998,0.17224167627875217
Bols Red Stinger Hot Cinnam,9.99,9.99,0.17224167627875223
Bols Sloe Gin,1338.66,9.99,0.17224167627875223
Bols Sour Apple Schnapps,29.97,9.99,0.17224167627875223
Bols Strawberry Liqueur,1568.43,9.99,0.17224167627875223
Bols Triple Sec,12409.73,7.484318181818182,0.1290401911351258
Bols White Creme De Cacao,3786.21,9.99,0.17224167627875223
Bols White Creme De Menthe,219.78,9.99,0.17224167627875223
Bols Yogurt Liqueur,1857.57,12.989999999999998,0.22396590338948857
Bombay Dry Gin,399103.88,23.473831661823976,0.4047219333451261
Bombay Sapphire & East 2 Pak,279.92,34.99,0.6032769022015555
Bombay Sapphire East Gin,113409.79,21.06408397967371,0.3631744878814224
Bombay Sapphire Gin,2668756.42,21.269914430544574,0.366723294877139
Bon Affair Svgn Bl Spritzer,9076.91,5.022467532467533,0.08659441710188351
Bonal Apertif,56.97,18.99,0.3274143576109614
Bone Shaker Znfdl,15273.65,20.893732809430254,0.3602373936753383
Bongiovanni Barolo,2999.4,49.99,0.8618980377552377
Bongiovanni Dolceo D'Alba,815.52,16.99,0.29293153953713713
Bonnie Rose Orange Peel,8035.65,15.05324110671937,0.25953908725220853
Bonnie Rose Spiced Apple,7419.07,15.106,0.2604487249115947
Bonny Doon Alamo Crk Syrah,40.99,40.99,0.7067253564230284
Bonny Doon Clos de Gilroy Rd,860.4300000000001,13.444545454545453,0.23180290749717594
Bonny Doon Le Cigare Volant,1605.99,31.49,0.5429319705723631
Bonny Doon Pousseur Syrah,1908.1699999999998,22.99,0.39637999375860994
Bonny Doon Vin Gris de Cigar,47909.08,11.125817307692309,0.1918247670718796
Bonny Doon Vyd Albarino,125.91,13.99,0.24120731242640073
Bonpas Blanc Rhone Vly,2547.96,12.46244094488189,0.21487004192907042
Bonpas Ch du Pape Rouge Rsv,5976.59,41.92975903614458,0.7229281263613313
Bonpas Cote du Rhone Rouge R,11507.53,12.168819444444445,0.20980759353799652
Bonpas Ventoux Rouge Rhone,26604.8,8.004073494917906,0.13800150508738646
Bonterra Cab Svgn Organic,142666.23,13.243668341708542,0.2283395030286008
Bonterra Mendocino Org Chard,148890.37,11.272540250447227,0.19435447734301659
Bonterra Mendocino Org Znfdl,27377.54,14.065158227848102,0.24250314617521931
Bonterra Merlot Organic Mndc,24637.51,14.07289241622575,0.24263649448060687
Bonterra Pnt Nr,1075.31,14.899090909090908,0.2568813206417754
Bonterra Svgn Bl Organic,49528.92,12.063956442831216,0.20799960763434447
Bonterra Viognier Orgnic,29079.31,14.061428571428571,0.24243884164332302
Booker's Bourbon,182317.7,51.25798101496897,0.8837598170853566
Booker's Rye,50398.32,299.99,5.172250296983271
Boones Sangria,391.69,2.99,0.05155181302036728
Boones Strawberry Hill,1988.3500000000001,2.99,0.05155181302036728
Booth's Cask Mellowed Gin,3783.14,43.99,0.7584495835337648
Booths London Dry Gin,110611.21,14.99,0.2584487214633129
Bootstrap Red,19463.64,7.99,0.13775885820492795
Borealis Northern Whites,1706.78,13.99,0.24120731242640073
Borsao Campo de Borja Red,32635.73,9.299606769537084,0.16033832419602592
Borsao Tres Picos Garnacha,120325.19,13.993974562798092,0.24127583948934553
Boru Original Irish Vodka,136991.27,18.1126343679031,0.31228733787304985
Boscarelli Vino Nobile Monte,1810.5,36.18565217391305,0.6238916303978637
Bota Box Cab Svgn,138489.06999999998,18.536117389719283,0.31958878187237016
Bota Box Chard Cal,156711.02,18.500786360473207,0.3189796251454435
Bota Box Malbec,122361.85999999999,18.546123492128398,0.319761301176871
Bota Box Merlot Cal,37511.63,18.445534229046704,0.31802700054735794
Bota Box Nighthawk Dark Red,48915.0,18.140984682713345,0.31277613724701847
Bota Box Pnt Grigio Cal,164562.84,18.510013342228152,0.3191387113120566
Bota Box Pnt Nr,49884.979999999996,18.51034153691612,0.3191443698509156
Bota Box RedVolution,84026.42,18.473575022195913,0.31851046333176286
Bota Box Rsl,2094.8799999999997,18.377096774193546,0.31684704239478945
Bota Box Shiraz Cal,22837.649999999998,18.5134375,0.31919774861680794
Bota Box Svgn Bl,57590.74999999999,18.463138548539114,0.318330523820543
Bota Box Znfdl,55937.67,18.47814968814969,0.31858933701867914
Bota Brick Cab Svgn,427.59000000000003,10.411052631578947,0.17950121692587312
Bota Brick Chard,269.74,10.39,0.17913823989351707
Bota Brick Pnt Grigio,387.63,10.535454545454545,0.18164608120797698
Bota Mini Cab Svgn,6802.950000000001,3.99,0.06879322205727942
Bota Mini Chard,18633.3,3.99,0.06879322205727942
Bota Mini Merlot,258.65999999999997,4.79,0.08258634928680912
Bota Mini Moscato,593.96,4.79,0.08258634928680912
Bota Mini Pnt Grigio,19802.370000000003,3.99,0.06879322205727942
Bota Mini RedVolution,614.63,4.520526315789474,0.07794024327265175
Botani 13 Muscat Srra Malaga,4074.58,16.037169811320755,0.2765034045114001
Botromagno Gravina,89.88,7.49,0.12913815368647188
Bouchaine Chard Carneros,6044.639999999999,17.99,0.31017294857404926
Bouchaine Pnt Nr Carneros,13762.349999999999,17.99,0.31017294857404926
Bouchaine Pnt Nr W Lindsay V,16943.22,24.99,0.4308628118324342
Bouchaine Terraces Vyd Pnt N,17368.05,24.99,0.4308628118324342
Bouchard Aine & Fils B Chard,3330.04,16.99,0.29293153953713713
Bouchard Aine & Fils B Pnt N,5181.95,16.99,0.29293153953713713
Bouchard Aine & Fils Chard,6232.37,11.063170731707318,0.19074465183056036
Bouchard Aine & Fils Fixin,1599.6000000000001,39.99,0.6894839473861163
Bouchard Aine & Fils Mersult,3247.42,55.99,0.9653464919767103
Bouchard Aine & Fils Pnt Nr,7971.76,11.03054054054054,0.19018206135770133
Boundary Breaks Dry Rsl #239,721.62,18.99,0.3274143576109614
Boundary Breaks OLN Rsl,6440.83,15.463053892215568,0.26660483711550487
Boundary Breaks Rsl Rsv #198,359.82,19.99,0.3446557666478735
Bouvet Brut,2064.21,8.29,0.14293128091600157
Bouvier Marsannay Rose,545.79,25.99,0.4481042208693463
Bouvier Marsannay Roug Clos,1295.52,26.99,0.4653456299062585
Bouvier Morey St Denis Rue d,1812.63,48.99,0.8446566287183254
Bouza Merlot Tannat 12,850.54,18.49,0.31879365309250535
Bouza Tannat Las Violetas,5664.99,18.726486486486486,0.32287101333772106
Bouza Temp Tannat,699.72,24.99,0.4308628118324342
Bowen's American Whiskey,11385.6,26.10464968152866,0.4500809429245337
Bowman Brothers Small Batch,25521.489999999998,29.99,0.5170698570169948
Bowman Vodka,229056.21,8.99,0.1550002672418401
Bowman's Gin,144.67000000000002,6.29,0.10844846284217731
Bowman's Light Vodka,618.88,5.103207547169812,0.0879864887210118
Bowman's Rum,172.27,7.49,0.12913815368647188
Bowman's Vodka,47211.66,5.789999999999999,0.09982775832372123
Bowmore 12-Yr Scotch,72319.23,45.88955022488756,0.7912005059472096
Bowmore 25 Yr Single Malt,2579.94,429.99,7.413633471781848
Bowmore Darkest Islay 15 Yr,27215.23,72.24377643504532,1.2455844998878502
Bowmore Islay 18-Yr Sgl Malt,11699.1,129.99,2.241210760708208
Bowmore Legend Single Malt,242.91,26.99,0.4653456299062585
Bowmore Mizurana,7999.92,999.99,17.241236622821766
Bowmore Small Batch Sngl Mlt,59392.450000000004,38.197335329341314,0.6585758825332684
Boya Pnt Nr,7867.08,15.989999999999998,0.275690130500225
Boya Svgn Bl,6995.0,13.99,0.24120731242640073
Boyle MacDonald Cab Svgn Nap,11497.74,26.99,0.4653456299062585
Bracero Blanco Tequila,11660.730000000001,35.69212765957447,0.6153825723764088
Bracero Reposado Tequila,14894.4,28.67582375478927,0.4944116068267233
Brady's Irish Cream,54299.229999999996,17.11242849974912,0.2950423793790873
Brancaia Blu Rosso Toscana,1649.78,74.99,1.2929332636780408
Brancaia Tre Rosso Toscana,17381.26,17.85622073578595,0.3078664055590777
Brancott Estate 'B' Svgn Bl,31.47,10.49,0.1808623807972083
Brancott Pnt Nr Marlboro,7065.1900000000005,10.550646900269541,0.18190801881157626
Brancott Svgn Bl Marlboro,203016.11,9.41850122850123,0.16238823219524912
Brandborg Benchlands Pnt Nr,24.99,24.99,0.4308628118324342
Brandini Barbera d'Alba,929.38,14.99,0.2584487214633129
Brandini Dolcetto d'Alba,489.65000000000003,13.989999999999998,0.24120731242640073
Brazin Old Vine Znfdl Lodi,26868.4,14.46465034965035,0.24939095325423577
Bread & Butter Chard,221166.75,12.991565435190982,0.22399289369793707
Bread & Butter Pnt Nr,62560.33,12.917699071812407,0.22271933351285791
Breca OV Garnacha Calatayud,31455.76,14.151470823341327,0.24399129693915556
Bregeon Muscadet Sevre et M,1613.1499999999999,18.955517241379308,0.32681982626486095
Brenne 10 Yr French Whiskey,6199.38,99.99000000000001,1.7239684896008443
Brenne French Sng Mlt Whisky,3275.2200000000003,41.99,0.7239667654599405
Brewer-Clifton 3D Chardonnay,179.97,59.99,1.034312128124359
Brewer-Clifton Machado Pnt N,364.95,72.99,1.2584504456042165
Brewer-Clifton Sta. Rita Cha,1119.68,34.99,0.6032769022015555
Brewer-Clifton Sta. Rita Pnt,2690.31,38.99,0.6722425383492041
Bridlewood Blend 175 C C,4453.27,11.941219512195122,0.20588345000931246
Bridlewood Cab Svgn,18987.82,11.799968847352027,0.20344808952001686
Bridlewood Chard Monterey,11816.62,11.401910669975187,0.19658500566337506
Bridlewood Pnt Nr,9520.47,9.99,0.17224167627875223
Bridlewood Pnt Nr Monterey C,22869.85,11.026018957345972,0.19010410289234933
Bridlewood Slct Pnt Nr Lucia,5436.6,15.990000000000002,0.27569013050022506
Bridlewood Viognier,21530.61,13.99,0.24120731242640073
Briggs Lockhart Cab Svgn,1091.1599999999999,12.99,0.22396590338948863
Briggs Lockhart Chard,324.75,12.99,0.22396590338948863
Bright Light White,370.47,6.990000000000001,0.12051744916801582
Brinley Gold Shipwrck Coffee,149.94,24.99,0.4308628118324342
Brinley Gold Shipwreck,119.94,19.99,0.3446557666478735
Brinley Gold Shipwrk Coconut,449.82,24.99,0.4308628118324342
Brinley Shipwreck Coconut Cr,59346.229999999996,4.903456889605157,0.08454250592854741
Brinley Shipwreck Mango Rum,10135.25,21.518925619834707,0.37101659864645814
Briottet Creme de Framboise,59.98,29.99,0.5170698570169948
Brittan Vyds Chard Wlmete Vy,3912.09,42.99,0.7412081744968526
Broadbent Auction RSV,5742.33,21.517027027027027,0.3709838642312664
Broadbent Gruner Veltliner,16273.27,13.91148148148148,0.2398535425316506
Broadbent Madeira Rainwater,8072.889999999999,15.831232227488151,0.2729527503924688
Broadbent Vinho Verde Rose,26608.49,10.522374100719425,0.18142055590991407
Broadbent Vinho Verde Wh,43732.520000000004,10.635236977944626,0.18336647094123654
Broadside Cab Svgn Paso Rob,326.94,10.84,0.18689687396012752
Broadside Margarita 13 Cab S,3558.22,19.99,0.3446557666478735
Broker's London Dry Gin,32526.71,17.836335697399527,0.30752355947854265
Brookdale Cab Svgn Napa,5847.0599999999995,20.305068493150685,0.35008799141292807
Brooklyn Gin,33493.33,38.619575402635434,0.6658558963487081
Brooks Janus Pnt Nr,1055.68,32.99,0.5687940841277314
Brooks Pnt Nr Willamette,499.79999999999995,24.99,0.4308628118324342
Brooks Rsl Willamette,19.99,19.99,0.3446557666478735
Brooks Runaway Red,263.88,21.99,0.3791385847216978
Brora 37 Yr Old Single Malt,1999.99,1999.99,34.4826456597339
Brotherhood Holiday Spiced,1425.39,4.717272727272728,0.08133242862957915
Brotte Espirit CdR,42674.68,8.011494370522007,0.1381294514390888
Brotte La Griveliere CDR,9872.880000000001,9.77849407783418,0.168595016160962
Brotte Optimum Chat du Pape,9197.7,39.99,0.6894839473861163
Brousko Dry Red,131.88,10.99,0.18948308531566435
Brown Jug Cream Bourbon,12172.589999999998,18.99,0.3274143576109614
Browne Family Vyds Cab Svgn,7402.02,36.431176470588234,0.6281248152253407
Browne Family Vyds Tribute R,6455.9,30.63444444444444,0.5281809872852271
Brownstone Cab Svgn Cal,1357.49,8.99,0.1550002672418401
Brownstone Chard Cal,278.69,8.99,0.1550002672418401
Brownstone Merlot Cal,467.48,8.99,0.1550002672418401
Brownstone Moscato,116.86999999999999,8.99,0.1550002672418401
Brownstone Pnt Nr,359.59999999999997,8.99,0.1550002672418401
Brugal Anejo Rum,76435.68,17.69141700404858,0.3050249570093842
Brugal XV Rum,9971.01,24.99,0.4308628118324342
Bruichladdich Islay Barley,16857.43,65.64217391304348,1.1317635705069056
Bruichladdich Octomore 61,7589.3099999999995,109.99,1.8963825799699654
Bruichladdich Rocks Sngl Mlt,899.8199999999999,49.99,0.8618980377552377
Bruichladdich Scotish Barley,36532.73,50.24577557755776,0.8663079691095633
Bruichladdich Wee Laddie Box,1199.8,59.989999999999995,1.0343121281243588
Bruno Colin Chass-Mont Morge,1979.78,89.99,1.551554399231723
Bruno Colin Chass-Mont Rouge,551.92,68.99,1.189484809456568
Bruno Giacosa Extra Brut,214.95000000000002,42.99,0.7412081744968526
Bruno Giacosa Roero Arneisxc,149.88,12.49,0.21534519887103257
Buchanans Deluxe 12Yr Scotch,611353.35,40.89943506115318,0.7051638892679674
Buchanans Deluxe 18 Yr Old,93502.43,68.87391608391609,1.1874833591767588
Buck Bourbon 8 Yr,8606.93,28.03946996466431,0.4834399708389896
Buehler Cab Svgn Napa,70717.5,24.315498575498577,0.4192334568766253
Buehler Chard RRV,161330.26,12.784234592445328,0.22041821783219157
Buehler Estate Cab Svgn Napa,4271.69,32.675714285714285,0.5633753555732731
Buehler Wh Znfdl Napa,2037.96,9.99,0.17224167627875223
Buehler Znfdl Napa,119616.75,12.07198821419421,0.20813808668970485
Buena Vista Cab Svgn Sonoma,1273.51,25.99,0.4481042208693463
Buena Vista Ch Napa Vly Cab,2924.3500000000004,44.99,0.775690992570677
Buena Vista Champagne Vctoir,499.90000000000003,49.99,0.8618980377552377
Buenas Tempranillo,252.77,10.99,0.18948308531566435
Buffalo Trace Bourbon,412468.63999999996,25.198503275244096,0.43445770208645357
Buglioni Bugiardo Ripasso,199.92,24.99,0.4308628118324342
Buglioni Disperato Bianco,2392.74,18.99,0.3274143576109614
Buglioni L'Amarone,4289.22,54.99,0.9481050829397982
Buil & Gine Montsant 17X1,2077.29,13.03705882352941,0.22477726381475502
Buil & Gine Priorat Red,20.99,20.99,0.36189717568478563
Buil & Gine Priorat White,47.98,23.99,0.41362140279552206
Bulldog Gin,26138.75,21.451181923522594,0.36984860186866864
Bulleit 10 Yr Old Bourbon,134604.65,40.39774677217826,0.6965140762687222
Bulleit 95 Rye,916830.89,27.904881417774305,0.48111947465037536
Bulleit Bourbon,1429562.88,28.866903707915366,0.49770609445732433
Bullet Proof Picasso Svgn Bl,131.88,10.99,0.18948308531566435
Bully Boy American Whiskey,47924.02,29.989999999999995,0.5170698570169948
Bully Boy Boston Rum,26798.09,27.03449938195303,0.4661128619524005
Bully Boy Old Fashioned RTD,26673.73,23.658646080760093,0.40790839433792286
Bully Boy Vodka,17696.829999999998,24.742886836027715,0.42660223269398256
Bully Boy White Rum,335.88,27.99,0.4825870389431706
Bully Boy White Whiskey,55.98,27.99,0.4825870389431706
Bully Hill Goat Wh Semi-Dry,9643.8,9.423048433048434,0.16246663240882198
Bully Hill Love My Goat Rd,44356.8,9.456101694915255,0.163036517216672
Bully Hill NY Rsl,155.88,12.99,0.22396590338948863
Bully Hill Sweet Walter Rd,70914.78,9.502406616862327,0.16383487931638377
Bunnahabain 18Yr Single Malt,3549.75,141.99,2.448107669151154
Bunnahabhain 12 Yr Single,64902.490000000005,56.4013475177305,0.9724387027862204
Bunraku Nihonjin No Wasuremo,1230.01,6.051290322580646,0.10433277165272088
Buoncristiani Family Chard,1835.49,35.99,0.6205183112384678
Buoncristiani Family Red OPC,1139.77,49.08090909090909,0.8462240295398629
Burgans Albarino Baixas Rio,93003.18000000001,12.30941031941032,0.21223157832014056
Burgess Cab Svgn Napa,66261.44,35.73379562043796,0.6161009867333902
Buried Cane Cab Svgn,6978.2300000000005,14.664418604651162,0.252835239451295
Buried Cane Chard,4859.17,12.669536679536678,0.21844066420005342
Burnett's Peach Vodka,19177.29,0.99,0.01706899494654301
Burnetts Gin,166549.45,12.734899572987507,0.21956761258187527
Burnetts Peach Vodka,28067.33,9.820376940133038,0.1693171357214933
Burnetts Pineapple Vodka,26245.35,9.903857677902622,0.1707564612680819
Burnetts Vodka,731677.26,9.742082814704174,0.16796723467978694
Bushmills 10 Yr Irish Whisky,41317.92,40.99,0.7067253564230284
Bushmills 16 Yr Old Irish W,2045.6899999999998,65.99,1.1377605823458317
Bushmills 21 Year Old Irish,3119.7,103.99,1.7929341257484928
Bushmills Black Bush,113444.31999999999,28.00656381942189,0.4828726225290369
Bushmills Blackbush VAP,6681.639999999999,28.404772727272725,0.4897383051914353
Bushmills Irish Honey,16814.16,21.36231968810916,0.3683164917199713
Butter Chard,368418.66,14.701352093342486,0.2534720248369822
Butterfly Kiss Chard,1076.4,2.99,0.05155181302036728
Butterfly Kiss Moscato,1653.47,2.99,0.05155181302036728
Butterfly Kiss Pnt Grigio,107.64,2.99,0.05155181302036728
Butternut Chard,120864.65,13.659987546699876,0.23551743273177841
Butternut Pnt Nr Cal,20259.68,14.431647597254004,0.24882193930082647
Byron Pnt Nr Nielson Vyd SMV,575.8199999999999,31.99,0.5515526750908192
Byron Santa Barbara Chard,2422.3,14.253157894736843,0.2457445253308513
Byron Santa Barbara Pnt Nr,16033.13,18.085057034220533,0.3118118657828812
Byrrh Apertif,689.56,15.878888888888888,0.27377441838501254
C Back Goats Do Roam Rouge,19281.55,8.68073916737468,0.14966817472745092
C K Mondavi Cab Svgn,86784.93000000001,10.600765703805594,0.18277213760378197
C K Mondavi Chard,125279.82,10.090090009000901,0.173967369064445
C K Mondavi Merlot,29571.07,11.432148760330579,0.1971063529476875
C K Mondavi Moscato,43.96,10.99,0.18948308531566435
C K Mondavi Scarlet Five Red,65.94,10.99,0.18948308531566435
C K Mondavi Svgn Bl Cal,71.94,11.99,0.20672449435257648
C K Mondavi Wh Znfdl,153.8,7.836153846153847,0.13510633373771072
C K Mondavi Willow Spr Chard,83.89,7.590000000000001,0.1308622945901631
C K Mondavi Willw Pnt Grigio,11470.99,11.480045941807045,0.19793216784523845
C Krug Cab Svgn,62053.75,27.774845650140318,0.47887747479116893
C Krug Chard,902.54,19.626363636363635,0.33838616336172367
C Krug Merlot Napa,16160.679999999998,22.209665271966525,0.3829259235268772
C Krug RSV Generations Napa,513.9,51.32333333333334,0.8848865831377872
C Krug Svgn Bl Napa,9075.53,16.651490683229813,0.28709516194389667
C Krug Vnt Slctn Np Cab Svgn,99.99,99.99,1.7239684896008443
C Monaci Kreos Rosato,395.78,17.99,0.31017294857404926
C R Clrs Fortissimo Red,34766.189999999995,21.99,0.3791385847216978
C Shelton Monga Zin Znfdl,399.79999999999995,19.990000000000002,0.34465576664787356
C Y Toro Carmenere Terrunyo,175.92,21.99,0.3791385847216978
C Y Toro Carmenere de Casa,14624.21,18.82111111111111,0.32450247519583847
C Y Toro Casa Diablo Chard,7148.72,9.844489164086687,0.16973286443746777
C Y Toro Casa Diablo Merlot,11893.09,9.996220839813374,0.1723489323225277
C Y Toro Casa Diablo Svgn Bl,21481.09,9.400404624277456,0.16207622123964796
C Y Toro Casa Diblo Cab Svgn,78070.79000000001,9.24992742353551,0.15948178227092652
C Y Toro Casillero Carmenere,83915.46,9.37200507614213,0.16158657301378332
C Y Toro Casillero Diab Malb,21557.6,10.193258339798295,0.1757461364553783
C Y Toro Casillero Pnt Nr,11780.19,10.111495327102803,0.17433642690940507
C Y Toro Diablo Red,11.99,11.99,0.20672449435257648
C Y Toro Don Melchr Cab Svgn,8250.97,80.15666666666667,1.3820138770354202
C Y Toro Front Cab/Merlot,92977.79,9.3332944606414,0.16091914745786456
C Y Toro Frontera Cab Svgn,13222.66,9.578159588159588,0.16514096728028133
C Y Toro Frontera Carmenere,9385.73,9.637058823529411,0.1661564730892538
C Y Toro Frontera Chard,44909.56,9.567046181984454,0.1649493564986225
C Y Toro Frontera Malbec,62584.53,9.406903225806452,0.16218826628677727
C Y Toro Frontera Merlot,32049.55,9.602525987525988,0.1655610783385142
C Y Toro Frontera Pnt Grigio,9999.47,9.520744336569578,0.16415104744266074
C Y Toro Frontera Pnt Nr,32.45,6.49,0.11189674464955975
C Y Toro Frontera Shiraz,6523.13,9.522119914346895,0.16417476434178155
C Y Toro Frontera Svgn Bl,33142.04,9.53784102060844,0.1644458183653496
C Y Toro Frontera Vintage Re,104.65,2.99,0.05155181302036728
C Y Toro Gran Reserva Cab Sv,29999.829999999998,14.229015151515151,0.24532827041969302
C Y Toro Gran Rsva Carmenere,12490.52,13.226051502145923,0.228035763891764
C Y Toro Marques Cs Cab Svgn,14994.98,18.726947791164655,0.322878966880368
C Y Toro Privada Rsv Casa Di,17018.14,14.41091836734694,0.24846453816897854
C&P Breton Chinon St Louand,1024.59,24.989999999999995,0.4308628118324341
C'Est La Vie Chard/Svgn Bl,31434.71,8.012189349112425,0.1381414338492381
C'est La Vie Pnt Nr/Syrh VDP,31896.11,8.006783216783218,0.13804822451044257
C'est La Vie Syrah-Grenache,27.98,13.99,0.24120731242640073
CC Ranch Cab Svgn CC Ranch,1994.81,104.99,1.810175534785405
CK Mondavi Blonde Five,65.94,10.99,0.18948308531566435
CYT Diablo Devil's Coll Red,44.97,14.99,0.2584487214633129
Ca Del Monte Amarone Red,20472.530000000002,45.914924924924925,0.7916380015297427
Ca'Bianca Chersi Barbera 12,39.98,19.99,0.3446557666478735
Ca'Momi Bianco di Napa,3763.66,8.29,0.14293128091600157
Ca'Momi Cab Svgn Napa,57193.35,20.375682980277574,0.3513054846694145
Ca'Momi Chard Napa Vly,19209.66,16.96970479704797,0.2925816216415541
Ca'Momi Chard Rsv Napa,4408.53,29.989999999999995,0.5170698570169948
Ca'Momi Merlot Napa Valley,154967.99,10.911276107413357,0.18812577448260012
Ca'Momi Pinot Noir Napa Vall,9584.619999999999,21.931348973607037,0.378127358385222
Ca'Momi Rosso di Napa,11248.74,9.99,0.17224167627875223
Ca'Montini Pinot Grigio Tre,39881.84,15.224172906739279,0.26248619233376747
CaRome Barbaresco Chiarmanti,823.9,82.65666666666665,1.4251173996277002
Caballero la Cepa Rsv Malbec,47.97,15.99,0.275690130500225
Cabin Fever Maple Liqueur,94099.18999999999,9.563742349604418,0.1648923937731689
Cabo Wabo Anejo Tequila,66420.86,43.867140729709604,0.7563313166007115
Cabo Wabo Blanco Tequila,212452.59,32.053371356147025,0.5526452865633739
Cabo Wabo Reposado Tequila,109404.45000000001,38.335347862531435,0.6609554130702198
Cabot Trail Cana Cream Maple,45284.10999999999,18.97611111111111,0.3271748935965598
Cabot Trail Maple Whisky,13887.599999999999,19.000238907849827,0.32759089080929155
Cabreo Il Borgo Toscana,764.83,44.99,0.775690992570677
Cabreo La Pietra White,1253.58,30.09344827586207,0.5188534510552961
Cabrito Blanco,1043.42,17.99,0.31017294857404926
Cabrito Reposado,683.62,17.99,0.31017294857404926
Cadaretta Cab Svgn Clmbia Vy,836.6899999999999,26.99,0.4653456299062585
Cadaretta Svgn Bl Semillon C,275.88,22.99,0.39637999375860994
Cade Cab Svgn Howell Mtn,40198.32,85.8213725490196,1.4796813882268696
Cade Cab Svgn Napa Cuvee,19098.35,71.18594594594595,1.227346011733571
Cade Rsv Cab Svgn,1614.91,182.99,3.1550054396645515
Cade Svgn Bl Napa Cuvee,1469.54,32.02225806451613,0.5521088495758808
Cadet D'Oc Cab Svgn Rthschld,178.85000000000002,11.74,0.20241414209334843
Cadet d'Oc Chard Rothschild,32.97,10.99,0.18948308531566435
Cafaggio Basilica Chianti Cl,16454.27,15.345350066050198,0.26457545730337806
Caffo Amaretto Liqueur,9515.08,14.929356435643564,0.2574031409647873
Caffo Anisette di Calabria,143.92,17.99,0.31017294857404926
Caffo Dominique Brandy Rsva,344.84999999999997,22.99,0.39637999375860994
Caffo Grappa Italiana,373.83,21.99,0.3791385847216978
Caffo Limoncino Dell'l Sola,11186.84,14.663378076062639,0.25281729927228563
Caffo Sambuca Secolare,11412.76,14.838583877995642,0.25583809416905273
Caffo Vecchio Amaro del Capo,4815.8099999999995,21.99,0.3791385847216978
Caillot Bourgogne Rouge,131.94,21.99,0.3791385847216978
Cakebread Benchland Cab Svgn,7599.24,99.99,1.7239684896008443
Cakebread Cab Svgn,110158.04999999999,64.99,1.1205191733089195
Cakebread Chard,194360.12,37.46516714422158,0.6459522713698055
Cakebread Chard Rsv,2969.46,54.99,0.9481050829397982
Cakebread Clrs Cab Svgn 11,779.94,129.99,2.241210760708208
Cakebread Clrs Two Creeks 12,16155.960000000001,39.99,0.6894839473861163
Cakebread Dancing Bear Cab S,3909.66,114.99,1.9825896251545259
Cakebread Merlot Napa,20299.77,47.99,0.8274152196814133
Cakebread Svgn Bl,102029.47,23.99,0.41362140279552206
Cakebread Vine Hill Cab,1699.83,99.99,1.7239684896008443
Calaches Lanessan Haut-Medoc,1196.37,18.99,0.3274143576109614
Calandray RSV Cotes Roussiln,215.88,17.99,0.31017294857404926
Caldwells Vodka,111508.19,10.149966024915063,0.1749997159463217
Caledonia Barr Hill Gin VAP,32893.42,49.99,0.8618980377552377
Calera Central Chard,155.88,12.99,0.22396590338948863
Calera Ctrl Coast Chard,5301.33,19.92150684931507,0.3434748482206878
Calera Ctrl Coast Pnt Nr,3221.8399999999997,27.61962962962963,0.47620133189246244
Calera Jensen Mt Hrln Pnt Nr,818.91,90.99,1.5687958082686349
Calera Mills Vyd Pnt Nr,5075.23,65.85363636363637,1.1354094811135256
Calera Mt Harlan Chard,1784.55,40.29434782608696,0.6947313327451765
Calera Reed Vyd Pnt Nr,354.95,70.99,1.2239676275303921
Calera Ryan Vyd Pnt Nr,719.88,59.99,1.034312128124359
Calera Selleck Vyd Pnt Nr,2687.72,95.99,1.6550028534531955
Calera Viognier Mt Harlan,143.96,35.99,0.6205183112384678
Calera de Villiers Pnt Nr,989.82,54.99,0.9481050829397982
Calico Jack Cherry Rum,203.88,16.99,0.29293153953713713
Calico Jack Coconut Rum,179783.85,13.42126022913257,0.23140143740131575
Calico Jack Mango Rum,15592.14,12.138048452220726,0.20927705827459578
Calico Jack Pin/Coc Rum,95228.84,13.22588379705401,0.22803287241967676
Calico Jack Silver Rum,118800.69,13.163766627378347,0.22696188488908342
Calico Jack Spiced Rum,343950.56,11.105434272300469,0.19147333482127504
Calico Jack Spiced Rum No 94,61012.58,11.465810132359653,0.19768672243158444
California 37 Cab Svgn,142.87,10.99,0.18948308531566435
Calista Pnt Nr The Coast Ran,199.92,24.99,0.4308628118324342
Callaway Svgn Bl Cellar Slct,31.950000000000003,6.390000000000001,0.11017260374586854
Callia Alta Malbec,9461.46,8.968947368421052,0.15463729020948402
Callia Alta Pnt Grigio,4728.74,8.99,0.1550002672418401
Calling All Angels Chard,9963.53,7.99,0.13775885820492795
Calma Rioja,255.84,15.99,0.275690130500225
Calmel & Joseph CdRoussillon,3973.16,13.99,0.24120731242640073
Calmel & Joseph Chard,2432.69,7.827301587301587,0.13495370832193826
Calmel & Joseph Terra Larzac,2478.7599999999998,19.99,0.3446557666478735
Calumet Bourbon,83086.68000000001,45.38369085173502,0.7824787775795307
Calumet Farm Bourbon VAP,7199.41,45.08183673469388,0.7772743872781485
Calvados Boulard Grnd Brandy,26359.98,37.56913669064749,0.6477448528471168
Calvados Marquis De St Loup,29521.309999999998,30.407274939172748,0.5242642649241249
Calypso Silver Rum,7205.26,4.094465709728867,0.07059435808904614
Calypso Spiced Rum,189110.7,11.529132330499236,0.1987784863508254
Camarena Reposado Tequila,115963.75,31.99,0.5515526750908192
Camarena Silver Tequila,207243.15999999997,25.700219922380338,0.4431080040203576
Cambas Mantinia Attica Wh,233.82,12.99,0.22396590338948863
Cambas Mavrodafne of Patras,5001.15,12.99,0.22396590338948863
Cambas Nemea RSV Attica Rd,179.88,14.99,0.2584487214633129
Cambria Clone-4 Pnt Nr,351.84,21.99,0.3791385847216978
Cambria Julias Vyd Pnt Nr,44194.119999999995,20.214025974025972,0.348518290100948
Cambria Katherine Vyd Chard,1710.93,15.99,0.275690130500225
Cambria Katherines Chard,52837.03,18.287582145071294,0.3153036840593052
Cambridge & Sunset Pnt Nr,6808.1,13.770373831775702,0.23742064782483596
Cambridge Chard Carneros,1743.0399999999997,18.170722891566264,0.31328886586987675
Cambridge Pnt Nr RRV,174.92999999999998,24.99,0.4308628118324342
Cambrige Meritage Napa Vly,1282.4399999999998,22.876363636363635,0.39442074273168803
Camelot Cab Svgn,207.76999999999998,9.790000000000001,0.16879339447136982
Camelot Chard,9.99,9.99,0.17224167627875223
Camelot Merlot,98.91,10.99,0.18948308531566435
Camelot Pnt Nr,53.94,8.99,0.1550002672418401
Cameron Hughes Cam Col Cab S,9603.24,14.146565656565656,0.24390672495238191
Cameron Hughes Cam Coll Char,297.79,14.156666666666666,0.24408088059921945
Camigiliano Brunello Di Mont,3079.23,39.99,0.6894839473861163
Camila Malbec,234.96,9.79,0.16879339447136976
Camp Cab Svgn Sonoma County,1167.27,15.99,0.275690130500225
Camp Chard Sonoma Cnty,1387.0,13.89,0.23948317152270954
Camp Meeting Ridge Chard,2321.73,85.99,1.4825887630840742
Camp Meeting Ridge Pnt Nr,650.93,92.99,1.6032786263424592
Camp Merlot Sonoma Cnty,575.64,15.99,0.275690130500225
Camp Robber Whiskey,6298.6,44.99,0.775690992570677
Campari,278457.14999999997,29.989999999999995,0.5170698570169948
Campari Negroni,10427.02,34.99,0.6032769022015555
Campo Al Mare Bolgheri,1124.55,24.99,0.4308628118324342
Campo Viejo Gr Cava Brut Rsv,31702.09,10.256257668711656,0.17683233365422452
Campo Viejo Gran RSV Rioja,54738.579999999994,17.44604083947816,0.3007943261881169
Campo Viejo Tempranillo,45968.33,9.512645290581162,0.1640114084779657
Campo Viejo Tempranillo RSV,99151.21,12.168534571723425,0.20980268193088997
Campus Oaks Old Vines Znfdl,2574.16,13.99,0.24120731242640073
Camus Elegance VS Cognac,14707.5,21.566470588235294,0.37183634089429973
Camus Elegance XO,5329.59,129.99,2.241210760708208
Camus Extra Elegance,8839.74,339.99,5.861906658459756
Camus Grand VSOP Elegance,22903.68,36.39134529147982,0.62743806957391
Can Blau Tinto Montsant,95.94,15.99,0.275690130500225
Canada House Canadian Whisky,27748.98,11.844681647940074,0.20421900120414133
Canadian Club,1819338.25,9.262065788340653,0.15969106478357123
Canadian Club 1858,138305.41,10.443347329134593,0.18005802301615334
Canadian Club 1858 VAP,18716.25,10.50028403525955,0.18103969205566822
Canadian Club Classic,61452.77,21.02052325581395,0.3624234396234123
Canadian Club Rye,13742.409999999998,18.096280193236712,0.3120053688581655
Canadian Club Sherry Cask,413.82,22.99,0.39637999375860994
Canadian Club Traveler,96493.44,10.434989185291998,0.17991391683937383
Canadian Club Triple Aged,68543.69,13.357272727272727,0.2302982027085
Canadian Hunter Rye,10124.73,0.99,0.01706899494654301
Canadian Hunter Rye Whiskey,16575.24,12.990000000000002,0.22396590338948866
Canadian Hunter Whiskey,49782.48,11.99,0.20672449435257648
Canadian Hunter Whisky,14073.84,0.99,0.01706899494654301
Canadian Ltd,899113.04,10.438019378740384,0.17996616164407842
Canadian Ltd Traveler,61361.97,7.493359899984373,0.12919608309642558
Canadian Mist,518760.53,13.754138035877167,0.23714071982670948
Canadian Mist Traveler,23178.94,7.843773584905661,0.13523770877028515
Canadian Regal,167333.36000000002,10.108319247708607,0.17428166682543603
Canadian Regal Apple,11491.960000000001,9.630801001251564,0.16604857941568116
Canadian Rich & Rare,74835.84,11.5525,0.19918137789892743
Canaletto Mntplcno Abruzzo,4111.21,8.664329501915708,0.1493852489731139
Canaletto Pnt Grigio Venezie,561.37,9.066923076923077,0.1563265294754487
Canaletto Pnt Nr Pavia,359.64,9.99,0.17224167627875223
Canary Hill Vyd Pnt Nr,144.95,28.99,0.4998284479800827
Candia Vyds Black Ice,15478.47,27.990000000000002,0.4825870389431707
Candia Vyds Classic Cab Svgn,7092.93,13.99,0.24120731242640073
Candia Vyds Diamond,7345.1,14.99,0.2584487214633129
Candia Vyds Ice Storm,16066.259999999998,27.99,0.4825870389431706
Candia Vyds Noiret Vault RSV,6640.57,14.99,0.2584487214633129
Candoni Moscato,362.25,14.49,0.24982801694485685
Candor Znfdl,167.88,13.99,0.24120731242640073
Canella Bellini Cocktail Vnz,4442.58,12.99,0.22396590338948863
Canella Bellini Fusion,9320.44,5.99,0.10327604013110368
Canella Prosecco,4311.360000000001,4.99,0.08603463109419154
Canella Prosecco Di Conegli,9224.66,17.296990881458964,0.2982244948949733
Canella Rose Brut,197.64,5.49,0.0946553356126476
Cannonball Cab Svgn Cal,71724.58,14.901407291258328,0.2569212583342097
Cannonball Chard,30223.989999999998,14.973314794215796,0.25816104500552234
Cannonball Merlot,1342.21,16.99,0.29293153953713713
Cannonball Svgn Bl,15158.789999999999,14.908305597579425,0.2570401948551536
Canoe Ridge Cab Svgn Col Vly,959.1999999999999,11.99,0.20672449435257648
Canoe Ridge Chard Colum Vly,779.35,11.99,0.20672449435257648
Canoe Ridge Red Columbia Vly,707.41,11.989999999999998,0.20672449435257648
Cantele Chard Salento,350.72999999999996,12.99,0.22396590338948863
Cantele Primitivo Salento,671.52,13.99,0.24120731242640073
Cantele Salice Salentino Rsv,9190.06,13.182105263157894,0.2272780688097375
Cantina Gabriele Dolc White,808.75,10.853636363636365,0.18713198408335818
Cantine Cantena Fiano Avelno,322.83,18.99,0.3274143576109614
Cantine Cantena Taurasi,359.88,29.99,0.5170698570169948
Cantine Maschio Prosecco Brt,81831.25,10.909943222143365,0.1881027936624609
Cantine Maschio Sparkling Ro,1295.94,7.796451612903225,0.13442181129455785
Canvasback Red Mtn Cab Svgn,9552.550000000001,38.99,0.6722425383492041
Canyon Oaks Cab Svgn Cal,7689.9,10.07,0.1736209890017052
Canyon Oaks Chard Cal,10530.64,10.062992700729929,0.17350017328874584
Canyon Oaks Merlot Cal,5776.0599999999995,8.220769230769232,0.14173764490575386
Canyon Oaks Pink Moscato,71.88,5.99,0.10327604013110368
Canyon Oaks Shiraz Cal,89.85,5.989999999999999,0.10327604013110367
Canyon Oaks Wh Znfdl Cal,748.9,7.808181818181819,0.13462405656185303
Canyon Oaks Znfdl Cal,143.76,5.99,0.10327604013110368
Canyon Rd Cab Svgn,20145.09,7.203521126760563,0.12419885425251705
Canyon Rd Chard,37690.45,7.184464944649447,0.12387029882205741
Canyon Rd Merlot,8207.869999999999,8.99,0.1550002672418401
Canyon Rd Merlot Cal,5719.26,4.79,0.08258634928680912
Canyon Rd Moscato,3602.08,4.79,0.08258634928680912
Canyon Rd Pnt Grigio,28997.079999999998,7.376440677966102,0.127180230965331
Canyon Rd Pnt Nr,10269.76,4.79,0.08258634928680912
Canyon Rd Svgn Bl,4536.13,4.79,0.08258634928680912
Canyon Rd Wh Znfdl,5548.9,7.073221476510068,0.12195230468518166
Caol Ila 12 Yr Islay Single,76535.94,58.64953488372093,1.0112006207548796
Caol Ila 17 Yr Single Malt,1799.85,119.99,2.0687966703390868
Capanna Brllo di Montalcino,287.96,71.99,1.2412090365673045
Capanna Brunello Montalcino,5999.9800000000005,58.44454545454546,1.007666314158222
Capanna Rosso di Montalcino,1430.98,14.275714285714287,0.24613342929408993
Caparzo Brnllo di Montalcino,20286.66,37.99,0.6550011293122919
Cape Indaba Chard S Africa,5071.53,9.29812324929972,0.160312746216799
Cape Indaba Svgn Bl S Africa,17601.99,9.27785046728972,0.15996321488984844
Cape Mentelle Sem/Svgn Bl,715.34,10.823333333333332,0.18660951714284563
Cape Point Vyds Svgn Bl,367.84,22.99,0.39637999375860994
Capel Premium Pisco,1986.58,13.99,0.24120731242640073
Capeside Cellars Svgn Blanc,19.47,6.489999999999999,0.11189674464955972
Capezzana Barco Reale d Carm,481.6,11.95551724137931,0.20612996300647604
Caposaldo Moscato,167.88,13.99,0.24120731242640073
Caposaldo Pnk Merlot Moscato,164.89,14.99,0.2584487214633129
Caposaldo Pnt Grigio Veneto,152.83,8.99,0.1550002672418401
Caposaldo Prosecco Brut,9137.04,13.156253101736974,0.22683234112019116
Caposaldo Sweet Moscato,569.62,14.99,0.2584487214633129
Caposaldo Sweet Red Sprklng,254.82999999999998,14.99,0.2584487214633129
Capostrano Montepulciano Abr,798.1,8.468260869565217,0.14600474948345113
Cappelletti Apertivoch,459.77,19.99,0.3446557666478735
Cappezzana Trefiano Carmigno,299.94,49.99,0.8618980377552377
Caprai Montefalco Passito 06,3518.8999999999996,31.989999999999995,0.5515526750908191
Caprai Montefalco Rosso 09,813.3199999999999,13.152790697674417,0.22677264439549755
Capri Natura Limoncello,3807.01,13.09,0.2256900442931798
Capt Morgan Black Spiced Rum,129920.66,27.464750064086132,0.4735309899514677
Capt Morgan Cannon Blast,281585.68,14.596636564107948,0.2516665815649328
Capt Morgan Jack O Blast,81787.78,6.564074074074074,0.11317388605970137
Capt Morgan Lime Bite Rum,827.56,19.376363636363635,0.3340758111024956
Capt Morgan Long Isl Tea RTD,155357.44,16.048769088385008,0.27670339239179736
Capt Morgan Original Barrel,1635666.58,20.783733905579396,0.3583408575804337
Capt Morgan Parrot Bay Cocnt,92106.15,11.620575606144735,0.20035509726990453
Capt Morgan Parrot Bay Coco,94622.48999999999,23.93911421032793,0.41274406008161957
Capt Morgan Parrot Bay Mango,1034.31,14.99,0.2584487214633129
Capt Morgan ParrotBay Pineap,764.24,9.314324324324325,0.16059207557813593
Capt Morgan ParrotBayPassion,29.98,14.99,0.2584487214633129
Capt Morgan Private Stock,555259.77,29.001098509397277,0.5000198019203013
Capt Morgan Silver Spicd Rum,334500.85,21.892478977831168,0.3774571848887872
Capt Morgan Spiced Rum,6356320.62,13.535619991851148,0.2333731608477109
Capt Morgan Spiced Rum 100,573410.6,25.32784186601088,0.43668768163412147
Capt Morgan Spiced Rum Trav,447487.39999999997,15.63641986255819,0.26959391072326316
Capt Morgan Tattoo,1322.37,20.99,0.36189717568478563
Capt Morgan Tattoo Rum,52493.74,19.99,0.3446557666478735
Capt Morgan White,364780.94,10.508476656209632,0.18118094438455296
Capt Morgan White Coconut,96385.72,12.65694249069094,0.21822352263867595
Capt Morgan White Grapefruit,43522.3,10.568496299181925,0.18221576759928768
Capt Morgan White PET,220629.66999999998,19.997034547444112,0.34477705215774707
Capt Morgan White Pineapple,79102.77,12.813762376237623,0.22092731843050806
Caravan Cab Svgn,10347.93,49.99,0.8618980377552377
Caravella Limoncello,77476.40999999999,17.317349524815203,0.29857550659251486
Cardamaro Vino Amaro,5836.089999999999,19.963568281938326,0.3442000465852239
Cardhu Scotch,66515.93000000001,41.42310657596372,0.7141927240557953
Cardinale 12 Cab Svgn Napa,1499.94,249.99,4.3101798451376645
Cardinale Cab Svgn Napa Vly,1124.95,224.99,3.879144619214861
Caribaya Lemonade Punch,43.96,10.99,0.18948308531566435
Caribou Crossing Canadian,7398.52,49.99,0.8618980377552377
Carlo Rossi Blush Calif,4291.87,12.849154929577464,0.22153753591950096
Carlo Rossi Burgundy Calif,127684.59,12.966851851851853,0.22356679669881938
Carlo Rossi Chablis Calif,76148.05,14.7926195552848,0.25504560448009045
Carlo Rossi Chianti Cal,1016.13,11.79,0.20327621254519404
Carlo Rossi Moscato Sangria,1334.1100000000001,14.99,0.2584487214633129
Carlo Rossi Paisano Calif,146028.72,12.10320097526994,0.2086762386705829
Carlo Rossi Paisano Zip Tray,179.88,14.99,0.2584487214633129
Carlo Rossi RSV Cab Svgn Cal,4297.23,14.95470588235294,0.257840201144363
Carlo Rossi RSV Chard Cal,847.3,14.58090909090909,0.2513954177663943
Carlo Rossi RSV Merlot Cal,1822.82,15.570645161290322,0.26845986219442314
Carlo Rossi RSV Wh Znfdl Cal,1642.9499999999998,12.889999999999999,0.22224176248579738
Carlo Rossi Red Sangria Cal,3867.42,14.99,0.2584487214633129
Carlo Rossi Rhine Calif,27571.87,14.855300146412885,0.2561263061904052
Carlo Rossi Spanada Sangria,43827.3,6.99,0.12051744916801582
Carlo Rossi Sweet Red,1436.01,14.294347826086955,0.24645469778546095
Carmel Rd Liberated Rsl,419.72,14.99,0.2584487214633129
Carmel Road Chard Liberated,191.76,7.99,0.13775885820492795
Carmel Road Drew's Bl Pnt Nr,371.82,20.535454545454545,0.35406017157709835
Carmel Road Pnt Gris,111.48,9.29,0.1601726899529137
Carmel Road Pnt Nr Monterey,32418.22,16.36345971563981,0.2821291022163799
Carmel Road The Barrymore PG,842.49,16.19,0.27913841230760744
Carmel Road Unoaked Chard Mo,15242.94,15.152210338680925,0.26124545626252677
Carmenere Santa Rita 120,80.91,8.99,0.1550002672418401
Carnaval Brut Brazilian Sprk,90.92999999999999,12.99,0.22396590338948863
Carnaval Red Moscato Sparklg,175.84,10.99,0.18948308531566435
Carne Humana Red,664.81,34.99,0.6032769022015555
Carnivor Cab Svgn,335379.21,9.63543388834476,0.16612845691707676
Carol Shelton Coquille Blanc,39.98,19.99,0.3446557666478735
Carol Shelton Rocky Rsv Znfd,782.76,32.540000000000006,0.5610354500611209
Carol Shelton Wild Thing Zin,134.9,13.49,0.23258660790794466
Carolans Irish Cr Gift Set,7569.41,12.522846715328468,0.21591152252552967
Carolans Irish Cream,155762.04,17.71901055207218,0.30550070865763873
Carpano Antica Formula,104297.31,22.506802906448684,0.38804899502324464
Carpano Bianco Vermouth,2026.09,22.34593220338983,0.3852753574297513
Carpene Malvolti Prosecco,18339.13,16.097060518731986,0.2775360046953872
Carpene Malvolti Sprklg Rose,6666.66,19.956926070038907,0.3440855254929561
Carpineto Brunello Montalci,5813.97,56.400958904109594,0.972432002539825
Carpineto Cab Svgn Farnito,4657.48,24.572644628099173,0.42366701715173943
Carpineto Chianti Castldo 14,10795.7,10.00639344262295,0.17252432232853765
Carpineto Chianti Clsc,19843.88,16.367862595419847,0.28220501406760784
Carpineto Chianti Clsc RSV,72267.31999999999,20.800387065164134,0.35862798151659114
Carpineto Dogajolo Rose,16636.37,13.10963190184049,0.2260285259429842
Carpineto Dogajolo Tuscan R,48676.35,16.99,0.29293153953713713
Carpineto Dogajolo Tuscan Rd,181998.88,11.350143052807793,0.19569245900092577
Carpineto Dogajolo Tuscan Wh,49511.85,11.957116357504216,0.20615753402168308
Carpineto Molin Vecchio,479.79999999999995,23.99,0.41362140279552206
Carpineto Montepulciano 11,2247.35,7.406666666666666,0.1277013696000625
Carpineto Rosso di Montalcno,6489.599999999999,26.85274509803921,0.4629791619992312
Carpineto Valcolomba Verment,3608.9900000000002,11.99,0.20672449435257648
Carpineto Vino Nobile RSV d,39496.83,29.99,0.5170698570169948
Carrick Unravelled Pnt Nr,49.98,24.99,0.4308628118324342
Carstairs White Seal,5118.0599999999995,12.99,0.22396590338948863
Cartlidge & Browne Cab Svgn,167.88,13.99,0.24120731242640073
Cartlidge & Browne Chard,3952.27,9.65451612903226,0.16645746163411076
Cartlidge & Browne Pnt Nr,5115.0,12.836153846153845,0.22131337892227135
Casa E Mirafiori Barb d'Alba,972.63,25.921034482758618,0.4469151581771454
Casa Ferreirinha Esteva Doro,9411.18,12.082872570194384,0.2083257483236072
Casa Ferreirinha Papas Figos,509.66,14.99,0.2584487214633129
Casa Julia Merlot Rapel,215.82,11.99,0.20672449435257648
Casa Julia Svgn Bl Manta,2763.16,9.570152671755725,0.16500291675943796
Casa Lapostolle Merlot,1480.86,12.99,0.22396590338948863
Casa Lapostolle Merlot Chile,321.77,13.990000000000002,0.24120731242640078
Casa Lapostolle Svgn Bl,4695.6,10.710812182741117,0.18466949396018126
Casa Liliana Good Chard,582.47,10.99,0.18948308531566435
Casa Liliana Good Chianti,10012.67,8.744966887417219,0.1507755511202126
Casa Liliana Good Merlot,142.87,10.99,0.18948308531566435
Casa Liliana Good Pnt Grg,27656.78,8.859565217391305,0.15275138780224284
Casa Noble 3 Btl Club Pack,4124.25,54.99,0.9481050829397982
Casa Noble Anejo,239.96,59.99,1.034312128124359
Casa Noble Blanco Crystal,48556.96,37.26399813606711,0.6424838342146643
Casa Noble Reposado,31413.23,46.26717391304348,0.7977112704167332
Casa Noble Repsdo La Carreta,695.88,57.99,0.9998293100505348
Casa Noble Sngl Barrel Anejo,1169.91,129.99,2.241210760708208
Casa Noble X Anejo C Santana,399.99,399.99,6.8963912006744845
Casa Silva Carmenere,13671.45,15.99,0.275690130500225
Casa Silva Los Lingues Cab S,9961.77,15.99,0.275690130500225
Casa Silva Svgn Gris,2302.6,16.520120481927712,0.2848301545679857
Casa Solar Tempranillo,63.92,7.99,0.13775885820492795
Casal Garcia Duoro Red,231.71,7.990000000000001,0.13775885820492795
Casal Garcia Sangria,7507.95,6.178798370672098,0.10653119006536386
Casal Garcia Vinho Verde Ros,18911.62,7.519505582137162,0.1296468714969709
Casal Garcia Vinho Verde Wh,106802.51,7.55504854368932,0.1302596822354749
Casalini Monteplciano D'Abrz,1090.44,6.989999999999999,0.1205174491680158
Casalini Pnt Grigio,6535.65,6.99,0.12051744916801582
Casamigos Anejo,126810.95,57.65742726754136,0.9940952875356917
Casamigos Anejo Tequila,23486.45,2.99,0.05155181302036728
Casamigos Blanco,185431.07,14.417009491769795,0.24856955773664777
Casamigos Reposado,146981.99,19.01174305304944,0.3277892384822981
Casamigos Reposado Tequila,40090.02,28.642727272727274,0.49384097684180966
Casas Del Bosque Sauv Bl,740.6,5.29,0.09120705380526518
Cashmore Black Opal Shiraz,17932.94,8.09823754789272,0.1396250260412987
Casoni Limoncello di Sorento,833.99,8.836153846153847,0.15234774277462285
Castano Monastrell Rosado,110.33,6.49,0.11189674464955975
Castano Solanera Yecla Mona,15451.210000000001,14.371578947368421,0.24778627113785406
Castano Yecla Monastrell Red,8343.93,10.374279475982533,0.17886719590865732
CastelGiocondo 10 Brun Montl,4883.26,65.99,1.1377605823458317
CastelGiocondo 11 Brun Montl,923.8599999999999,65.99,1.1377605823458317
CastelGiocondo Brunello 07,21594.600000000002,39.99,0.6894839473861163
Castell Del Remei Gotim Bru,13081.62,12.58106529209622,0.21691529282112937
Castellani Biagio Chianti,5650.96,10.960370370370372,0.1889722287516077
Castellare Chianti Clsc,24499.93,22.165,0.38215583130315744
Castello Banfi Belnero Prop,8887.39,28.557757009345792,0.49237596977487535
Castello Banfi Brun Montalcn,8832.11,30.556433566433565,0.526835969828113
Castello Banfi Excelsus,655.9,65.99,1.1377605823458317
Castello Chianti Classico,50408.34,16.995962059620595,0.2930343338457583
Castello D'Alba Vinho Tinta,8209.0,9.14456674473068,0.15766521571124573
Castello Del Poggio Moscato,130455.78,10.019478656403079,0.17274992985165627
Castello Di Ama Chianti,3107.1600000000003,36.99,0.6377597202753799
Castello Di Ama Chianti Clsc,239.88,19.99,0.3446557666478735
Castello Di Bolgheri Super,179.97,59.99,1.034312128124359
Castello Di Cacchiano Chiant,799.8000000000001,39.99,0.6894839473861163
Castello Montauto Vernaccia,3092.56,8.99,0.1550002672418401
Castello d Cacchiano Chianti,2207.04,22.99,0.39637999375860994
Castello del Poggio Rosato,714.21,3.99,0.06879322205727942
Castello di Bossi Chianti Cl,6380.01,15.990000000000002,0.27569013050022506
Castello di Cacchiano Rosso,7504.18,15.721060606060604,0.27105323640317663
Castello di Meleto Chianti,2976.2799999999997,17.11,0.2950005086215666
Castelluccio Ronco 07,49.98,24.99,0.4308628118324342
Castelmaure Corbieres,467.64,12.99,0.22396590338948863
Castelo do Papa Godello,599.64,16.589999999999996,0.28603497592237226
Castelo do Sulco Tinto Rsva,311.78,14.19,0.24465559423378314
Castignano Marche Sangiovese,13.49,13.49,0.23258660790794466
Castillo Gold Rum,33674.36,10.710161290322581,0.18465827165775425
Castillo Monastrell Red,2448.25,13.99,0.24120731242640073
Castillo Silver Label Rum,182628.63,12.101464850938536,0.2086463054408462
Castillo Spiced Rum,3674.57,11.154556962025318,0.19232027920781444
Castle Rock Chard Cntrl Cst,18326.52,10.522743362831859,0.1814269225090364
Castle Rock Merlot Cal,13279.4,10.548056872037915,0.18186336307541764
Castle Rock Paso Ro Cab Svgn,19925.24,11.23404272801972,0.19369072581193622
Castle Rock Pnt Nr,61624.88,10.990374251497006,0.18948953793880688
Castle Rock Pnt Nr Cal Cuvee,1879.29,10.99,0.18948308531566435
Castle Rock Pnt Nr Carneros,65126.49,7.989999999999999,0.13775885820492795
Castle Rock Sonoma Cty Pnt N,16.98,8.49,0.146379562723384
Castorani Rose Ceraslo D'Abr,110.91,12.418571428571429,0.21411366965411027
Cataldi Madonna Malandrino,782.42,13.49,0.23258660790794466
Catalpa Cab Svgn,2812.41,17.704285714285714,0.3052468317063601
Catalpa Chard,7910.74,15.013323615160349,0.25885085345251196
Catalpa Malbec,9269.79,14.959267139479907,0.2579188436442116
Catena Alta Historic Malbec,12956.050000000001,44.18895287958115,0.7618798115096949
Catena Alta Historic Rows CS,5530.71,42.893614457831326,0.7395463519390779
Catena Historic Rows Chard,5516.08,28.446521739130436,0.49045811698176095
Catena Lunlunta Malbec Argn,187011.91,19.163281505728314,0.3304019749297553
Catena Malbec Mendoza,107.88,8.99,0.1550002672418401
Catena Padrillos Malbec,16219.7,10.580649942987456,0.18242531354342778
Catena RSV Cab Svgn,31668.76,16.644784240150095,0.2869795334155765
Catena RSV Chard,26265.329999999998,16.541769331585844,0.28520341124012016
Catena Vista Flores Malbec,5889.79,13.99,0.24120731242640073
Catena Zapata 3pk 09-10-11 R,719.98,359.99,6.206734839197999
Catena Zapata Nicasia Vyd,719.92,89.99,1.551554399231723
Catskill Defiant Rye,4027.0,39.4290243902439,0.6798119374385801
Catskill Fearless Whiskey,3861.11,42.99,0.7412081744968526
Catskill Most Righteous Brbn,5310.15,28.99833333333333,0.4999721263887236
Catskill Otay,2655.2200000000003,34.24,0.5903458454238715
Catskill Wicked White Whisky,2553.8199999999997,21.19238095238095,0.36538650846606546
Cava Mistinguett Brut,86403.86,7.99,0.13775885820492795
Cavas Hill 1887 Brut Cava,1724.74,13.656666666666666,0.23546017608076336
Cave de Tain St Joseph Red,2041.55,21.49,0.3705178802032417
Cave de Tain Syrah,503.64,13.99,0.24120731242640073
Caves de Charmelieu St Bris,131.88,10.99,0.18948308531566435
Cavicchioli Prosecco,51093.56,12.17216499761564,0.20986527558867585
Cavicchioli Rose,77.88,6.49,0.11189674464955975
Cavicchioli Sw Italian Spkln,12635.45,11.962560975609756,0.20625140690949048
Cavit Alta Luna Phases Rosso,1318.68,9.99,0.17224167627875223
Cavit Alta Luna Pnt Grigio,22166.83,10.99,0.18948308531566435
Cavit Alta Luna Pnt Nr,279.8,13.99,0.24120731242640073
Cavit Cab Svgn,18346.51,10.764212598425198,0.18559019236973165
Cavit Chard,188.79,8.99,0.1550002672418401
Cavit Chardonnay Trentino,53345.65,10.88608947804474,0.18769152150339466
Cavit Merlot Trentino,34822.89,10.882294085129907,0.18762608358169422
Cavit Moscato,48518.840000000004,7.260077334919691,0.1251739629709653
Cavit Pinot Grigio,1157821.76,9.644269876867092,0.16628080180943577
Cavit Pinot Grigio Bottega,21852.62,14.205351812366738,0.24492028111025602
Cavit Pinot Grigio Del Vene,239.52,4.99,0.08603463109419154
Cavit Pinot Grigio Delle Ve,39744.79,8.99,0.1550002672418401
Cavit Pinot Noir Bottega Vi,359.76,14.99,0.2584487214633129
Cavit Pinot Noir Delle Vene,219943.67,10.131411159566142,0.1746798039232161
Cavit Prosecco Lunetta,232084.44,10.100395136778115,0.17414504398762956
Cavit Riesling Trentino,68164.31,11.066867540029113,0.1908083900149675
Cavit Select Red Blend,7173.59,7.932666666666667,0.13677035075347832
Caymus Cab Svgn Napa Vly,534970.9199999999,70.37507443775736,1.2133654443845139
Caymus Conundrum Red,80228.70999999999,22.708120805369127,0.39151999926498365
Caymus Conundrum White,76554.40999999999,22.77530183727034,0.39267829491551437
Caymus Spec Select Cab Svgn,25396.47,165.99,2.861901486037045
Cazadores Anejo Tequila,389.87,29.99,0.5170698570169948
Cazadores Blanco Tequila,42528.979999999996,17.748904109589038,0.3060161157103553
Cazadores Reposado Tequila,69816.12,22.605167216203483,0.3897449343223606
Cazanove Brut Stradivarius98,467.91,51.99,0.8963808558290619
Cecchi Bonizio Red Blend,11938.28,9.406382252559728,0.1621792839739332
Cecchi Cern Chianti Clsc RSV,8157.419999999999,22.828427947598254,0.39359426391421803
Cecchi Chianti Classico,133815.98,11.743303133257834,0.20247109276495018
Cecchi Chianti Clsc Rsv Fami,1891.3799999999999,30.490000000000002,0.525690561535451
Cecchi Chianti DOCG,15899.24,9.112543352601156,0.15711308730879117
Cecchi Coevo Wood,4859.18,60.19833333333333,1.037904088340382
Cecchi La Mora Morellino,5129.64,15.205189873417721,0.26215889809150916
Cecchi La Mora Vermentino,10349.2,13.217272727272727,0.22788440544333227
Cecchi Litorale Vermentino,4416.95,14.533859649122807,0.2505842190955986
Cecchi Natio Organic Chianti,735.08,7.990000000000001,0.13775885820492795
Cecchi Nobile Montepulciano,7202.0,24.010942408376962,0.4139824794245674
Cecchi Sangiovese,153620.59,8.048183129055516,0.13876201733202156
Cedar Knoll Vyd Cab Svgn Npa,1079.73,39.99,0.6894839473861163
Cedar Ridge Iowa Bourbon,919.7700000000001,39.99,0.6894839473861163
Cedar Ridge Rye Whiskey,629.86,44.99,0.775690992570677
Celani Family Cab Svgn,311.96,77.99,1.3446574907887772
Celani Family Chard,610.87,46.99,0.8101738106445011
Cella Lambrusco,71.94,11.99,0.20672449435257648
Cellar No 8 Pnt Nr,8085.28,9.13190687361419,0.15744694169497173
Cellar No 8 Znfdl,32.97,10.99,0.18948308531566435
Cellier des Dauphines CdR,95.88,7.99,0.13775885820492795
Celtic Honey Liqueur,659.6999999999999,21.99,0.3791385847216978
Centonze Frappato Rosso Sici,2935.7400000000002,12.99,0.22396590338948863
Cenyth Sonoma Red,2049.62,53.56142857142857,0.9234744986013522
Cepa 21 Ribera Duero 06 Tnto,6746.25,17.99,0.31017294857404926
Cercius CdR Vielles V Rouge,429.69,13.878888888888888,0.2392916003111883
Ceretto Arneis Blange Lange,742.63,20.99,0.36189717568478563
Ceretto Barbaresco,341.91,37.99,0.6550011293122919
Ceretto Barolo,1159.71,39.99,0.6894839473861163
Cesari Bardolino Chiaretto,4394.5,7.99,0.13775885820492795
Cesari Boscarel,78581.34,9.99,0.17224167627875223
Cesari Fiorile Pnt Grigio,95.88,7.99,0.13775885820492795
Cesari Jema Corvina Veronese,3292.11,36.99,0.6377597202753799
Cesari Lugana Cento Filari,10768.71,12.99,0.22396590338948863
Cesari Mara Vino di Ripasso,25110.53,17.458599033816423,0.3010108471534679
Cesari Recioto Valpolicella,1279.68,39.99,0.6894839473861163
Cesari Sangioves Romagna RS,4945.34,18.593174603174603,0.3205725286280598
Cesari Valpo Classico,989.34,14.989999999999998,0.2584487214633128
Cesari Valpolicella Clsc Am,67757.69,30.421746031746032,0.5245137669503919
Ch Aile d'Argent 10 Wh Brdx,839.94,139.99,2.41362485107733
Ch Albajan Picpoul 15,2398.0,11.99,0.20672449435257648
Ch Alie d'Argent Mout-Rth 12,2969.73,109.99,1.8963825799699654
Ch Alter Ego 10 Brdx,2249.82,124.98999999999998,2.1550037155236472
Ch Andron Blanquet St Esteph,863.7299999999999,31.99,0.5515526750908192
Ch Angelus 09 St Emilion,5099.83,299.99,5.172250296983271
Ch Angelus 10,6935.83,407.99,7.034322472969781
Ch Angelus 10 Brdx,3239.94,539.99,9.310188465842183
Ch Angelus 11 Brdx,2799.9,279.99,4.827422116245028
Ch Angelus 12 St Emilion,5585.860000000001,398.99,6.8791497916375715
Ch Angelus Saint Emilion,2929.9,292.99,5.051560433724886
Ch Beaucastel Chtnf Pap,9799.02,99.99,1.7239684896008443
Ch Beaucastel Coud Rouge,9303.18,32.99,0.5687940841277314
Ch Beaucastel Hommage Perrin,1799.95,359.99,6.206734839197999
Ch Beauchene CDR White RSV,21778.01,12.116789366053169,0.20891052167422994
Ch Beauchene CdPape Blanc,2072.4,34.30707317073171,0.5915022813958596
Ch Beauchene Chtnf Pape RSV,184491.55,29.058051791629026,0.5010017567552535
Ch Beauchene Cotes du Rhone,391223.66,10.156315971621387,0.17510919797484803
Ch Beauchene Prm Terroir CDR,132.92999999999998,18.99,0.3274143576109614
Ch Beauchene Rose,31591.08,13.786875,0.23770515121577795
Ch Beaulieu Grand Vin Brdx,13600.44,10.033778801843317,0.17299648450847877
Ch Beaulieu Lalande de Pomer,5572.719999999999,16.99,0.29293153953713713
Ch Beaulieu Rose Cote d Prov,575.04,5.99,0.10327604013110368
Ch Beausejour Pentimento,575.76,23.99,0.41362140279552206
Ch Behere Courtin Pauillac,2654.55,58.99,1.0170707190874468
Ch Bellevue Lussac St Emili,3342.4799999999996,21.99,0.3791385847216978
Ch Bellevue Mondotte 10 Brdx,1559.97,519.99,8.965360285103941
Ch Bellevue St-Emil 09 Gr Cr,1819.74,69.99,1.2067262184934802
Ch Bellevue-Mondotte 11 Emil,1889.91,209.99,3.620523483661179
Ch Bernadotte 10 Haut Medoc,1539.5600000000002,34.99,0.6032769022015555
Ch Bernadotte Haut-Medoc 11,1074.57,24.99,0.4308628118324342
Ch Bois du Fil Brdx,5231.51,14.99,0.2584487214633129
Ch Bonhoste Bordeaux Bl Sec,88.94,14.790000000000001,0.2550004396559305
Ch Bonnet Red,7606.64,14.252857142857144,0.2457393399446748
Ch Bonnet White Entre-Deux-,209.86,14.99,0.2584487214633129
Ch Boston Margaux,6454.87,30.171159420289854,0.5201933006831022
Ch Bouscaut Rouge 11 GCG,1609.54,34.99,0.6032769022015555
Ch Boyd Cantenac Margaux,4179.62,109.98999999999998,1.896382579969965
Ch Branaire Ducru 10 Brdx,5417.57,125.99,2.1722451245605594
Ch Brane Cantenac Margaux 11,2599.6,64.99,1.1205191733089195
Ch Brane-Cantenac Margaux 01,8579.22,109.99,1.8963825799699654
Ch Brannon 12 Pessac-Leognan,1709.8100000000002,89.99,1.551554399231723
Ch Bruni Brdx Superieur,5462.19,11.207105263157894,0.19322628596183603
Ch Calon 12 Segur St-Estphe,5015.43,87.99,1.5170715811578985
Ch Canon Saint Emilion,1689.8700000000001,129.99,2.241210760708208
Ch Canon St Emilion 07,1547.82,85.99,1.4825887630840742
Ch Canon St Emilion Gr Cr 11,1396.89,126.99,2.1894865335974716
Ch Cantegril Sauternes 11,449.74999999999994,17.99,0.31017294857404926
Ch Cantemerie 12 Haut-Medoc,2172.4700000000003,40.99,0.7067253564230284
Ch Cantenac 12 Brown Margaux,2359.6,58.99,1.0170707190874468
Ch Cantenac Brown Margaux 11,1799.7,59.99,1.034312128124359
Ch Cantenac Brown Margx 11,119.98,59.99,1.034312128124359
Ch Capbern Gasqueton St Este,6000.929999999999,28.99,0.4998284479800827
Ch Carbonnieux 12 Pess-Leogn,1394.69,44.99,0.775690992570677
Ch Carignan Brdx,39131.7,22.58090909090909,0.3893266900616913
Ch Castel Maures 15 Rose Cuv,9147.97,13.030114613180517,0.2246575358436914
Ch Certan De May de Certan,1259.93,179.99,3.103281212553815
Ch Chaigneau Brdx,8887.06,17.99,0.31017294857404926
Ch Chantelune Margaux,4199.16,49.99,0.8618980377552377
Ch Charrier Brdx,62.95,12.656666666666666,0.21821876704385124
Ch Chauvet Blanc Brdx,87.93,12.49,0.21534519887103257
Ch Cheval Bl 05 St Emln GC,1949.97,649.99,11.206743459902517
Ch Cheval Bl 12 St-Emilion,4439.94,739.99,12.75847027322461
Ch Cheval Blanc 10 Brdx,17599.92,2199.99,37.93092746711632
Ch Cheval Blanc St Emil 11,8099.91,899.9900000000001,15.517095719130552
Ch Clarence de Haut-Brion 11,149.99,149.99,2.586038941446451
Ch Clerc Milon 10,3023.7599999999998,125.99,2.1722451245605594
Ch Clerc Milon 12 Pauillac,629.91,69.99,1.2067262184934802
Ch Clerc Milon Pauillac 11,1747.77,75.99,1.3101746727149528
Ch Clinet 10 Brdx,1574.93,224.99,3.879144619214861
Ch Clos Fourtet 10 Brdx,533.97,177.99,3.0687983944799906
Ch Clos Fourtet 12 St-Emilin,5499.45,99.99,1.7239684896008443
Ch Clos d'Estournel 11 Est,1799.92,224.99,3.879144619214861
Ch Corconnac Svgn Bl,5661.64,23.99,0.41362140279552206
Ch Cos D'Estournel 10,7517.790000000001,357.99,6.172252021124175
Ch Cos d'Estournel 10,2699.94,449.99,7.758461652520091
Ch Cos d'Estournel St-Est 12,2969.8500000000004,197.99,3.4136265752182338
Ch Coufran Haut Medoc 10,689.77,29.99,0.5170698570169948
Ch Coutet Barsac 09 Brdx,710.91,78.99,1.3618988998256891
Ch Coutet Sauternes-Barsc 10,874.9300000000001,124.99,2.1550037155236472
Ch Croix de Jaugue St Emilio,6589.53,18.99,0.3274143576109614
Ch Cru Godard Cd Brdx Rouge,3523.7400000000002,15.568947368421052,0.2684305898531041
Ch D'Arcins Haut Medoc,15291.73,20.981416309012875,0.36174918075743023
Ch D'Issan 10 Brdx,5543.5599999999995,125.99,2.1722451245605594
Ch D'Yquem 05 Lur Saluces,12599.79,599.99,10.34467300805691
Ch Daqueria Tavel Rose,19595.37,13.443879941434846,0.23179143311341652
Ch Dauzac Margaux,429.9,42.99,0.7412081744968526
Ch Deux Rocs Premices Red,1948.5,12.99,0.22396590338948863
Ch Doisy Daene Gr Vin Sec 10,1101.62,28.989999999999995,0.49982844798008264
Ch Doisy Daene Sauternes 10,961.87,73.99,1.2756918546411287
Ch Doisy-Daene Sauternes 11,419.86,29.99,0.5170698570169948
Ch Donjon Minervois Rose,1279.2,15.990000000000002,0.27569013050022506
Ch Ducru Beaucaillau St-Juli,3233.79,153.99,2.6550045775940996
Ch Ducru Beaucaillou 11 Jul,1499.9,149.99,2.586038941446451
Ch Ducru Beaucaillou 12 St J,3564.7700000000004,154.99,2.6722459866310118
Ch Ducru Beaucallou 10,7199.82,399.99,6.8963912006744845
Ch Ducru-Beaucalliou 09 Gr C,1749.93,249.99,4.3101798451376645
Ch Dufort Vivens Marguax,229.95000000000002,45.99,0.792932401607589
Ch Dupray St-Emilion,2098.95,19.99,0.3446557666478735
Ch Echo de Lynch Bages Pa 11,849.83,49.99,0.8618980377552377
Ch Fage Graves de Vayres,12169.85,11.99,0.20672449435257648
Ch Ferriere Margaux,437.88,36.49,0.6291390157569238
Ch Floreal Laguens Brdx,3761.3,13.911875,0.23986032734539198
Ch Fombrauge Le Cadran de Fo,5209.07,26.99,0.4653456299062585
Ch Fonroque 09 Brdx St Emill,1022.69,32.99,0.5687940841277314
Ch Fonroque St Emilion 10,103.98,51.99,0.8963808558290619
Ch Fontenil Fronsac 10,899.8,44.99,0.775690992570677
Ch Fougere La Noble Rouge,4550.42,12.68811320754717,0.218760949717968
Ch Francs Brdx CdFrancs,12317.75,16.99,0.29293153953713713
Ch Fugue de Nenin 09,173.94,28.99,0.4998284479800827
Ch Fuisse Pouilly Fuisse 12,1399.72,49.99,0.8618980377552377
Ch Fuisse Pouilly Fuisse Les,809.85,53.99,0.9308636739028862
Ch Fuisse Pouilly Fuisse Tet,6010.33,35.99,0.6205183112384678
Ch Fuisse Pouilly Le Clos 14,512.91,56.99,0.9825879010136225
Ch Gassier Espirit CdProvenc,14445.97,17.99,0.31017294857404926
Ch Gassier Pas du Moine Vict,8851.15,22.99,0.39637999375860994
Ch Genins Brdx,3165.36,11.99,0.20672449435257648
Ch Giscours 10,1393.83,81.99,1.4136231269364257
Ch Giscours Margaux 06,1924.45,34.99,0.6032769022015555
Ch Giscours Margaux 07,1799.7,59.99,1.034312128124359
Ch Giscours Margaux 11 Gr Cr,1023.84,63.989999999999995,1.1032777642720073
Ch Giscours Margaux 12,10228.35,61.99000000000001,1.0687949461981834
Ch Gloria St Julien 12,1907.47,35.99,0.6205183112384678
Ch Godeau St Emilion 10 Cru,125.97,41.99,0.7239667654599405
Ch Grand Leoville 10 Brdx,8459.82,469.98999999999995,8.103289833258334
Ch Grand Puy-Lacoste 12 Paul,1349.82,74.99,1.2929332636780408
Ch Grand Puy-Lacst Pauilc 07,739.9,73.99,1.2756918546411287
Ch Grand Renom Brdx Bl 14,14807.65,11.99,0.20672449435257648
Ch Grande Pontet St Emilion,233.94,38.99,0.6722425383492041
Ch Graves Rabion St Emilion,6670.55,14.99,0.2584487214633129
Ch Graves de Pez St Estephe,4738.42,29.99,0.5170698570169948
Ch Graville Lacoste Graves,23793.39,16.293695150115475,0.28092626280589234
Ch Greysac,82308.23999999999,17.655732586068854,0.3044097073627516
Ch Gruaud Larose 11 St Julin,2719.66,79.99,1.3791403088626015
Ch Guiraud Sauternes 10,2855.66,83.99,1.44810594501025
Ch Haut Bages Liberal Paulic,741.86,52.99,0.913622264865974
Ch Haut Bailey 10 Brdx,1979.91,219.99,3.7929375740303
Ch Haut Bailly 12 Pessac-Leo,2089.7799999999997,94.99,1.6377614444162834
Ch Haut Bailly Pessac-Leogan,1623.8600000000001,115.99,1.9998310341914385
Ch Haut Beausejour 10 Brdx,455.88000000000005,37.99,0.6550011293122919
Ch Haut Beausejour 11 Esteph,809.6999999999999,26.99,0.4653456299062585
Ch Haut Bommes Sauternes 10,2858.5699999999997,19.99,0.3446557666478735
Ch Haut Branda Brdx Rouge,298.73,10.99,0.18948308531566435
Ch Haut Brion 10,29899.769999999997,1299.99,22.413659333895406
Ch Haut Brion 12 Pessac-Leog,5289.9,528.99,9.12053296643615
Ch Haut Brion Pessac-Leognan,2279.97,759.99,13.103298453962854
Ch Haut Gravet Gr Chemin St,769.78,34.99,0.6032769022015555
Ch Haut Gravet Saint-Emillon,7798.05,39.99,0.6894839473861163
Ch Haut Lariveau Fronsac,1499.5,29.99,0.5170698570169948
Ch Haut Marbuzet St Estephe,1080.77,46.99,0.8101738106445011
Ch Haut Piquat 09,626.67,18.99,0.3274143576109614
Ch Haut-Bailly 09 Pessac Brd,2526.8100000000004,132.99,2.2929349878189447
Ch Haut-Bailly 10,4759.72,169.99,2.9308671221846936
Ch Haut-Brion Blanc 09 Pessc,899.99,899.99,15.51709571913055
Ch Haut-Brion Pessac 09 Brdx,3599.96,899.99,15.51709571913055
Ch Haut-BrionPessac-Leo Gr C,299.99,299.99,5.172250296983271
Ch Haut-Marbuzet 10,391.92,48.99,0.8446566287183254
Ch Haut-Robert 10,3494.82,10.99,0.18948308531566435
Ch Hermitage Mazeyres Pomerl,332.91,36.99,0.6377597202753799
Ch Hosanna 10 Pomerol,259.99,259.99,4.482593935506786
Ch Hyot Brdx Castillon,43333.340000000004,15.675910652920964,0.2702747875930987
Ch Hyot Castillon Brdx,629.82,34.99,0.6032769022015555
Ch Jean De Gue Lalande 10,386.91,42.99,0.7412081744968526
Ch Jean de Gue Lalande de Po,3759.06,39.99,0.6894839473861163
Ch Julien Cab Svgn Mont Cnty,371.69,11.99,0.20672449435257648
Ch Julien Chard,35.97,11.99,0.20672449435257648
Ch Julien French Kiss,76.93,10.99,0.18948308531566435
Ch Julien Merlot Mont Cnty,12590.2,8.525164835164835,0.14698585403017653
Ch Julien Royalty Red,63.48,5.29,0.09120705380526518
Ch Ksara Bl de L'Observatoir,83.93,11.99,0.20672449435257648
Ch Ksara RSV du Couvent,13.99,13.99,0.24120731242640073
Ch L'Argentier Vignes Cin 09,66.95,13.323333333333332,0.22971303973512597
Ch L'Eglise Clinet 10,2096.97,698.99,12.051572502711211
Ch L'Englise Clinet St Emiln,947.94,157.99,2.7239702137417483
Ch La Bouree Castillion Brdx,2216.7999999999997,18.39,0.31706951218881413
Ch La Cardone Medoc 09,2858.5699999999997,19.99,0.3446557666478735
Ch La Chapelle La Mission 09,949.9,94.99,1.6377614444162834
Ch La Couspaude 09 St Emilio,129.98,64.99,1.1205191733089195
Ch La Croix Lartigue 09,3937.9900000000002,38.99,0.6722425383492041
Ch La Croix de Beaucailou 10,2944.69,94.99,1.6377614444162834
Ch La Croix du Duc Brdx,505.54,10.989999999999998,0.18948308531566432
Ch La Dame de Montrose 11 Es,311.94,51.99,0.8963808558290619
Ch La Dom St Emil Gr Cru 09,334.95,66.99,1.1550019913827436
Ch La Fleur Patris-Querre 09,493.80999999999995,25.99,0.4481042208693463
Ch La Gaffeliere St Emilion,155.98,77.99,1.3446574907887772
Ch La Gordonne Chapelle Rose,167.94,27.99,0.4825870389431706
Ch La Gordonne Rose,23704.309999999998,16.22056653491436,0.27966542243890696
Ch La Gr Metaine Entre Mers,10407.95,12.950954446854665,0.2232927030366374
Ch La Louviere Pssc-Leg Roug,727.72,25.99,0.4481042208693463
Ch La Mission 09 Blanc Pessc,15199.809999999998,799.99,13.792954815439337
Ch La Mission 09 HB Pessac,10399.869999999999,799.99,13.792954815439337
Ch La Mission 12 Haut Brion,4979.85,331.99,5.72397538616446
Ch La Mission Haut Brion 07,3647.84,227.99,3.930868846325598
Ch La Mission Haut Brion 10,9849.5,196.99,3.396385166181321
Ch La Mission Haut Brion 11,1759.96,439.99,7.58604756215097
Ch La Mission Haut Brion P-L,3149.9300000000003,449.99,7.758461652520091
Ch La Mission Haut-Brion 10,32999.7,1099.99,18.965377526512977
Ch La Mondot 10,1283.97,427.99,7.379150653708024
Ch La Mondotte 09 St Emilion,1479.96,369.99,6.37914892956712
Ch La Paws Chard,16.47,5.49,0.0946553356126476
Ch La Rame Brdx Rouge,257.84000000000003,16.156666666666666,0.2785636986730437
Ch La Roseraie Brdx,5806.53,12.99,0.22396590338948863
Ch La Rousseliere St Estephe,36747.55,149.99,2.586038941446451
Ch La Tour Blanche 1er 10,104.99,104.99,1.810175534785405
Ch La Vieille Cure Frnsac 10,37.99,37.99,0.6550011293122919
Ch LaCroix Taillefer 09 Rom,909.8699999999999,69.99,1.2067262184934802
Ch LaGrange 10 Brdx,5511.48,105.99,1.827416943822317
Ch Labegorce 12 Margaux,923.72,32.99,0.5687940841277314
Ch Lacoste-Borie Pauillac 10,644.85,42.99,0.7412081744968526
Ch Lafaurie-Peyragey Saut 10,4454.45,80.99,1.3963817178995137
Ch Lafite Rothschild 10 Brdx,19199.88,1599.99,27.586082044969046
Ch Lafite Rothschild 12,9749.85,649.99,11.206743459902517
Ch Lafitite Rothschild Pa 11,8549.91,949.99,16.37916617097616
Ch Lafleur Gazin 10 Pomerol,911.84,56.99,0.9825879010136225
Ch Lafon-Rochet St Estphe 10,4730.429999999999,82.99,1.4308645359733378
Ch Lagrange 10,1063.86,75.99,1.3101746727149528
Ch Lagrange St Julien 11 GC,1559.74,59.99,1.034312128124359
Ch Lalande Boire 10 Brdx,2015.52,41.99,0.7239667654599405
Ch Lalande Borie 11 Julien,1471.54,31.99,0.5515526750908192
Ch Lamonthe St Germain Brdx,5582.92,10.99,0.18948308531566435
Ch Lamothe de Haux Brdx Red,424.75,16.99,0.29293153953713713
Ch Lamothe de Haux Brdx Wh,20154.56,14.963684210526317,0.25799500017286786
Ch Lancyre Languedoc Rose,11507.939999999999,18.99,0.3274143576109614
Ch Langoa Barton St Julien,1563.77,67.99,1.1722434004196558
Ch Larose Trintaudon 09,18640.23,23.99,0.41362140279552206
Ch Larrivet Haut-Brion 10,179.97,59.99,1.034312128124359
Ch Larrivet Haut-Brion P Leo,167.96,41.99,0.7239667654599405
Ch Lascombes 10 Brdx,2879.84,179.99,3.103281212553815
Ch Lassegue 05 GC St Emilion,4166.57,96.74,1.66793391023088
Ch Lassegue 07 St Emilion AC,2837.42,48.87235294117647,0.8426282276551592
Ch Laville Haut-Brion 08,339.99,339.99,5.861906658459756
Ch Le Bon Pasteur 10 Brdx,1624.87,124.98999999999998,2.1550037155236472
Ch Le Gay Pomerol,6399.36,99.99,1.7239684896008443
Ch Le Petit Lion Marquis 11,1061.82,58.99,1.0170707190874468
Ch Le Petite Mouton 12 Pauil,3509.7400000000002,134.99,2.327417805892769
Ch Le Ringue Brdx,254.85,16.99,0.29293153953713713
Ch Leoville Barton 10 St Jul,4159.68,129.99,2.241210760708208
Ch Leoville Barton 12 St Jul,10898.91,99.99,1.7239684896008443
Ch Leoville Barton 12 St-Jul,199.98,99.99,1.7239684896008443
Ch Leoville Barton St Julien,3254.6499999999996,92.99,1.6032786263424592
Ch Leoville Las Cases 11 Jul,1999.9,199.99,3.4481093932920577
Ch Leoville Las Cases St-Jul,1639.92,204.99,3.534316438476618
Ch Leoville-Barton Gr Cru 09,3959.76,164.99,2.8446600770001327
Ch Les Carruades 11 Lafitte,4179.81,219.99,3.7929375740303
Ch Les Flefs de LaGrange 10,494.89,44.99,0.775690992570677
Ch Les Granges Brdx,3399.37,9.363540856031127,0.16144063793267105
Ch Les Ormes Saint-Julien,6668.85,57.99,0.9998293100505348
Ch Lestiac Cotes de Bordeaux,9.49,9.49,0.16362097176029614
Ch Lilian 09 Ladouys St Este,665.82,36.99,0.6377597202753799
Ch Lynch Bages 10,1519.92,189.99,3.275695302922936
Ch Lynch Bages 12 Pauillac,19078.41,119.99,2.0687966703390868
Ch Lynch Bages Pauilac,11943.99,118.91307692307691,2.050228999068566
Ch Lynch Bages Paulliac 11,9799.300000000001,139.99,2.41362485107733
Ch Lynch Moussas Pauilac,1079.7,35.99,0.6205183112384678
Ch M Vert Lussac St Emilion,73899.59,13.865821515046697,0.2390663003737368
Ch Macard Brdx Superieur,80436.34,14.99,0.2584487214633129
Ch Magdelaine 10 St Emilion,3739.66,109.98999999999998,1.896382579969965
Ch Magrez Fombrauge 09,4419.66,129.99,2.241210760708208
Ch Maine d'Arman Cote Bourg,3867.04,12.271531531531533,0.21157849464449996
Ch Malartic Lagravier 12 RG,6248.75,49.99,0.8618980377552377
Ch Malartic-Lagraviere 10,245.97,81.99,1.4136231269364257
Ch Malartic-Lagraviere 10 Pe,714.89,64.99,1.1205191733089195
Ch Malartic-Lagraviere Blanc,363.96000000000004,90.99,1.5687958082686349
Ch Malartic-Lagraviere PL 07,1299.74,49.99,0.8618980377552377
Ch Malartic-Lagraviere Rouge,235.96,58.99,1.0170707190874468
Ch Manos Cadillac,15.99,15.99,0.275690130500225
Ch Margaux 12 Margaux,4769.91,529.99,9.137774375473063
Ch Marquis d'Alesme,443.88,36.99,0.6377597202753799
Ch Marquis de Terme 12 Mrgx,3338.37,52.99,0.913622264865974
Ch Martinon Brdx Rouge,3637.69,10.99,0.18948308531566435
Ch Massiac Viognier,764.49,14.99,0.2584487214633129
Ch Maycott Red,10.49,10.49,0.1808623807972083
Ch Messile Aubert Montgne St,4266.0599999999995,21.99,0.3791385847216978
Ch Meyney 10 Bourgeois St Es,539.9,53.99,0.9308636739028862
Ch Meyney Saint-Estephe 11,1375.68,42.99,0.7412081744968526
Ch Monbousquet 10 Brdx,1049.86,74.99,1.2929332636780408
Ch Moncontour Vouvray Demi S,474.71,16.689999999999998,0.2877591168260635
Ch Monestier La Tour Blanc,179.88,14.99,0.2584487214633129
Ch Monet,7931.04,15.99,0.275690130500225
Ch Montaud Cotes de Prov Rse,328398.06,11.82189023577994,0.20382604514455954
Ch Montaud Cotes de Provence,34638.869999999995,22.901542610571735,0.3948548637251398
Ch Montelena Cab Svgn 2006,2029.8600000000001,144.99,2.4998318962618904
Ch Montelena Cab Svgn Napa,88927.92,52.20739130434783,0.9001289882283906
Ch Montelena Chard Napa,32387.620000000003,44.412222222222226,0.7657292895715722
Ch Montelena Est Cab Svgn Np,909.9300000000001,129.99,2.241210760708208
Ch Montelena Znfdl Napa Vly,174.95000000000002,34.99,0.6032769022015555
Ch Montrose 10,18589.39,297.9066666666667,5.136330694823038
Ch Montrose 12 St Estephe,2450.8100000000004,128.99,2.2239693516712964
Ch Motte Maucourt Brdx,179.88,14.99,0.2584487214633129
Ch Moulin Canon Fronsac,703.68,21.99,0.3791385847216978
Ch Moulin Rouge 12 Haut-Medo,467.61,11.99,0.20672449435257648
Ch Moulin de Pillardot 10,3132.15,10.99,0.18948308531566435
Ch Moulin de la Rose St-Juln,5983.12,67.99,1.1722434004196558
Ch Mouton Rothschild 07 Paui,1049.97,349.99,6.034320748828877
Ch Mouton Rothschild 11 Paui,12599.82,699.99,12.068813911748125
Ch Mouton Rothschild 12 Paui,16919.64,469.99,8.103289833258334
Ch Muraires Cd Provence Rose,15612.189999999999,19.99,0.3446557666478735
Ch Musar Hochar Red,329.89,29.99,0.5170698570169948
Ch Musar Jeune Rouge,239.88,19.99,0.3446557666478735
Ch Musar Rouge,6294.57,44.0525,0.7595271715985717
Ch Mylord Cuvee Milady,15534.53,12.419508196721312,0.21412982085695512
Ch Nicot Bordeaux,10374.51,7.654693446088795,0.13197770075618745
Ch Olivier 10 Blanc Pessac-L,3722.27,50.99,0.8791394467921497
Ch Olivier Pessac-Leognan 10,3365.34,50.99,0.8791394467921497
Ch Pagodes de Cos 10 Brdx,99.99,99.99,1.7239684896008443
Ch Paive Macquin Saint-Emiln,1007.84,62.99,1.0860363552350953
Ch Palmer Margaux,2379.9300000000003,339.99,5.861906658459756
Ch Palmer Margaux 09 Medoc,7819.77,339.99,5.861906658459756
Ch Pape Clement 12 Pess-Leog,5599.5,111.99,1.9308653980437895
Ch Pape Clement Bl Gr Cru 11,2199.8900000000003,199.99,3.4481093932920577
Ch Pape Clement Pess leognan,4231.54,91.99,1.586037217305547
Ch Pape Clement Pess-Leo 13,1039.92,129.99,2.241210760708208
Ch Paradis Rose Cotes D Prov,8716.29,12.989999999999998,0.22396590338948857
Ch Pavie 10 Brdx,3779.9300000000003,539.99,9.310188465842183
Ch Pavie Macquin St Emiln 11,2213.73,81.99,1.4136231269364257
Ch Pavie St Emilion 11 Gr Cr,2759.88,229.99,3.9653516643994218
Ch Perron Brdx Rouge,263.88,21.99,0.3791385847216978
Ch Pesquie Cotes du Ventoux,23685.08,13.307120622568092,0.22943350975722535
Ch Pesquie Quint Ventoux Red,263.88,21.99,0.3791385847216978
Ch Petit Bocq Cru Borgeos 10,319.9,31.99,0.5515526750908192
Ch Pez 12 St-Estephe,3211.27,43.99,0.7584495835337648
Ch Phelan Segur St Estephe,835.78,37.99,0.6550011293122919
Ch Phelan Segur St-Estphe 12,5648.87,49.99,0.8618980377552377
Ch Pichon Baron Pauillac 12,4349.700000000001,144.99,2.4998318962618904
Ch Pichon Long Comtesse L 12,12609.03,129.99,2.241210760708208
Ch Pichon Longevile 11 Comts,4199.700000000001,139.99,2.41362485107733
Ch Pichon Longueville Rsv Co,2099.72,74.99,1.2929332636780408
Ch Pichon Longville 12 Pauil,14499.000000000002,144.99,2.4998318962618904
Ch Picon Longueville Comt 10,2309.9300000000003,329.99,5.689492568090635
Ch Pitot Brdx,5290.75,10.092702702702702,0.17401241558524588
Ch Plaisance Alix CdBrdx 12,747.56,16.99,0.29293153953713713
Ch Plaisance Cuvee Alix Roug,4290.11,14.70764705882353,0.25358055891171416
Ch Pontet Canet 12 Pauillac,2947.78,133.99,2.310176396855857
Ch Poujeaux 10 Moulis,866.83,50.99,0.8791394467921497
Ch Prieure Lichine 12 Mrgx,519.9,51.989999999999995,0.8963808558290617
Ch Puy Blanquette 10 St Emil,179.94,29.99,0.5170698570169948
Ch Puybarbe Cd Bourg Merlot,143.92,17.99,0.31017294857404926
Ch Quinault L'Enclos St Emln,42.99,42.99,0.7412081744968526
Ch Rauzan Segla Margaux 09,319.98,159.99,2.758453031815572
Ch Rauzan-Segla 10 Brdx,1469.93,209.99,3.620523483661179
Ch Rauzan-Segla Gr Cru 08 Ma,5199.349999999999,79.99,1.3791403088626015
Ch Rayne Vigneau Sauternes,2319.6,57.99,0.9998293100505348
Ch Recougne Brdx Superieur,14122.960000000001,12.908495297805644,0.222560647480524
Ch Reserve d La Cometesse 11,689.85,45.99,0.792932401607589
Ch Reserve de la Comtesse 12,5779.77,46.99,0.8101738106445011
Ch Rieussec Gr Cru 10 Sauter,3499.7200000000003,124.99,2.1550037155236472
Ch Riotor Rose Cotes de Prov,373.78,16.99,0.29293153953713713
Ch Rol Valentin 10,2943.54,63.989999999999995,1.1032777642720073
Ch Rol Velentin 12 St-Emilio,689.85,45.99,0.792932401607589
Ch Rollan de By Bourgeois 10,31.99,31.99,0.5515526750908192
Ch Rollan de By Medoc,5197.92,24.99,0.4308628118324342
Ch Rombeau Elise 11,3565.77,15.990000000000002,0.27569013050022506
Ch Rombeau L'Eleve 13,1438.8,11.99,0.20672449435257648
Ch Roumier-Lacoste Barsac W,74.97,24.99,0.4308628118324342
Ch Senejac Haut-Medoc 10,134.95,26.99,0.4653456299062585
Ch Siran 12 Margaux,575.76,23.990000000000002,0.4136214027955222
Ch Smith Haut Lafitte 12,9015.02,91.99,1.586037217305547
Ch Smith Haut Lafitte 12 Whi,3869.7000000000003,128.99,2.2239693516712964
Ch Smith Haut Laftte Roug 11,678.93,96.99,1.6722442624901075
Ch Sociando Mallet 06 Haut-M,809.7299999999999,29.99,0.5170698570169948
Ch Sociando Mallet 10,472.89,42.99,0.7412081744968526
Ch St Jean Alexander Cab Svg,24789.699999999997,24.403265306122446,0.42074667897914386
Ch St Jean Belle Terre Chard,65146.54,14.99,0.2584487214633129
Ch St Jean Cab Svgn Cal,194248.56,10.665350919264588,0.18388567772124761
Ch St Jean Chard California,251277.02,9.835215951428177,0.16957298118493613
Ch St Jean Chard Sonoma Cst,118760.95,11.99,0.20672449435257648
Ch St Jean Cinq Cep Cab Svgn,1359.83,79.99,1.3791403088626015
Ch St Jean Merlot Cal,108735.86,10.63956048555881,0.18344101430448692
Ch St Jean Pnt Nr,140286.33,10.771821473836683,0.18572138010301195
Ch St Jean Pnt Nr Sonoma Cst,12140.269999999999,21.11997347480106,0.36413810152777953
Ch St Jean Soiree Red,9886.62,13.41270058708415,0.23125385711154933
Ch St Jean Svgn Bl Sonoma,18418.59,11.244285714285715,0.1938673293279077
Ch St Louis Vieux Galvesse L,5266.9,16.99,0.29293153953713713
Ch St Michel Brdx Superur,9696.609999999999,17.99,0.31017294857404926
Ch St Pierre Rose,13631.49,14.241521298174442,0.24554389400972143
Ch St Sulpice,39737.19,12.948005249343833,0.2232418547160225
Ch St Sulpice Brdx Blanc,6746.08,11.408367346938775,0.19669632787192348
Ch St Sulpice Rose 13,2039.43,12.99,0.22396590338948863
Ch St-Roch Chimeres CdRoussi,735.54,15.99,0.275690130500225
Ch Ste Michelle Cab Svgn,2132.08,23.196349206349204,0.3999377448297188
Ch Ste Michelle Cab Svgn Col,344457.47,13.619863354037268,0.23482563511380655
Ch Ste Michelle Canoe Rdg Me,10817.029999999999,18.1366275659824,0.3127010144152387
Ch Ste Michelle Canoe Rdge C,16602.11,16.81262996941896,0.2898734302889998
Ch Ste Michelle Chard Colmbi,431702.35,9.140710208664734,0.15759872359546714
Ch Ste Michelle Chard Mimi,649.35,9.99,0.17224167627875223
Ch Ste Michelle Col Solare R,3609.3,51.854864864864865,0.8940509356889386
Ch Ste Michelle Cold Ck Cab,3320.73,26.067922077922073,0.4494477072878069
Ch Ste Michelle Cold Crk Cha,1766.1,19.80481481481481,0.3414629131225194
Ch Ste Michelle Cold Crk Mer,2730.9199999999996,25.542631578947365,0.4403909589317803
Ch Ste Michelle Cold Crk Rsl,851.4,14.17867924528302,0.24446040847110115
Ch Ste Michelle Eroica Rsl W,28382.239999999998,18.11197686645636,0.3122760016216642
Ch Ste Michelle Gewurz Colum,46415.01,8.442833509327702,0.14556634596486723
Ch Ste Michelle Harvest Rsl,106909.75,9.504360812425329,0.1638685724014236
Ch Ste Michelle Hrse Hvn Svg,38426.67,12.353936228697087,0.21299926773489414
Ch Ste Michelle Indn W Chard,46484.54,15.315714285714286,0.2640644946924785
Ch Ste Michelle Indn Wl Merl,22766.14,16.494283965728275,0.2843846966241024
Ch Ste Michelle Indn Wls Cab,113285.56,16.096642066420664,0.27752878998792524
Ch Ste Michelle Indn Wls Red,21352.97,16.4090093708166,0.28291444245277325
Ch Ste Michelle Merlot Colum,110289.15,13.579583237393507,0.23413114914669694
Ch Ste Michelle Pnt Gris Was,53878.520000000004,9.805520762423416,0.16906099428487664
Ch Ste Michelle Rsl,259038.34,9.333079229122056,0.16091543656320195
Ch Ste Michelle Rsl Dry Colu,69809.95,9.788982188295165,0.16877584596344417
Ch Ste Michelle Svgn Bl,167048.27,9.063204387990762,0.15626241403848562
Ch Suau Cadillac Wh Brdx,71.94,11.99,0.20672449435257648
Ch Suau Cotes de Brdx 08,251.85999999999999,17.99,0.31017294857404926
Ch Suduiraut 11 Sauternes Pr,1484.85,98.99,1.7067270805639319
Ch Suduiraut Sauternes 10,1637.87,125.99,2.1722451245605594
Ch Talbot 10 Brdx,4934.53,104.99,1.810175534785405
Ch Talbot Saint Julien,515.88,42.99,0.7412081744968526
Ch Talbot St Julien 11 GC,439.92,54.99,0.9481050829397982
Ch Talbot St-Julien 12 GCC,5855.04,60.99,1.051553537161271
Ch Tanunda Gr Barossa Cab Sv,4326.35,16.367245508982034,0.28219437462792235
Ch Tanunda Gr Barossa Rsl,2089.13,11.355591397849462,0.19578639614636342
Ch Tanunda Gr Barossa Shiraz,11021.59,17.203649851632044,0.2966151640198008
Ch Tertre de Viaud C d Bourg,2841.63,11.99,0.20672449435257648
Ch Thivin Cote de Brouilly,528.77,22.99,0.39637999375860994
Ch Tour de Mirambeau Ent-D-M,95.94,15.99,0.275690130500225
Ch Tourril Panatella Red,2101.37,7.99,0.13775885820492795
Ch Troplong Mondot 10 Brdx,719.97,239.99,4.137765754768543
Ch Tuiliere White Brdx,121.91,13.59,0.2343107488116359
Ch Valcombe Rose Ventoux,223.86,15.99,0.275690130500225
Ch Valfontaine 10,2937.06,9.99,0.17224167627875223
Ch Vignot 05 St Emilion Red,824.89,74.99,1.2929332636780408
Ch Vignot 09 St Emilion Gr C,2291.63,61.925483870967746,1.06768259722806
Ch Vincens 15 L'Instant M Rs,3728.13,12.989999999999998,0.22396590338948857
Ch Vrai Caillou Wh Brdx,8367.65,10.030816326530614,0.1729454072598507
Ch d Macard Brdx Superieur,89.97,29.99,0.5170698570169948
Ch d'Yquem Sauternes,2573.91,285.99,4.930870570466501
Ch de Beaucastel Pape Blanc,999.92,124.99,2.1550037155236472
Ch de Beaucastel Pape Rouge,823.96,205.99,3.5515578475135303
Ch de Berne Rose,449.7,14.990000000000002,0.25844872146331294
Ch de Bonhoste Red Brdx 09,101.94,16.99,0.29293153953713713
Ch de Carles Brdx,48192.9,12.99,0.22396590338948863
Ch de Chantegrive Graves Rou,2174.25,28.99,0.4998284479800827
Ch de Jarnioux Bjls,3886.05,6.398450704225352,0.11031830579406779
Ch de Lascaux Rouge Langued,2428.65,17.99,0.31017294857404926
Ch de Mattes Corbieres 13,1483.65,10.99,0.18948308531566435
Ch de Montfort Vouvray,30814.33,15.675170499603489,0.2702620263070021
Ch de Pez 10 St Estephe Brdx,558.87,42.99,0.7412081744968526
Ch de Pez St Estephe 11,386.91,42.99,0.7412081744968526
Ch de Pierreux Brouilly Bjls,79.96,19.99,0.3446557666478735
Ch de Pierreux Brouilly Rsv,1681.34,25.35,0.43706971908572256
Ch de Reynaud Cotes du Bourg,4367.7,18.99,0.3274143576109614
Ch de Ribebon Brdx,44610.24,14.99,0.2584487214633129
Ch de Sancerre Sancerre,27899.89,30.535945945945947,0.5264827343830929
Ch de la Chaize Brouilly,42582.64,11.935467422096318,0.20578427587110182
Ch de la Ragotiere Muscadet,8782.35,11.584972067039107,0.1997412420890227
Ch des Jacques Gr Clos de Ro,255.92,31.99,0.5515526750908192
Ch des Labourons Fleurie Rou,1064.29,14.99,0.2584487214633129
Ch des Perligues Graves,2770.79,12.57282208588957,0.21677316833114488
Ch du Courlat 10,5747.7,24.99,0.4308628118324342
Ch du Levant Sauternes,2958.15,15.989999999999998,0.275690130500225
Ch du Moulin Entre-Deux-Mers,1813.3500000000001,10.99,0.18948308531566435
Ch du Nozay Sancerre,83.97,27.99,0.4825870389431706
Ch du Parc Brdx Rouge,1207.99,11.917536231884059,0.2054751168861336
Ch la Cour d'Argent Bordeaux,1119.84,69.99,1.2067262184934802
Ch la Pointe Pomerol,2559.2,31.99,0.5515526750908192
Ch le Borderon Haut-Medoc,10387.529999999999,18.99,0.3274143576109614
Ch le Pape Pessac Leo Rouge,1907.47,35.99,0.6205183112384678
Chalk Hill Chard,45165.77,19.458102734051366,0.3354851083200379
Chalk Hill Chard RRV,17940.58,40.56915057915058,0.699469319415216
Chalk Hill Estate Red,8408.36,51.35363636363636,0.8854090500782995
Chalk Hill Pnt Nr RRV,12911.310000000001,34.99,0.6032769022015555
Chalk Hill Pnt Nr Sonoma Cst,51414.2,14.988702983138783,0.2584263590650808
Chalone Estate Grown Chard,41126.28,15.99,0.275690130500225
Chaman Petit Verdot,239.88,19.99,0.3446557666478735
Chambers Rosewood Muscat,1175.02,11.99,0.20672449435257648
Chambord Liqueur de France,42048.37,2.9900000000000007,0.05155181302036729
Chambord Royale de France,452457.20999999996,24.478141295206054,0.42203764653397774
Chambord Vodka,35.98,17.99,0.31017294857404926
Champ de Reves Pnt Nr,1401.6200000000001,36.656666666666666,0.6320125839297425
Champagne Malard Grand Cru B,1149.77,49.989999999999995,0.8618980377552374
Champagne Pommerey 04 Gr Cru,14797.04,49.99,0.8618980377552377
Champalou Vouvray Cuvee Fon,5635.08,19.333511450381675,0.3333369790358548
Champlain Orchards Ice Cider,13252.259999999998,23.534018058690744,0.4057596316319639
Champlain Orchards Sprklng C,2676.97,25.99,0.4481042208693463
Champy Brut Sonoma Cnty,17344.15,15.289586776859505,0.2636140196251977
Chamucos Blanco Tequila,28211.7,33.99,0.5860354931646434
Chanrion Cote de Brouilly,379.79999999999995,18.99,0.3274143576109614
Chanson Le Bourgogne Pnt Nr,1126.51,22.99,0.39637999375860994
Chanson Vire Clesse,1586.31,22.99,0.39637999375860994
Chapelle de Bastion Picpoul,3066.93,9.99,0.17224167627875223
Chapelle-St-Arnoux CdR Rouge,131.88,10.99,0.18948308531566435
Chapoutier Bel Cotes Rhn Ros,17679.39,12.99,0.22396590338948863
Chapoutier Cotes du Rhone R,6767.79,12.99,0.22396590338948863
Chapoutier Hrmtage La Sizera,2399.7,79.99,1.3791403088626015
Chappellet Cab Svgn Pritchrd,2449.86,174.99,3.0170741673692545
Chappellet Chard Napa,4558.48,29.990000000000002,0.5170698570169949
Chappellet Mt Cuvee Napa,17754.079999999998,29.989999999999995,0.5170698570169948
Chappellet Signature Cab Svg,50550.21,57.66289719626168,0.9941895968141614
Charles & Charles Chard,665.85,5.79,0.09982775832372126
Charles & Charles Red,30151.89,11.54396711937098,0.19903425901373933
Charles & Charles Riesling,279.8,13.99,0.24120731242640073
Charles & Charles Rose,489.65,13.99,0.24120731242640073
Charles Brotte Gr Vallon Rse,688.47,12.990000000000002,0.22396590338948866
Charles Fournier Rsl,303.81,15.99,0.275690130500225
Charles Goodnight Bourbon,2951.31,42.70698113207548,0.7363285304298021
Charles Heidsieck Brut RSV,14332.71,62.67098159509203,1.0805360284257737
Charles Heidsieck Brut Rose,5291.32,77.34714285714286,1.3335737278364765
Charles Joguet Chinon Rose,181.87,13.99,0.24120731242640073
Charles Smith Boom Boom Syra,25528.14,17.18644723092999,0.2963185665997698
Charles Smith C Smith Cab Sv,20242.489999999998,19.216744186046512,0.331323746869331
Charles Smith Eve WA Chard,21030.72,12.148333333333332,0.2094543841167542
Charles Smith King Coal Red,1199.88,99.99,1.7239684896008443
Charles Smith Kung Fu Girl R,86163.09,11.51575714690065,0.19854787933945836
Charles Smith Velvet Dev Mer,65347.5,11.768513238289206,0.2029057504976596
Chartron La Fleur Brdx Whit,32626.77,10.459951923076924,0.1803443096122049
Chartron Trebuchet Chard Bou,12105.08,17.52066037735849,0.302080872162857
Chartron Trebuchet Puligny,2897.54,62.99,1.0860363552350953
Chase Elderflower Liqueur,7307.089999999999,25.129442231075696,0.43326699237543
Chateau Camensac 10,719.85,47.99,0.8274152196814133
Chateau Carlmagnus 10,944.65,26.99,0.4653456299062585
Chateau Dalem 10 Fronsac,314.91,34.99,0.6032769022015555
Chateau Gazin Pomerol 10,389.97,129.99,2.241210760708208
Chateau Gazin Pomerol 11,2232.71,76.99,1.327416081751865
Chateau Giscours Margaux,399.92,49.99,0.8618980377552377
Chateau Lascombes Margaux,1151.84,71.99,1.2412090365673045
Chateau Montrose St Estephe,3977.7400000000002,152.99,2.6377631685571874
Chateau Pontet Canet Pauilac,3919.7200000000003,139.99,2.41362485107733
Chateau Simon Bordeaux Blanc,1625.04,16.901764705882353,0.2914102387397626
Chateau d'Issan Margaux,1079.8,53.99,0.9308636739028862
Chatom Cab Svgn Calaveras,139.92999999999998,19.99,0.3446557666478735
Chatom Gitano Sangiovese Cal,167.88,13.99,0.24120731242640073
Chatom Vyds Cuvee Red CA,14.99,14.99,0.2584487214633129
Chauffe-Coeur Calvados VSOP,45660.93,45.33597156398105,0.7816560298204144
Chehalem Ian's Chard Rsv,832.66,24.49,0.4222421073139781
Chehalem Inox Chard Wlmt Vly,1379.31,19.99,0.3446557666478735
Chehalem Pnt Gr Three Vyd,72.45,14.49,0.24982801694485685
Chehalem Pnt Nr Three Vyd,3266.48,21.49,0.3705178802032417
Chehalem Ridge Crest Vyds Pn,3275.2200000000003,41.99,0.7239667654599405
Chenade les Rials VDP Tarn,8.99,8.99,0.1550002672418401
Chene Bleu Abelard,88.99,88.99,1.5343129901948107
Chene Bleu Rose,9686.86,30.656666666666663,0.5285641297082696
Chenin Bl K Forrester Stlnbh,1427.1599999999999,16.99,0.29293153953713713
Cherri Rosso Piceno,41.97,13.99,0.24120731242640073
Cherry Heering Liqueur,944.73,34.99,0.6032769022015555
Cherry On Top Sweet White,64.95,12.99,0.22396590338948863
Cherry Pie Stanly Pnt Nr,19036.02,48.02108808290155,0.8279512220348922
Cherry Tart Pnt Nr,15096.05,19.01286902286902,0.32780865178852064
Cheval Blanc,2609.97,869.99,14.999853448023186
Cheval Blanc St Emilion 08,7199.84,449.99,7.758461652520091
Cheval des Andes Mendoza,3839.36,59.99,1.034312128124359
Chevalier L'Aujardiere Chard,356.78999999999996,16.99,0.29293153953713713
Chi Chi's Chocolate Malt RTD,461.58,10.99,0.18948308531566435
Chi Chi's Churro RTD,736.33,10.99,0.18948308531566435
Chi Chi's Mai Tai,527.52,10.99,0.18948308531566435
Chi Chi's Margarita,130515.97,8.621319514661275,0.14864369619018783
Chi Chi's Orange Cream RTD,5914.78,8.238394004282656,0.1420415208350817
Chi Chi's Ruby Red Margarita,4780.18,8.231463414634147,0.1419220277040848
Chi Chi's Skinny Margarita,66192.2,8.414789657295302,0.14508283044100595
Chiarlo Barbaresco Piedmont,134.95999999999998,33.32333333333333,0.5745412204733685
Chiarlo Barolo Cannubi,79.99,79.99,1.3791403088626015
Chickadee Chard,142.89,12.99,0.22396590338948863
Chicken & Turkey Cotes du Rh,479.47,9.59,0.16534511266398735
Chicory Root Vodka,185.94,30.99,0.534311266053907
Chigard Fleurie Les Moriers,3418.29,19.99,0.3446557666478735
Chila Orchata Cinnamon Cream,65291.33,13.99,0.24120731242640073
Chilcas Cab Franc,239.88,19.99,0.3446557666478735
Chilcas Pinot Noir,19.99,19.99,0.3446557666478735
Chilensis Pnt Nr,2477.52,9.99,0.17224167627875223
Chimney Rock Elevage SLD,809.91,89.99,1.551554399231723
Chimney Rock SLD Cab Svgn,139.98,69.99,1.2067262184934802
Chinaco Anejo Tequila,66.99,66.99,1.1550019913827436
Chinaco Blanco Tequila,5728.09,29.99,0.5170698570169948
Chiroubles Clos Les Farges,2088.0899999999997,22.926507936507935,0.39528530112134563
Chivas Regal,879530.06,32.10545281823939,0.5535432443545487
Chivas Regal 18-Yr Scotch,102415.79,71.9971138211382,1.2413316888673636
Chivas Regal Extra,54836.36,35.070139372822304,0.6046586179083465
Chivas Regal w/ 2 Glasses,3038.09,33.31051282051282,0.5743201767677673
Chivas Regal with2 50mLs,23158.41,30.574323040380044,0.5271444095658794
Chivas Royal Salute,20268.760000000002,163.72737373737374,2.822890621145446
Chloe Chard,838.43,13.535454545454547,0.23337030831871342
Chloe Pnt Grigio,79159.54000000001,11.26241379310345,0.1941798829498577
Chloe Pnt Nr,40203.35,11.321932773109245,0.1952060740295974
Chloe Prosecco,46386.85,11.309509345794392,0.19499187663762169
Chloe Red,834.39,12.033478260869565,0.2074741208324422
Choco Lat Liqueur,56433.65,10.99,0.18948308531566435
ChocoVine,62384.91,10.850005566379071,0.18706938402271509
Chocolate Cuvee,1319.95,12.60904761904762,0.21739774756590305
Chocolate Shop Red,39135.94,12.244681647940075,0.21111556481890614
Chopin Vodka,354141.8,27.871382094514367,0.48054189911559103
Chops & Burgers Bordeaux,4661.44,9.998,0.1723796075510475
Choya Plum Wine,11502.519999999999,20.99,0.36189717568478563
Choyomusubi Ryo Junmai Sake,6728.82,12.99,0.22396590338948863
Christian Bros Brandy,173593.72,18.094448742746614,0.3119737920711349
Christian Bros Cream Sherry,5943.929999999999,8.29,0.14293128091600157
Christian Bros Dry Sherry,9612.99,5.49,0.0946553356126476
Christian Bros Holiday Nog,8982.15,6.99,0.12051744916801582
Christian Bros Ruby Port,720.72,4.29,0.07396564476835306
Christian Bros VS Brandy,57242.340000000004,9.688840785427018,0.16704926707506426
Christian Drouin Calvados,942.5899999999999,22.99,0.39637999375860994
Christmas Traditions Pnk Mos,119.88,9.99,0.17224167627875223
Chronic Cellars Dead Nuts,2084.12,23.29,0.40155241646968354
Chronic Cellars Eunice X,653.63,17.626363636363635,0.30390334528789936
Chronic Cellars Pink Pedals,797.52,16.594651162790697,0.28611516852254393
Chronic Cellars Purple Parad,26028.65,15.006826923076924,0.25873884132691477
Chronic Cellars Sofa King,5695.04,18.922203389830507,0.3262454485237131
Chronic Cellars Suite Petite,1109.26,14.990000000000002,0.25844872146331294
Chrstian Moreau 13 Valmur,279.96,69.99,1.2067262184934802
Churchill's Late Bottled 05,2225.1,24.438275862068963,0.42135031029482745
Churchill's Vintage Port 11,7906.849999999999,69.37961038961038,1.1962022415488711
Churchills 10 Yr Tawny Port,2033.1999999999998,24.99,0.4308628118324342
Churchills 20 Yr Tawny Port,3381.21,42.17181818181819,0.7271015671030155
Churchills LBV Port,131.94,21.99,0.3791385847216978
Chusclan Les Genets CDR,19474.14,6.990000000000001,0.12051744916801582
Ciacci 07 Piccolomino Brunlo,779.87,59.99,1.034312128124359
Cielo Pnt Grigio,7331.21,8.600687022900765,0.14828796296029415
Cielo Pnt Nr,1725.84,7.989999999999999,0.13775885820492795
Cigar Box Cab Svgn Valle Cen,8123.22,11.978713318284424,0.20652989605644878
Cigar Box Malbec Mendoza,58660.66,12.173504340962904,0.2098883677551669
Cigar Zin Old Vine Zinfandel,737.5899999999999,17.99,0.31017294857404926
Cignale Colli Toscana Cntrl,1451.78,65.99,1.1377605823458317
Cinnabon Cinnamon Liqueur,32667.71,20.02953871499176,0.34533746980584035
Cinnaster Shine,441.85999999999996,31.561428571428568,0.5441634997892854
Cinq les Pattes Bordeaux Bla,1266.92,11.700843373493976,0.2017390266792525
Cinquante-Cinq Chardonnay L,433.69,13.99,0.24120731242640073
Cinquante-Cinq Viogn Lang Wh,323.76,13.49,0.23258660790794466
Cinsault Frick,759.19,24.49,0.4222421073139781
Cinzano Prosecco,12.99,12.99,0.22396590338948863
Circa Pinot Grigio,455.64,12.656666666666666,0.21821876704385124
Circa Rosso,116.91,12.99,0.22396590338948863
Circadia Cab Svgn Napa Vly,74.99,74.99,1.2929332636780408
Ciro Rosso Clsc Librandi Cl,77.94,12.99,0.22396590338948863
Ciroc Amaretto Vodka,71096.17,21.501379800853485,0.3707140840045153
Ciroc Apple Vodka,978544.11,23.4173229532898,0.40374764358714077
Ciroc Coconut Vodka,671815.32,31.321065759637186,0.5400193062339278
Ciroc Mango Vodka,338337.07,13.309196048373359,0.22946929302245966
Ciroc Peach Vodka,535435.5,22.441233079285634,0.38691847881264685
Ciroc Pineapple Vodka,402711.77,23.176352657004827,0.3995929761431456
Ciroc Red Berry Vodka,562910.55,23.242188281529117,0.40072807507476943
Ciroc Snap Frost Vodka,617275.91,24.168203971119134,0.4166938903535891
Ciroc Ten,7729.66,226.7757142857143,3.909932849637918
Ciroc Vodka,1216.54,8.95551724137931,0.15440573589573964
Cistum Grenacha,233.87,17.99,0.31017294857404926
Citadelle Gin,13333.259999999998,20.083686354378816,0.34627105140489584
Citation Chard,2519.3,35.99,0.6205183112384678
Citra Montepulciano,63120.66,10.832989372643127,0.1867760008662623
Citra Pnt Grigio,35711.88,10.79463739516527,0.18611475873519212
Citra Sangiovese Red,161.73,5.99,0.10327604013110368
Citra Trebbiano D'Abruzzo,5622.77,10.741700680272109,0.18520205518064875
Citran Haut-Medoc,1014.65,28.99,0.4998284479800827
Clan MacGregor,329242.0,15.494235294117647,0.2671424484200429
Clan MacGregor Scotch,323.73,11.99,0.20672449435257648
Clarendelle Brdx Blanc,3330.04,16.99,0.29293153953713713
Clarendelle Brdx Rouge,4918.41,18.99,0.3274143576109614
Claret Ramey Napa Valley,16252.69,38.28739776951674,0.6601286859031953
Clark & Chesterfield Whiskey,2498.75,19.99,0.3446557666478735
Clase Azul Reposado Tequila,95499.45999999999,90.66428571428571,1.5631800350394693
Clau de Nell Anjou Cab Franc,287.94,47.99,0.8274152196814133
Claude Riffault Chass Sancer,890.67,26.99,0.4653456299062585
Claude Riffault Les Boucauds,18033.27,23.370368098159506,0.4029380757235704
Claude Riffault Noue Rose Sa,619.6899999999999,19.99,0.3446557666478735
Clayhouse Adobe Cntrl Cst Wh,31188.64,6.401996842936069,0.11037944622208089
Clayhouse Adobe Red Paso Rbl,61676.04,12.639863760217983,0.21792906126076053
Clayhouse Cab Svgn,3311.82,183.99,3.1722468487014632
Clayhouse Cab Svgn Paso Rbls,33865.08,14.167524429967427,0.2442680837375138
Clayhouse Malbec Paso Robles,20705.2,14.081409691629956,0.24278334430973084
Clayhouse Petite Sirah,5510.75,24.333065693430655,0.4195363387424919
Clayhouse Svgn Bl Paso Roble,13320.89,11.99,0.20672449435257648
Clayhouse Syrah Paso Robles,5424.22,14.281828793774318,0.24623885202861243
Clean Slate Rsl Mosel,166518.57,10.689109746738296,0.18429531338395921
Clement Creole Shrubb Orange,144.95,28.99,0.4998284479800827
Clement Mahina Coco Liqueur,13407.679999999998,21.081116173120726,0.3634681468954382
Clement Select Barrel Rhum,28296.48,26.908671248568155,0.46394340763636066
Clemento VII Toscano,4637.68,19.99,0.3446557666478735
Cles des Ducs Armagnac VSOP,3694.3199999999997,21.989999999999995,0.3791385847216977
Cleveland Black Rsv Whiskey,20347.129999999997,25.725759493670882,0.4435483422156053
Cleveland Christmas Bourbon,11191.77,25.979304812834226,0.4479198207726949
Clifford Bay Svgn Bl Marlbor,14288.09,11.998650519031143,0.206873641489574
Cline Ancient Vin Znfdl,67115.4,15.400877332274712,0.26553282561305647
Cline Cashmere Red Cal,47964.35,13.302214239059438,0.22934891679226066
Cline Chard Sonoma Cst,14122.12,13.019411764705884,0.2244730036552802
Cline Cool Climate Pnt Nr,46152.05,15.946546598056031,0.2749409326232637
Cline Merlot Sonoma Coast,19111.96,11.354527629233512,0.1957680552765352
Cline Viognier Sonoma Count,14145.84,9.99,0.17224167627875223
Cline Znfdl Cal,79910.01,9.99,0.17224167627875223
Clio Jumilla Red,7513.33,44.99,0.775690992570677
Clix Vodka,1799.94,299.99,5.172250296983271
Clockspring Znfdl,131.88,10.99,0.18948308531566435
Clontarf Irish Whiskey,44067.189999999995,17.08281767955801,0.2945318471162538
Clos Amador Brut Cava,13.99,13.99,0.24120731242640073
Clos Amador Rose Tendre Cava,497.59,12.389999999999999,0.2136210579673413
Clos Cant St Emilion Grand C,2869.5899999999997,69.99,1.2067262184934802
Clos De L'Obac 05 Priorat,4019.1200000000003,45.972142857142856,0.7926245193033584
Clos Erasmus Laurel Priorat,1469.7,48.99,0.8446566287183254
Clos L'Englise 12 Pomerol,899.9000000000001,89.99,1.551554399231723
Clos La Coutale Cahors,7054.01,14.381891891891891,0.2479640808327582
Clos LaChance Cab Svgn,1317.16,15.365,0.26491424985215495
Clos LaChance Chard,5112.09,12.97201438848921,0.22365580610465208
Clos LaChance Meritage,399.6,9.99,0.17224167627875223
Clos LaChance Svgn Bl,25.98,12.99,0.22396590338948863
Clos Lanson Champagne,199.99,199.99,3.4481093932920577
Clos Pegase Carneros Chard,74586.03,16.37687392055268,0.28236038201018765
Clos Pegase Merlot Napa,52890.6,17.99,0.31017294857404926
Clos Pegase Svgn Bl Napa,59855.07,14.99,0.2584487214633129
Clos Rochette Faiveley 09,559.7199999999999,19.99,0.3446557666478735
Clos de L'Oratorie St-Emilon,494.89,44.99,0.775690992570677
Clos de Los Siete Mendoza,13973.009999999998,19.99,0.3446557666478735
Clos de Marquis 09 St Julien,5615.76,233.99,4.0343173005470705
Clos du Bois Cab Svgn N Cst,352579.31,9.484314248986452,0.1635229414013895
Clos du Bois Chard,1269547.86,12.410460870732472,0.21397383220889124
Clos du Bois Chard Calcaire,516.53,10.99,0.18948308531566435
Clos du Bois Marlstone,8340.18,46.14454545454546,0.7955969830042029
Clos du Bois Merlot N Cst,127212.9,9.624824222344929,0.16594553132582865
Clos du Bois Pnt Grigio Cal,157241.37,9.611082151105247,0.1657085986545709
Clos du Bois Pnt Nr Cal,232387.49,9.306477135252843,0.16045677898156452
Clos du Bois RSV Cab Svgn,32644.69,17.897807308970098,0.30858341667778905
Clos du Bois RSV Chard RRV,52355.86,14.105083798882683,0.24319151927645882
Clos du Bois RSV Merlot Alex,2588.49,17.066190476190474,0.29424517070185424
Clos du Bois Rouge,18719.7,9.763913043478261,0.16834361858345034
Clos du Bois Svgn Bl N Cst,81789.09,9.521982421875,0.16417239377783413
Clos du Bois Unoaked Chard,5808.55,6.49,0.11189674464955975
Clos du Bois Znfdl Sonoma,16194.9,9.53375531011045,0.16437537495944735
Clos du Val Cab Svgn Napa,100738.66,32.32733417561592,0.5573687915947427
Clos du Val Carneros Chard,24958.25,21.18047619047619,0.36518125359657844
Clos du Val Merlot Napa,13062.98,26.00628664495114,0.44838502557678794
Cloudy Bay 12 Te Koko,3879.03,39.99,0.6894839473861163
Cloudy Bay Chard Marlboro,14153.029999999999,23.715075528700904,0.40888131753159757
Cloudy Bay Pnt Nr Marlboro,6241.42,24.102994350282483,0.4155695846076025
Cloudy Bay Svgn Bl Marlboro,132992.91999999998,24.250083449235046,0.41810560792751444
Cluny Scotch Whiskey,23602.85,17.938480845442534,0.3092846857570881
Clyde May's Alabama Style Wh,15459.849999999999,30.030871934604903,0.5177745467596478
Clynelish Cask Strgth Scotch,799.99,799.99,13.792954815439337
Clynelish Single Malt Scotch,8878.52,59.99,1.034312128124359
Coastal Vines Cab Svgn Cal,286.59,6.989999999999999,0.1205174491680158
Cocchi Americano,759.6199999999999,19.99,0.3446557666478735
Cocchi Americano Rossa,18.99,18.99,0.3274143576109614
Cocchi Vermouth di Torino Sw,37.98,18.99,0.3274143576109614
Cocci Grifoni Tellus Red,645.6199999999999,16.99,0.29293153953713713
Cockburns Fine Ruby Port,60519.42,9.99,0.17224167627875223
Cockburns Special RSV,25538.34,12.99,0.22396590338948863
Cocktail Time Key Lime Rtd,6562.06,11.077323943661973,0.1909886731470567
Cocktail Time Strawberry Rtd,6454.17,11.09997442455243,0.19137919935297182
Cocobon Red,71999.45,6.525975763696036,0.1125170175068584
Codice Sierra Cantabria Red,7500.62,10.183675889328065,0.1755809215072451
Codorniu Original Spklg Cava,7828.82,10.877608069164266,0.18754529006367712
Coffinet-Duvernay Chass-Mon,314.95000000000005,62.99,1.0860363552350953
Cointreau Liqueur,1293142.0899999999,33.16515162653924,0.5718139449643748
Cointreau Liqueur with Carafe,14865.07,30.125770234986945,0.5194107271734425
Cointreau Noir Liqueur,22169.17,32.47181818181818,0.5598598994449677
Cointreau VAP,3251.0,32.49793650793651,0.5603102161889332
Col D'Orcia Brunello Montalc,4329.57,100.65666666666667,1.735462762292119
Col D'Orcia Rosso di Mntlcno,3850.64,16.191149425287357,0.2791582300191441
Col-di-Sasso Sangiovese/Cab,20654.77,9.28669347631814,0.16011568082562455
Colavita Pinot Grigio,15034.87,4.99,0.08603463109419154
Colavita Pnt Nr,51731.33,4.99,0.08603463109419154
Colby Red,815.04,8.49,0.146379562723384
Cold River Blueberry Vodka,100693.31,31.858495742667927,0.5492853564000615
Cold River Gin,70184.08,28.191858544140423,0.4860673646702912
Cold River Vodka,100373.49,31.93392082940622,0.550585791172161
Coldcock American Herbal Whi,9399.81,18.571967213114753,0.32020688334143255
Colimoro Montepul D'Abruzzo,131.88,10.99,0.18948308531566435
Collezione Chianti,179.64000000000001,4.99,0.08603463109419154
Collezione Monte d'Abruzzo,588.82,4.99,0.08603463109419154
Collier & McKeel Whiskey,391.92,48.99,0.8446566287183254
Collingwood Canadian Whisky,2249.25,29.99,0.5170698570169948
Colombo Cape Bleue Rose VdP,44825.13,9.99,0.17224167627875223
Colombo Marsala Dry,8687.93,9.582944369063773,0.16522346364500237
Colombo Marsala Sweet,32804.840000000004,9.581408114558473,0.16519697645269169
Colome Malbec Calchaqui,647.76,26.99,0.4653456299062585
Colores del Sol Malbec Rsv,10931.84,8.99,0.1550002672418401
Colosi Nero D'Avola Sicilia,18055.83,13.77224687933426,0.23745294180393864
Colosi Sicilia Dry Red,7015.96,11.658421052631578,0.20100760609296875
Colpetrone Sagratino Mn DOCG,149.94,24.99,0.4308628118324342
Columbia Crest 08 Cab Svgn,1115.69,35.99,0.6205183112384678
Columbia Crest G E Cab Svgn,183749.32,9.506656308266004,0.1639081499841552
Columbia Crest Gr Ests Syrah,938.4100000000001,4.49,0.07741392657573548
Columbia Crest Grand Chard,99272.13,9.64296389588581,0.16625828485714303
Columbia Crest Grand Merlot,98663.76,9.536597500589483,0.16442437832805717
Columbia Crest H3 Svgn Bl,519.04,10.911052631578947,0.18812192144432915
Columbia Crest Red Grand Est,1834.17,10.01608695652174,0.17269145216667167
Columbia Crest Svgn Bl Wash,43.94,7.390000000000001,0.12741401278278067
Columbia Crest Twin Vns Merl,11152.26,7.308057455540356,0.1260012078562266
Columbia Crest Two Cab Svgn,13771.27,7.24,0.12482780142724385
Columbia Crest Two Vines Rsl,630.91,7.131176470588236,0.12295153044381518
Columbia Crest Two Vn Shiraz,226.7,7.558181818181819,0.13031370430262498
Columbia Crest Two Vns Chard,21678.44,7.2941958041958035,0.1257622134554681
Columbia Crest Vns Merlot/Ca,7712.400000000001,7.321349206349207,0.12623037636873868
Columbia Crest Walter Clore,500.78999999999996,23.775714285714283,0.4099268151447551
Columbia Winery Cab Svgn,8262.89,13.975014409221902,0.2409489397261358
Columbia Winery Chard,15145.87,8.196221198156683,0.14131440223442945
Columbia Winery Merlot,503.64,13.99,0.24120731242640073
Columbia Winery Red Blend,1642.6299999999999,11.99,0.20672449435257648
Columna Albarino,15379.94,15.294918032786885,0.2637059379893222
Comandon XO Cognac,2599.8,129.99,2.241210760708208
Combier Liqueur D'Orange,17252.61,27.001428571428573,0.46554267458096604
Comm Bargemone d'Aix Blanc,2578.71,19.99,0.3446557666478735
Commander Quincy's Rum Toddy,6925.05,13.99,0.24120731242640073
Commanderie Bargmn Prov Rose,79948.61,18.822856325128793,0.3245325651445743
Common Man Pnt Grigio,4854.599999999999,8.99,0.1550002672418401
Common Man Slctn Woodford Rs,2253.51,45.99,0.792932401607589
Comoloco Monastrell Jumilla,269.7,8.99,0.1550002672418401
Compilation Cab Svgn,658.8000000000001,5.49,0.0946553356126476
Complicated Chard,15367.38,11.921536926147704,0.20554409449236472
Complicated Pnt Nr,16141.499999999998,18.99,0.3274143576109614
Concannon Crimson & Clover,311.76,12.99,0.22396590338948863
Concannon Founder Cab Svgn,725.52,15.253157894736843,0.26298593436776346
Concannon Founder Chard,4790.71,11.270701754385966,0.19432277908041162
Concannon Founder Petit Srah,433.69,13.99,0.24120731242640073
Concannon Glen Ellen Wh Zin,15.95,2.74,0.04724146076113925
Concannon Irish Whiskey,263.88,21.99,0.3791385847216978
Concannon Petite Sirah Cntrl,3536.75,10.872978723404255,0.18746547361985547
Concannon Select Vyds Pnt Nr,28135.45,7.5062412993039445,0.12941817657106208
Concannon Slt Vyd Pnt Grigio,19.98,9.99,0.17224167627875223
Concannon Svgn Bl Cntrl Cst,19.98,9.99,0.17224167627875223
Conch Republic Dark Rum,224.82,12.49,0.21534519887103257
Conde de Valdemar Cosecha,63.92,7.99,0.13775885820492795
Condesa De Leganza Crianza,144.71,4.99,0.08603463109419154
Conn Crk Ltd Rls Np Cab Svgn,6878.25,25.01013422818792,0.4312099542962647
Connemara Irish Whiskey,54672.05,42.22831775700935,0.7280756993892981
Connetable de Talbot 11 Brdx,927.7099999999999,31.99,0.5515526750908192
Cono Sur Cab Svgn Cntrl Vly,7426.08,8.264157303370787,0.1424857164128005
Cono Sur Chard Cntrl Vly,5488.32,8.22103448275862,0.14174221822380073
Cono Sur Organic Cab Svgn,8875.27,10.23236252545825,0.1764203477153969
Cono Sur Organic Chard,6143.06,10.361601208459215,0.17864860471240837
Cono Sur Organic Svgn Bl,2315.7400000000002,10.214489795918368,0.17611219667479372
Cono Sur Pnt Nr Rapel,18373.53,7.4495028067361675,0.12843992501256327
Cono Sur Svgn Bl Cntrl Vly,16413.15,8.292281368821293,0.14297061492901356
Cono Sur Vision Cab Svgn,2811.44,11.076419753086421,0.1909730836274963
Cono Sur Vision Pnt Nr,2972.34,10.931176470588236,0.18846888478408128
Cono Sur Vision Svgn Bl Csbl,2615.61,10.938717948717947,0.18859891049325855
Conquista Malbec Mendoza,73048.91,8.261733395047443,0.14244392481792975
Conquista Oak Cask Malbec IP,97.93,13.99,0.24120731242640073
Conservancy Concannon Chard,77.94,12.99,0.22396590338948863
Constanti Brunello Montalcno,1841.75,73.3025,1.2638383859282516
Conterno Barolo Sori Gnestra,3097.66,90.49,1.5601751037501788
Conterno Fantino Barb Alba,2634.0699999999997,28.266923076923074,0.4873615829841616
Conterno Fantino Barolo Mosc,4370.53,92.99,1.6032786263424592
Conterno Fantino Rosso Langh,195.96,48.99,0.8446566287183254
Conti Zecca Negroamaro 10,10859.130000000001,9.99,0.17224167627875223
Conti Zecca Primitivo,520.84,4.49,0.07741392657573548
Contos de Valpiedra Rioja,199.9,19.99,0.3446557666478735
Contratto 08 Milesimato Brut,2965.62,21.49,0.3705178802032417
Conundrum Sparkling 25th Ann,1199.52,24.99,0.4308628118324342
Convento Las Claras 12 Tinto,4065.1499999999996,21.74229357798165,0.37486777697860946
Cooks Brut,155608.26,7.551232899291248,0.13019389514966834
Cooks Extra Dry,204172.08,7.450084033613445,0.12844994618289765
Cooks Extra Dry Champagne,2973.11,7.708120805369127,0.1328988637113017
Cooks Grand Reserve,285.64,7.823333333333333,0.13488529003210925
Cooks Spumante,18621.61,7.353974001857011,0.12679287381283433
Coole Swan Irish Cream,46856.34,25.180384615384614,0.4341453108606156
Cooper & Thief Cellarmasters,26769.34,25.139999999999997,0.43344902318797096
Copa di Vino Cab Svgn,1416.8100000000002,2.49,0.042931108501911217
Copa di Vino Chard,1503.96,2.49,0.042931108501911217
Copa di Vino Pnt Grigio,2255.94,2.49,0.042931108501911217
Copain Les Voisins Pnt Nr,2729.3,38.99,0.6722425383492041
Copain Monument Tree Pnt Nr,1049.79,49.99,0.8618980377552377
Copain Tous Ensemble 12 Chrd,65335.14,15.99,0.275690130500225
Copain Tous Ensemble Chard,388.13,10.49,0.1808623807972083
Copain Tous Ensemble Pnt Nr,5253.8099999999995,23.99,0.41362140279552206
Copain Wentzel Pnt Nr,839.86,59.99,1.034312128124359
Coppa La Rocca Gavi,12226.98,15.21950819672131,0.2624057661603091
Coppo L'Avvocata,1152.26,15.19,0.2618970032706953
Corazon de Agave Anejo,23775.96,29.513664122137406,0.5088571553078093
Corazon de Agave Blanco,43572.03,22.99582665695557,0.3964804535344987
Corbett Canyon Cab Svgn,18421.75,8.23645390070922,0.14200807071579816
Corbett Canyon Chard,194253.56,9.98387072808321,0.17213599899453638
Corbett Canyon Merlot,21216.19,8.15630355846042,0.1406261658806381
Corbett Canyon Pnt Grigio,215194.76,11.790237427153032,0.20328030612385595
Corbett Canyon Pnt Nr,1143.1200000000001,12.99,0.22396590338948863
Corbett Canyon Wh Znfdl,25781.34,8.137245762711865,0.1402975826287953
Cormons Schioppettino,363.72,12.99,0.22396590338948863
Corner Creek Rsv Bourbon,56577.98,31.43891232696111,0.5420511471047555
Cornerstone Pnt Gris 13 Napa,13916.07,9.99,0.17224167627875223
Cornerstone WV Pnt Nr 11,28389.78,19.968215767634852,0.3442801757871109
Coronet VSQ,181.85999999999999,12.99,0.22396590338948863
Corral De Peidra Cab Svgn,9196.54,10.922203389830509,0.18831417622841606
Corralejo Blanco Tequila,17507.239999999998,25.897142857142857,0.44650323288734733
Corralejo Reposado Tequila,109834.33,30.862114327592522,0.5321063368659691
Corte Giara Amarone 09,599.88,49.99,0.8618980377552377
Corte Giara Valpo Ripasso 11,18.99,18.99,0.3274143576109614
Cortijo Rosado Rioja,237.82999999999998,13.99,0.24120731242640073
Cortijo Tinto Rioja,195.27,8.49,0.146379562723384
Coruba Rum,179.88,14.99,0.2584487214633129
Corvo Moscato Siciliarvo,8151.88,10.021963470319635,0.17279277154477224
Corvo Nero d'Avola & Pnt Gr,5367.76,23.934954128440367,0.4126723344081691
Corvo Pnt Grigio,2659.38,10.094046242774567,0.17403558010918238
Corvo Pnt Nr,10321.5,12.170293501048219,0.20983300835084578
Corvo Sicily Nero D'Avola,29563.1,10.247214554579674,0.17667641762450753
Corvo Terrae Dei Nero d'Avol,3563.54,7.99,0.13775885820492795
Corzo Anejo Tequila,30702.52,56.07943089430895,0.9668884066060278
Corzo Silver Tequila,699.86,49.99,0.8618980377552377
Cos d'Estournel St Estephe,2099.9300000000003,299.99,5.172250296983271
Cosentino The Franc,17791.21,12.90645885286783,0.22252553630037003
Cosentino The Zin,629.58,14.99,0.2584487214633129
Coste di Brenta Cerasuolo,186.83,10.99,0.18948308531566435
Cote Mas Blanc Mediterrane,1609.21,8.99,0.1550002672418401
Cote Mas Rose Aurore,11983.67,8.99,0.1550002672418401
Coto de Imaz Red Gr Rsva 08,1295.4599999999998,23.99,0.41362140279552206
Couleurs Du Sud Viognier,2547.4500000000003,9.99,0.17224167627875223
Couly-Dutheil Chinon Rose,1219.3899999999999,19.99,0.3446557666478735
Courvoisier 12 Yr Cognac,46321.060000000005,46.73851013110846,0.8058377709463027
Courvoisier 21 Yr Cognac,3249.87,249.98999999999998,4.3101798451376645
Courvoisier C,13886.94,34.243012048192774,0.590397777378802
Courvoisier L'Essence Cognac,3399.99,3399.99,58.62061831141088
Courvoisier Rose,591.68,18.49,0.31879365309250535
Courvoisier VS Cognac,602624.18,16.85233423124741,0.2905579877076928
Courvoisier VS Gift Pak,14372.769999999999,23.094986876640416,0.39819011544227517
Courvoisier VSOP Cognac,137866.67,36.039663928304705,0.621374587340749
Courvoisier VSOP VAP,10403.14,36.31758620689655,0.6261663590264217
Courvoisier XO Cognac,28538.04,145.55886227544912,2.509639883438577
Cousino Macul Cab Svgn,445.64,11.937368421052632,0.20581705177168635
Cousino Macul RSV Cab Svgn,9821.93,16.220555555555556,0.27966523313929087
Couvent des Thorins Moulin,649.75,25.99,0.4481042208693463
Couvreur Overaged 12 Yr Malt,2029.7099999999998,69.99,1.2067262184934802
Couvreur Pale Single Malt,2069.77,89.99,1.551554399231723
Covey Run Rsl Columbia Vly,14471.84,5.99,0.10327604013110368
Coyam Emiliana Colchagua Red,45.98,22.99,0.39637999375860994
Cragganmore 12-Yr Sngle Malt,39698.18,58.20415270018622,1.0035216043508044
Craggy Range Aroha Pnt Nr 06,184.95,36.99,0.6377597202753799
Craggy Range Svgn Bl Marlbro,10384.439999999999,18.68902912621359,0.32222519566781305
Craggy Range Te Kahu Rd,299.84999999999997,19.99,0.3446557666478735
Craigellachie 13 Yr Scotch,29755.88,48.664952198852774,0.8390523466221971
Crane Lake Cab Svgn Cal,733.75,6.030816326530612,0.10397977111220214
Crane Lake Chard Cal,1115.52,7.1951282051282055,0.12405414845763883
Crane Lake Pnt Grigio Cal,539.4,8.99,0.1550002672418401
Crema de Alba Cream Liqueur,44.97,14.99,0.2584487214633129
Cremant de Loire Belle du Nu,197.89,17.99,0.31017294857404926
Creme Yvette Liqueur,47.98,23.99,0.41362140279552206
Cres Richards Stecia Larzac,539.73,19.99,0.3446557666478735
Creta Olympia Red,23.76,0.99,0.01706899494654301
Creta Olympia White,431.28,5.989999999999999,0.10327604013110367
Creta Olympias Vin Crete Red,143.88,11.99,0.20672449435257648
Creta Olympias Vin Crete Wh,287.76,11.990000000000002,0.2067244943525765
Cribari Chianti,19428.2,10.906181606519208,0.18803793810884517
Cribari Marsala,93075.51,7.99,0.13775885820492795
Crios Cab Svgn,3314.38,12.669487179487179,0.21843981074945265
Crios Malbec,16546.01,12.770258519388953,0.22017725063989685
Crios Rose of Malbec,12893.0,11.721554160125589,0.20209610982304432
Cristobal Pie Palo Viognier,359.7,11.99,0.20672449435257648
Cristobal Pie de Palo Malbec,431.64,11.99,0.20672449435257648
Cristom Estate Pnt Gr Eola A,1955.9699999999998,18.99,0.3274143576109614
Cristom Pnt Nr Mt Jeffrson C,12585.289999999999,26.733421052631577,0.4609218473244191
Cristom Pnt Nr Sommers Rsv,2300.4100000000003,38.99,0.6722425383492041
Cristom Vyds Viognier Estate,1231.56,27.99,0.4825870389431706
Croft Clsc Vintage Porto 11,1448.77,62.99,1.0860363552350953
Croft Fine Ruby Port,191.84,11.99,0.20672449435257648
Croft Port 11,1039.87,79.99,1.3791403088626015
Croft Reserve Tawny,719.64,19.989999999999995,0.34465576664787345
Croft Tawny Porto,191.84,11.99,0.20672449435257648
Croix de Basson Rose Organic,1748.75,13.99,0.24120731242640073
Croix de Beaucaillau St-Juli,299.94,49.99,0.8618980377552377
Croix de Beaucaillou St Juln,1879.6,46.99,0.8101738106445011
Crop Meyer Lemon Vodka,173.94,28.99,0.4998284479800827
Cross Springs Pnt Nr Colusa,48887.62,8.99,0.1550002672418401
Crossbarn Cab Svgn,439.89,39.99,0.6894839473861163
Crown Royal,3050337.45,27.77407932300163,0.47886426223151474
Crown Royal +2 Reusable Cups,214036.9,22.990740192450037,0.396392755719407
Crown Royal 75th Anniversary,4339.38,69.99,1.2067262184934802
Crown Royal Apple,27.86,1.99,0.03431040398345515
Crown Royal Black,250548.04,37.55451921238769,0.6474928269253514
Crown Royal Canadian Whisky,247039.74,27.99,0.4825870389431706
Crown Royal Cornerstone Blnd,51531.41,59.99,1.034312128124359
Crown Royal Hand Slct Barrel,84969.41,54.01750491159135,0.9313378973341567
Crown Royal Honey Limited,39950.76,23.25382306477093,0.4009286751316973
Crown Royal Maple Whisky,214952.68,27.382306227385257,0.4721095420403355
Crown Royal Mini,80873.52,2.99,0.05155181302036728
Crown Royal No Harvest Rye,8978.88,1.9900000000000002,0.034310403983455154
Crown Royal Nrth Harvest Rye,113966.29,28.705709865933308,0.4949268854934803
Crown Royal Party Pak,95115.21,39.97424606151538,0.6892123272887605
Crown Royal RSV,103789.13,40.1586274509804,0.6923913222433211
Crown Royal Regal Apple,751229.65,28.487665865044562,0.4911674996861126
Crown Royal Shot Glass VAP,122173.06,22.35490455212922,0.3854300533643889
Crown Royal Special Reserve,107612.06999999999,72.09127659574469,1.2429551877804046
Crown Royal Vanilla,196736.55,13.613606362420098,0.23471775576199438
Crown Royal X R Extra Rare,82875.65000000001,130.4943782837128,2.249906953007036
Crown Royal XO,102001.64,45.65092572658773,0.7870862833657942
Crown Royal w/2 Glasses,2958.6699999999996,22.210930232558137,0.38294773322985276
Cruz Garcia Real Sangria Rd,733.37,6.49,0.11189674464955975
Cruz Garcia Real Sangria Re,49656.73,10.20034595300261,0.1758683368937293
Cruzan 151 Aged Rum,33743.119999999995,19.99,0.3446557666478735
Cruzan 9 Rum,311.76,12.99,0.22396590338948863
Cruzan Aged Dark Rum,342683.35,14.684182712003276,0.2531760005104022
Cruzan Aged Light Rum,109783.84999999999,16.8710641627543,0.29088091811803646
Cruzan Banana Flavored Rum,2384.83,10.99,0.18948308531566435
Cruzan Black Cherry Rum,92900.65,10.066936376210236,0.17356816781081066
Cruzan Black Strap Rum,18582.75,10.148908507223116,0.17498148285123105
Cruzan Blueberry Lemonade,88209.0,10.032588804165892,0.17297596727176928
Cruzan Citrus Flavored Rum,1120.98,10.99,0.18948308531566435
Cruzan Coconut Flavored Rum,106918.79000000001,10.068854150623748,0.17360123294391452
Cruzan Est Single Barrel Rum,179.94,29.99,0.5170698570169948
Cruzan Estate Diamond Dark,22596.019999999997,17.43262295081967,0.30056298288134414
Cruzan Mango Flavored Rum,113891.96,10.074417549167926,0.17369715377385006
Cruzan Passion Fruit Rum,41904.24,10.050666934511852,0.1732876597116866
Cruzan Pineapple Rum,54571.78,10.072651869158879,0.1736667109625858
Cruzan Raspberry Flavord Rum,2615.62,10.99,0.18948308531566435
Cruzan Strawberry Rum,593.46,10.99,0.18948308531566435
Cruzan Vanilla Flavored Rum,9198.63,10.99,0.18948308531566435
Cryptic California Red,9351.54,14.425443037974684,0.24871496395639797
Crystal Head Aurora Vodka,33234.46,59.99,1.034312128124359
Crystal Head Vodka,151128.61000000002,21.306527155927586,0.3673545498514237
Cuervo RTD Golden Grapefruit,22655.57,16.921589537223337,0.29175204676600025
Cuervo Silver Rolling Stones,60285.5,15.677148420597144,0.2702961284518964
Cuervo Watermelon Margaritas,85808.85,14.806666666666667,0.2552877964732123
Culpeo Malbec,281.25,11.061428571428573,0.19071461453258667
Culpeo Pnt Nr,497.52,10.14,0.17482788763428905
Cupcake Angel Food,34598.43,7.613188405797102,0.13126209537942482
Cupcake Black Forest,63883.71,7.493960105602816,0.1292064314869994
Cupcake Cab Svgn,208652.63,7.600930383864672,0.13105074980930437
Cupcake Chard,350764.84,7.624507678410118,0.13145725558854615
Cupcake Chianti,587.16,6.99,0.12051744916801582
Cupcake Malbec,60351.79,7.948062840820566,0.13703580248966923
Cupcake Merlot,121553.51,7.605717914238757,0.1311332935787606
Cupcake Moscato,3624.58,8.328541666666666,0.14359579355596588
Cupcake Petit Sirah Cal,536.87,8.293030303030303,0.1429835276100528
Cupcake Pnt Grigio,335460.35,7.619281908145141,0.13136715594587475
Cupcake Pnt Nr,142812.6,7.600733503256868,0.13104735531021378
Cupcake Prosecco,439565.18,9.315930532113352,0.1606197688636248
Cupcake Red Velvet,232214.66,7.625212711430035,0.13146941135122708
Cupcake Riesling,20423.7,8.130685640362225,0.140184476876033
Cupcake Shiraz,11096.37,8.471132075471699,0.14605425311891398
Cupcake Svgn Bl,361343.84,7.630989020798,0.1315690030637639
Cusumano Merlot,307.78,13.99,0.24120731242640073
Cusumano Nero D'Avola Sicily,39037.06,10.876187845303868,0.187520803403176
Cutler Creek Chard,30.32,3.79,0.06534494024989698
Cutler Creek Merlot,144.02,3.79,0.06534494024989698
Cutler Creek Wh Znfdl,106.11999999999999,3.79,0.06534494024989698
Cuttings Red,11397.720000000001,49.989999999999995,0.8618980377552374
Cutty Sark,287085.77999999997,22.992841611069927,0.3964289871373904
Cutty Sark Prohibition,8402.06,21.401552346570394,0.3689929180321069
Cuvaison Carneros Pnt Nr,278.90999999999997,30.99,0.534311266053907
Cuvaison Chard,14354.38,25.56230769230769,0.44073020285048237
Cuvee Aurora Rose Sparkling,7380.799999999999,23.064074074074075,0.39765713516875156
Cuvee de Pena Rose,4213.46,11.958421052631579,0.2061800288040424
Cyan Toro Zamora,1231.23,15.99,0.275690130500225
Cycles Gladiator Cab Svgn,14927.86,9.05979865771812,0.15620369444978563
Cycles Gladiator Chard,15702.33,11.276245353159851,0.1944183585344087
Cycles Gladiator Merlot,615.56,13.99,0.24120731242640073
Cycles Gladiator Petite Sira,731.39,11.99,0.20672449435257648
Cycles Gladiator Pnt Nr,545.61,13.99,0.24120731242640073
Cynar Liqueur,923.67,27.99,0.4825870389431706
Cyprus Cab Svgn,34.99,34.99,0.6032769022015555
Cyprus Chard,549.78,24.99,0.4308628118324342
Cyprus Pnt Nr,139.96,34.99,0.6032769022015555
Cyrus Alexander Vly,1199.88,99.99,1.7239684896008443
Cyrus Cab Svgn Alex Vly,3563.3500000000004,54.80818181818182,0.9449702812967234
D Bosler Pnt Nr Casablanca,854.43,14.99,0.2584487214633129
D Cabirau CdRoussillon Rouge,1193.36,18.171818181818182,0.3133077502171242
D Guillot Broux Blanc Les Ge,492.83,28.990000000000002,0.4998284479800828
D Guillot Broux Bourgogne,753.74,28.99,0.4998284479800827
D'Arenberg Footbolt Shiraz,18186.42,18.98527559055118,0.32733290213519645
D'Armailhac Pauillac 05,12187.56,276.99,4.7756978891342925
D'Arry's Original Shrz/Grnch,11488.4,15.211374045801527,0.2622655219371331
D'Usse VSOP Cognac,83409.37000000001,50.2036546184739,0.8655817444249715
D. Cohn Cab Svgn Bellacosa,2672.0099999999998,26.990000000000002,0.4653456299062585
D.des Senechaux CdP,7748.45,49.989999999999995,0.8618980377552374
DBR Legende Brdx Rouge,2218.52,14.99,0.2584487214633129
DK Burst Blustery Peppermint,45084.6,0.99,0.01706899494654301
DK Burst Blustery Pmnt Trav,472.57,10.99,0.18948308531566435
DUKE Kentucky Bourbon,41938.36,39.26428571428571,0.6769716105421857
Da Vinci Chianti Tuscany,216780.8,9.93477269986736,0.17128947980716105
Da Vinci Pnt Grigio,195680.4,9.938061029879213,0.17134617524994378
Dachshund Rsl,4716.7,14.397035175879399,0.24822517238614894
Dad's Hat Rye Whiskey,538.89,48.99,0.8446566287183254
Dalliance Chardonnay,38671.29,9.99,0.17224167627875223
Dalton Canaan Red,109.89,9.99,0.17224167627875223
Dalton Canaan White,111.93,15.99,0.275690130500225
Dalwhinnie 15-Yr Single Mal,247565.39,59.60968680089485,1.0277549926964504
Dalwhinnie 25 Yr Single Malt,2249.95,449.98999999999995,7.758461652520091
Dalwhinnie Distillers Edtion,70899.87,69.99,1.2067262184934802
Damilano 11 Brunate Barolo,4199.3,59.99,1.034312128124359
Damilano Cannubi Barolo,4079.49,79.99,1.3791403088626015
Damilano Lecinquevgne Barolo,29230.49,34.37376383763838,0.5926521224629419
Damrak Amsterdam Gin,7649.44,17.068431372549018,0.2942838069125812
Dancing Bull Zabaco Cab Svgn,7206.62,8.534857768052516,0.14715297385086037
Danzante Del Vnzi Pnt Grigio,63914.44,9.98487713211911,0.17215335081817573
Danziger Gold Vodka,22514.98,14.99,0.2584487214633129
Daou Cab Svgn,19290.35,19.99,0.3446557666478735
Daou Mayote Red,383.96,95.99,1.6550028534531955
Daou Reserve Seventeen Forty,3023.52,62.99,1.0860363552350953
Daou Rsv Cab Svgn,3409.38,54.99,0.9481050829397982
Daou Rsv Znfdl,662.8299999999999,38.99,0.6722425383492041
Daou Soul of a Lion Red,3194.7200000000003,113.51941176470588,1.9572346118649493
Darioush Cab Franc Napa Vly,1439.76,59.99,1.034312128124359
Darioush Cab Svgn,22071.62,93.44454545454545,1.6111156304501464
Darioush Chard,1549.69,49.99,0.8618980377552377
Darioush Merlot Napa Valley,2099.65,59.99,1.034312128124359
Dark Corner Moonshine,2391.08,25.99,0.4481042208693463
Dark Corner Peach Shine,734.65,20.99,0.36189717568478563
Dark Horse Pnt Nr,27845.15,7.99,0.13775885820492795
DarkHorse Rose,6511.85,7.99,0.13775885820492795
Darkhorse Cab Svgn,73340.21,7.99,0.13775885820492795
Darkhorse Chard,58998.16,7.99,0.13775885820492795
Darkhorse Merlot,33078.6,7.990000000000001,0.13775885820492795
Darkhorse Red,41340.26,7.990000000000001,0.13775885820492795
Darkhorse Svgn Bl,17671.69,7.9478313253012045,0.13703181083590152
Darnley's View Gin,15213.39,23.077198515769943,0.3978834190364111
Darting Rsl Kab,220.86999999999998,16.99,0.29293153953713713
David Bruce Pnt Nr Anderson,6237.92,29.99,0.5170698570169948
David Bruce Pnt Nr RRV,36329.0,40.39980392156863,0.6965495444228117
David Bruce Pnt Nr Sonoma,25900.440000000002,34.23285714285714,0.5902226925021792
David Girard Vyds Code Rouge,29423.46,11.989999999999998,0.20672449435257648
David Girard Vyds Syrah Okei,5997.0,19.99,0.3446557666478735
David Stone Pnt Nr,53.88,4.49,0.07741392657573548
Davis Bynum Jane's Vy Pnt Nr,49.99,49.99,0.8618980377552377
Davis Bynum Jane's Vy Svgn B,482.78999999999996,22.990000000000002,0.39637999375860994
Davis Bynum Jane's Vyd Pnt,22054.88,30.893381642512075,0.5326454294319831
Davis Bynum River West Chard,11824.59,17.202230215827335,0.2965906874982084
De La Costa Sangria,15.58,7.79,0.1343105763975455
De Loach Cab Svgn Cal,35659.59,10.263789649415692,0.17696219561440094
De Loach Chard Cal,38994.15,10.222169208066898,0.17624460056080957
De Loach Merlot Cal,7714.53,10.216495726495726,0.1761467817443776
De Loach Pnt Nr,33177.08,10.075333333333333,0.17371294318323538
De Loach Russian River Chard,15708.66,18.847421875,0.3249561098381204
De Martino Cab Svgn Estate,13.99,13.99,0.24120731242640073
De Martino Carmenere Estate,3611.82,11.370952380952382,0.19605124113924993
De Martino Svgn Bl Organic,167.88,13.99,0.24120731242640073
De Villaine Bouzeron Aligot,824.75,32.99,0.5687940841277314
DeKuyper Amaretto,1249.6100000000001,8.99,0.1550002672418401
DeKuyper Anisette,34507.41,8.33753827058337,0.14375090768403687
DeKuyper Apricot Brandy,287.64,7.989999999999999,0.13775885820492795
DeKuyper Blackberry Brandy,1118.88,9.99,0.17224167627875223
DeKuyper Blue Curacao,5537.84,8.99,0.1550002672418401
DeKuyper Buttershots,2753.88,12.99,0.22396590338948863
DeKuyper Buttershots Schnaps,120658.51,15.8083776022972,0.2725587044511663
DeKuyper Buttershots Schnpps,183928.07,4.82437098997196,0.08317895358391927
DeKuyper Buttershots Trav,175.84,10.99,0.18948308531566435
DeKuyper Cactus Juice,241.78,10.99,0.18948308531566435
DeKuyper Cane Trial Pack,21480.16,2.99,0.05155181302036728
DeKuyper Cherry Brandy,519.48,9.99,0.17224167627875223
DeKuyper Coffee Brandy,659.3399999999999,9.99,0.17224167627875223
DeKuyper Cranberry,168.87,12.99,0.22396590338948863
DeKuyper Creme de Banana,1105.77,8.99,0.1550002672418401
DeKuyper Creme de Cacao Dark,5411.9800000000005,8.99,0.1550002672418401
DeKuyper Creme de Cacao Whit,7866.25,8.99,0.1550002672418401
DeKuyper Creme de Cassis,9115.86,8.99,0.1550002672418401
DeKuyper Fleur Elderflower,379.81,19.99,0.3446557666478735
DeKuyper Grape Pucker,1311.99,12.99,0.22396590338948863
DeKuyper Green Creme de Ment,18561.420000000002,9.99,0.17224167627875223
DeKuyper Hazelnut,1887.9,8.989999999999998,0.15500026724184005
DeKuyper Hot Damn 100*,76002.85,11.877788778877889,0.2047898147906788
DeKuyper Hot Damn Cinnamon,82464.93000000001,4.64559838794463,0.08009666202777298
DeKuyper Island Punch Pucker,5416.83,12.99,0.22396590338948863
DeKuyper Kamikaze RTD,10.99,10.99,0.18948308531566435
DeKuyper Melon,1375.47,8.99,0.1550002672418401
DeKuyper Mixed Berry Medley,252.77,10.99,0.18948308531566435
DeKuyper O3 Orange Liqueur,199.89999999999998,19.99,0.3446557666478735
DeKuyper Orange Curacao,2211.54,8.99,0.1550002672418401
DeKuyper Peach Pucker,90.93,12.99,0.22396590338948863
DeKuyper Peachtree Schnapps,243751.03,10.629601620526671,0.18326930943892442
DeKuyper Peachtree Trav,205463.74,15.838807053941908,0.27308335107374165
DeKuyper Peppermint,493.62,12.99,0.22396590338948863
DeKuyper Peppermint Schnapp,98192.27,15.692582368655387,0.270562231463423
DeKuyper Pineapple,1299.0,12.990000000000002,0.22396590338948866
DeKuyper Pomegranate,729.27,9.99,0.17224167627875223
DeKuyper Razzmatazz,64576.87,9.488203339674488,0.1635899948047236
DeKuyper Red Apple Schnapps,2384.83,10.99,0.18948308531566435
DeKuyper Red Headed Burst,62.94,10.49,0.1808623807972083
DeKuyper Root Beer Schnapps,4736.6900000000005,10.99,0.18948308531566435
DeKuyper Sloe Gin,188.79,8.99,0.1550002672418401
DeKuyper Sour Apple Pucker,240352.41999999998,12.549812943128678,0.21637645828921567
DeKuyper Spearmint Schnapps,1195.08,12.99,0.22396590338948863
DeKuyper Strawberry,90.93,12.99,0.22396590338948863
DeKuyper Strawberry Pucker,527.52,10.99,0.18948308531566435
DeKuyper Triple Sec,530040.68,6.683281244374033,0.11522918564297582
DeKuyper Watermelon Pucker,77944.3,10.41558278541542,0.17957932316116787
DeKuyper Wh Cr de Menthe,55468.3,8.99,0.1550002672418401
DeKuyper White Creme de Ment,1428.57,9.99,0.17224167627875223
DeLeon Platinum Tequila,33877.05,43.32091436865022,0.7469136044829426
DeLeon Reposado Tequila,19236.05,48.75106194690266,0.8405370000103907
DeLille Cellars Chaleur Blnc,1146.69,36.99,0.6377597202753799
DeLille Cellars D2,8985.86,41.99,0.7239667654599405
DeLille Cellars Doyenne AIX,935.76,38.99,0.6722425383492041
DeLille Cellars Gr Ciel Cab,4549.650000000001,129.99,2.241210760708208
DeLoach Est Vyd Chard,1268.73,46.99,0.8101738106445011
DeLoach Est Vyd Pnt Nr,1652.71,56.99,0.9825879010136225
DeLoach Ethans Vyd Znfdl,51388.44,12.99,0.22396590338948863
DeLoach OFS Chard,4577.71,19.99,0.3446557666478735
DeLoach Sonoma Cnty Chard,56533.41,9.99,0.17224167627875223
DeLuze VS Cognac,7433.7699999999995,23.02112840466926,0.3969166913161791
DeMorgenzon DMZ Cab Rose,23.98,11.99,0.20672449435257648
DeWetshof Limestone Hl Chard,9177.07,15.474764542936288,0.2668067452346692
Deadbolt Red,23215.95,9.73347158218126,0.1678187648975474
Deanston SM Virgin Oak,33752.9,30.569175704989153,0.5270556622509548
Death's Door Gin,43897.11,25.99,0.4481042208693463
Debauchery Carmenere,1330.8600000000001,11.639484536082474,0.2006811138654114
Debauchery Chard,156.33,5.79,0.09982775832372126
Debauchery Pnt Nr,11.58,5.79,0.09982775832372126
Debauchery Svgn Bl,2742.04,13.99,0.24120731242640073
Decoy Duckhorn Chard Sonoma,101184.37,17.326540540540538,0.29873397265410007
Decoy by Duckhorn Red Sonoma,137588.81,19.303335413416534,0.33281670163942584
Deep Eddy Cranberry Vodka,5253.08,17.99,0.31017294857404926
Deep Eddy Lemon Vodka,154388.54,12.440952914798206,0.21449955801300016
Deep Eddy Peach Vodka,65490.58,5.2282112655869275,0.09014172896137627
Deep Eddy Ruby Red,218911.44,16.75029264094104,0.28879864691044366
Deep Eddy Ruby Red Vodka,134864.72999999998,7.513343753151155,0.12954063288300766
Deep Eddy Sweet Tea Vodka,7228.999999999999,18.080909090909092,0.31174034939558676
Deep Eddy Vodka,66306.87,22.40768131286395,0.38633999908385963
Defesa Branco White Alentejo,3078.63,12.99,0.22396590338948863
Defesa Rose Alentejo,5897.46,12.99,0.22396590338948863
Defesa Tinto Red Alentejo,5351.88,12.99,0.22396590338948863
Defiant American Single Malt,22425.2,38.69707070707071,0.6671920245909166
Dekuyper Blue Curacao,20909.31,7.039733570159858,0.12137492599400788
Dekuyper Orange Curacao,10266.35,7.018037383177571,0.12100085315970496
Dekuyper Peachtree Scnapps,6537.96,0.99,0.01706899494654301
Del Maguey Vida Mezcal,216.92999999999998,30.99,0.534311266053907
Delamotte Bl de Bl Brut,3298.68,24.99,0.4308628118324342
Delamotte Bl de Bl Champagne,1149.77,49.99,0.8618980377552377
Delamotte Brut,6960.27,27.269720279720282,0.4701684016648353
Delas Cotes du Rhone,21808.34,13.101004784688996,0.22587978228736597
Delicious White P Vella B/B,509.66,14.99,0.2584487214633129
Delirio Joven Mezcal,149.97,49.99,0.8618980377552377
Delish Svgn Bl,10799.34,10.160160295930948,0.1751754795427397
Delord Bas-Armagnac 25 Yr,26476.69,79.99,1.3791403088626015
Deneufbourg White 14,1042.84,8.99,0.1550002672418401
Des Amis Rose,10247.2,15.088850574712643,0.2601530446554674
Desert Island Iced Tea,2923.29,7.29,0.12568987187908945
Desert Wind Cab Svgn,8123.72,15.40274238227147,0.26556498170292486
Desert Wind Ruah Red,644.6899999999999,20.856666666666666,0.35959832114653073
Desert Wind Vyd Merlot,94.94999999999999,18.99,0.3274143576109614
Devils Spring Vodka,9492.72,13.339875930521092,0.229998257419773
Dewar's 15 Yr Old Rsv,19294.850000000002,47.38402985074627,0.8169674404739711
Dewars 18 Yr Old Founders Rv,42753.56,66.42772893772893,1.1453076460085092
Dewars Highlander Honey,46676.52,20.0376501305483,0.3454773220393191
Dewars Scratch Cask Scotch,38435.21,26.07096468561585,0.44950016613159416
Dewars Signature,1109.94,184.99,3.189488257738376
Dewars Special RSV 12-Year,16094.11,55.56777777777778,0.9580667859389029
Dewars Special RSV 12-Yr,112630.53,31.838128342245987,0.5489341937183683
Dewars Special Reserve 12 Yr,66365.5,13.821962397179789,0.2383101073825953
Dewars Wh Label & Honey 2 Pk,3429.02,34.99,0.6032769022015555
Dewars White Label,2715618.43,21.358140703517588,0.368244440137269
Dewars White Label Scotch,178592.83,26.99,0.4653456299062585
Dewatsuru Kimoto Junmai Sake,11248.41,24.54099150141643,0.4231212726473051
Di Majo Norante Sangiovese,25978.19,11.380602055800294,0.19621761513037597
Di Padrino Dry Vermouth,18416.95,7.990000000000001,0.13775885820492795
Di Padrino Sweet Vermouth,26902.33,7.99,0.13775885820492795
DiSaronna Amaretto Sour VAP,56941.89,21.802734082397002,0.37590985643763186
DiSaronno Amaretto,4781.16,6.990000000000001,0.12051744916801582
DiSaronno Cavalli Collection,21914.13,12.99,0.22396590338948863
DiSaronno Cavalli Glass Pack,1369.37,21.605384615384615,0.3725072735536547
DiSaronno Etro Icon VAP,41659.159999999996,19.99,0.3446557666478735
DiSaronno Rsva Ltd Edition,1049.97,349.99,6.034320748828877
DiSaronno Versace Wrap VAP,167.93,23.99,0.41362140279552206
Diamond Creek Red Rock Cab S,4724.79,224.99,3.879144619214861
Diamond Crk Cab Svgn Volcanc,4274.81,224.99,3.879144619214861
Diamond Crk Gravelly Cab Svg,3149.86,224.99,3.879144619214861
Dibon Cava Brut Rsv,28208.63,12.077328767123287,0.20823016534723834
Dibon Cava Rosado,790.41,13.548823529411765,0.23360080843952774
Dictador 12 Yr Rum,17864.84,34.66464114832536,0.5976672571560531
Dictador 20 Yr Rum,5039.16,59.99,1.034312128124359
Dieberg Santa Maria V Pnt Nr,1291.66,37.99,0.6550011293122919
Dierberg Santa Maria Chard,2279.0499999999997,23.99,0.41362140279552206
Dingle Original PotStill Gin,179.94,29.99,0.5170698570169948
Diora Pnt Nr,4287.23,23.80481481481481,0.4104285492701679
Diplomatico Venezln Rsva Rum,40693.37,34.99,0.6032769022015555
Diplome Dry Gin,17693.85,29.763584905660377,0.5131661417633544
Diseno Malbec Mendoza,12328.130000000001,10.358839427662957,0.1786009877200298
Diseno Red Blend Mendoza,6982.32,10.217722772277227,0.17616793774260348
Diseno Torrontes Salta,685.02,6.989999999999999,0.1205174491680158
Distroya Spiced Liqueur,20213.26,18.763704171934258,0.3235126986759332
Diva Platinum Citrus Infused,15422.820000000002,36.88136490250697,0.6358866981237375
Djinn Spirits Gin,10495.79,32.69566037735849,0.5637192542979986
Doga Delle Clavule Vermentin,269.7,8.99,0.1550002672418401
Dolin Dry White Vermouth,54001.4,13.989999999999998,0.24120731242640073
Dolin Sweet Red Vermouth,55176.56,13.989999999999998,0.24120731242640073
Dolin Sweet White Vermouth,1308.1200000000001,14.826363636363638,0.2556273999845455
Dom Billaud Simon Chablis 14,1808.33,26.99,0.4653456299062585
Dom Bousquet Cab Svgn Mendza,24776.03,11.225955056179775,0.19355128295358742
Dom Bousquet Cab Svgn Rsv,4461.21,15.99,0.275690130500225
Dom Bousquet Chardonnay,6402.27,11.218260869565219,0.19341862433495954
Dom Bousquet Malbec Gr Rsv,311.88,25.99,0.4481042208693463
Dom Bousquet Malbec Mendoza,31388.98,11.214163027656477,0.19334797176644233
Dom Bousquet Pnt Nr Rsv,1236.3,18.00923076923077,0.3105045141324514
Dom Cachot Monot Ct Nuits,4534.32,26.99,0.4653456299062585
Dom Carneros Brut,65147.869999999995,26.037255038220987,0.44891896431236933
Dom Carneros Pnt Nr Napa Vly,19517.46,22.86751004016064,0.3942680942581046
Dom Ch Moreau Chablis 14 Cls,538.93,76.99,1.327416081751865
Dom Ch Moreau Chablis 14 Val,271.92,33.99,0.5860354931646434
Dom Ch Moreau Chablis Les Cl,1109.85,73.99,1.2756918546411287
Dom Chandon 00 Carnrs Pnt Nr,551.76,22.99,0.39637999375860994
Dom Chandon Blanc de Noir C,139587.53,15.285467584624211,0.26354299894696737
Dom Chandon Brut,32261.88,4.710151610865445,0.08120965054880172
Dom Chandon Brut Cuvee,312343.97,15.416107541427122,0.26579541587877087
Dom Chandon Carneros Chard,175.92,21.99,0.3791385847216978
Dom Chandon Etoile,909.66,26.87235294117647,0.4633172288430923
Dom Chandon Pinot Meunier,68.97,22.99,0.39637999375860994
Dom Chandon Riche Extra Dry,227.88,18.99,0.3274143576109614
Dom Chandon Rose Spklg,169419.25,14.903746630727762,0.25696159184287837
Dom Cherrier Sancerre,88498.18,16.473870967741934,0.28403274777615023
Dom Clape Cornas Rd,1151.8799999999999,95.99,1.6550028534531955
Dom Clavel Languedoc,3987.15,13.99,0.24120731242640073
Dom D'Andezon CdRhone Red,7691.18,13.191946472019465,0.22744774511713756
Dom De La Janasse 13 Ch Pape,1979.67,59.99,1.034312128124359
Dom Diochon Moulin-a-Vent,2428.65,17.99,0.31017294857404926
Dom Dionysos Charline CdR Bl,2464.6299999999997,17.99,0.31017294857404926
Dom Faiv Cham Clos De Beze,2141.9300000000003,305.99,5.275698751204744
Dom Faiv Nuits-St Geo Poret,559.93,79.99,1.3791403088626015
Dom Faiveley 14 St George AC,685.86,48.99,0.8446566287183254
Dom Faiveley LatricChmbrt 12,429.98,214.99,3.70673052884574
Dom Faiveley Mercry Rouge 14,2424.0299999999997,24.99,0.4308628118324342
Dom Faiveley Mercurey 14 Bl,6344.469999999999,25.126752136752135,0.43322061135884954
Dom Ferret Les Perrieres 14,422.91,46.99,0.8101738106445011
Dom Ferret Pouilly Fuisse,14683.34,31.488349834983495,0.542903519402335
Dom Fleurot-Larose Chass-Mon,223.96,55.99,0.9653464919767103
Dom Fond Croze CdR Serra Grd,2117.37,12.99,0.22396590338948863
Dom Fond Croze La Croix Coq,14050.189999999999,17.99,0.31017294857404926
Dom Fond Croze Rasteau CdR V,15.98,7.99,0.13775885820492795
Dom Fond Croze Serre CdR Bl,1439.04,14.99,0.2584487214633129
Dom Fontsainte Corbieres Gr,5512.06,13.989999999999998,0.24120731242640073
Dom Fouassier Sancerre 13,2014.8799999999999,17.99,0.31017294857404926
Dom Giraud 14 CdR Rouge,1405.26,18.99,0.3274143576109614
Dom Gres St Vincent CdR Vlgs,103.86999999999999,7.99,0.13775885820492795
Dom Henri Boillot Mersault,1259.82,69.99,1.2067262184934802
Dom Janasse Cote Rhone Rouge,56.97,18.99,0.3274143576109614
Dom Janasse Terre d'Argile,1019.4899999999999,19.99,0.3446557666478735
Dom La Fage Cve Nicholas VdP,5366.85,9.698812260536398,0.16722118935612645
Dom La Fage Tess Carignan VV,1454.8799999999999,12.99,0.22396590338948863
Dom La Fage Tessellae CdRous,15565.29,11.33054834054834,0.1953546185518999
Dom La Garrigue CDR Cuvee,527.67,15.99,0.275690130500225
Dom La Soumade Rast Prestige,2124.15,23.067692307692305,0.3977195186145546
Dom La Suffrene Bandol Rose,2736.93,25.584202898550725,0.4411077070572661
Dom LaFage Mira Cd Rousillon,179.88,14.99,0.2584487214633129
Dom Lafage Cote Est Blanc,359.7,11.99,0.20672449435257648
Dom Le Sang des Cailloux Va,2672.19,32.99,0.5687940841277314
Dom Leflaive Merslt 07 d'Ane,236.97,78.99,1.3618988998256891
Dom Paul Cherrier Sanc Rose,319.84,19.99,0.3446557666478735
Dom Pere Caboche Cote Rhone,21411.06,11.956321243523316,0.2061438251363074
Dom Perignon,589317.73,143.24883432767325,2.469811746704275
Dom Perignon Oeno 96 Silver,827.97,275.99,4.758456480097379
Dom Perignon P2 Blanc 1998,16499.45,299.99,5.172250296983271
Dom Perignon Rose,2529.8900000000003,229.98999999999998,3.9653516643994213
Dom Pierre Damoy Chapelle-Ch,339.96,84.99,1.465347354047162
Dom Piquemal Cotes du Roussi,359.76,14.99,0.2584487214633129
Dom Poujol Rose Coteaux du,1614.1499999999999,18.99,0.3274143576109614
Dom Prieur Corton-Bressandes,1889.9,188.99,3.258453893886024
Dom Prieur Meurslt Mazray 13,1671.78,75.99,1.3101746727149528
Dom R Bouvier Marsny Rose 14,3551.13,18.99,0.3274143576109614
Dom Roux Bourgogne Chard,5021.46,19.77974358974359,0.34103064987600995
Dom Roux Bourgogne Pnt Nr,5725.12,19.86214611872146,0.3424513855837934
Dom Seguinot-Bordet Chablis,49109.71,22.06638347622759,0.38045554347899896
Dom Serene Clos Soleil Chard,89.97,29.99,0.5170698570169948
Dom Serene Cote Sud Chard,269.91,29.99,0.5170698570169948
Dom Serene Evenstad 11 Pnt N,16964.16,59.79405405405406,1.0309337439211803
Dom Serene Evenstad Chard,6222.59,44.236575342465756,0.7627008898716335
Dom Serene Evenstad Pnt Nr,239.88,19.99,0.3446557666478735
Dom Serene Roadblock Syrah,359.79999999999995,17.99,0.31017294857404926
Dom Serene Rose,8884.85,24.278194444444445,0.4185902810943544
Dom Serene Yamhill Cv Pnt Nr,30323.68,36.482779783393504,0.6290145290490761
Dom Sigalas 11 Nychteri Assy,124.94999999999999,24.99,0.4308628118324342
Dom Sourdais Chinon,742.51,15.218571428571428,0.2623896149574642
Dom Souyris Le Chemin 14,987.24,12.99,0.22396590338948863
Dom Specht Rsl Alsace,271.84,16.99,0.29293153953713713
Dom St Andrieu Rose CdP,2702.31,15.99,0.275690130500225
Dom Ste Michelle Brut Cuvee,27837.420000000002,13.605934627170583,0.2345854842365346
Dom Ste Michelle Brut Rose,322.77,14.040000000000001,0.24206938287824634
Dom Ste Michelle Extra Dry,2201.4,13.645172413793105,0.23526199896539657
Dom Tabordet Pouilly Fume,3223.71,24.99,0.4308628118324342
Dom Taumassou CdR 12,327.59000000000003,7.99,0.13775885820492795
Dom Tempier Bandol Rg,4758.81,39.99,0.6894839473861163
Dom Tempier Bandol Rose Pro,9749.32,36.82529411764706,0.6349199587869473
Dom Trinquevedel Tavel Rose,13401.12,15.052992125984254,0.2595347944735121
Dom Vacheron Sancerre Blanc,46821.439999999995,28.288850574712644,0.4877396439427075
Dom Virginie Thunevin Brdx,1896.8799999999999,16.92548387096774,0.2918191905670137
Dom Vocoret & Fils Chabls 13,360.80999999999995,18.99,0.3274143576109614
Dom Zind Humbrecht Pnt Bl 12,967.56,21.99,0.3791385847216978
Dom Zind Humbrecht Rsl 12,2616.81,21.99,0.3791385847216978
Dom de Canton Ginger Liqueur,115161.6,34.64887480190175,0.5973954231283458
Dom de Dionysos Cairanne Cig,21444.52,18.574126984126984,0.3202441208368805
Dom de Dionysos La Deveze,64516.96,14.99,0.2584487214633129
Dom de Durban Gigondas,121.95,22.99,0.39637999375860994
Dom de La Foret 15 Rose,374.75,14.99,0.2584487214633129
Dom de La Petite Cassagne,2916.63,12.382857142857144,0.21349790504564914
Dom de Marcoux 12 Nerf Rouge,3499.5,69.99,1.2067262184934802
Dom de Nouelles Rose d'Anjou,1163.16,13.39,0.2308624670042535
Dom de Pouy Ugni Blanc,395.64,10.99,0.18948308531566435
Dom de Reuilly Pierre Plates,469.53000000000003,9.99,0.17224167627875223
Dom de Reuilly Pnt Gris,119.88,9.99,0.17224167627875223
Dom de Victoires Quincy Whte,775.03,7.99,0.13775885820492795
Dom de la Damase Grenache,563.53,11.99,0.20672449435257648
Dom de la Fruitiere Chard,2230.14,11.99,0.20672449435257648
Dom de la Nobl Chinon Rose,97.93,13.99,0.24120731242640073
Dom des Chasseignes Sancerre,119.94,19.99,0.3446557666478735
Dom du Dupeuble Bjls,1359.15,15.99,0.275690130500225
Dom du Garde Temps Tour Rose,7787.13,15.99,0.275690130500225
Dom du Gr Montmirall Gigonda,20501.25,30.35,0.5232767642702832
Dom du Grand Tinel Ch d Pape,3239.28,44.99,0.775690992570677
Dom du Grand Tinel Establet,227.94,37.99,0.6550011293122919
Dom du Gros Nore Antoinette,2713.41,45.99,0.792932401607589
Dom du Pegau Chntf du Pape R,13858.019999999999,69.99,1.2067262184934802
Dom du Salvard Cheverny Rg,119.85000000000001,7.989999999999999,0.13775885820492795
Dom du Touch Gasgogne Blanc,359.64,9.989999999999998,0.17224167627875217
Dom la Vougeraie La Justice,899.9,89.99,1.551554399231723
Dom le Clos des Lumieres CdR,1777.9499999999998,16.94121951219512,0.2920904951938731
Dom les Pallieres Gigondas,5074.92,46.99,0.8101738106445011
Domain Drouhin Pnt Nr Ore,9069.84,41.83745762711865,0.721336720013632
Domaine Pallieres Gigondas R,8505.19,46.99,0.8101738106445011
Domaine de la Damase Rhone,1043.28,14.49,0.24982801694485685
Dominio de Eguren Protocolo,8667.51,8.318042328042328,0.14341477016412663
Dominios Ribera del Duero Cr,2132.81,9.946521739130436,0.17149204979888646
Dominios Rueda,125.82,6.99,0.12051744916801582
Domino Cab Svgn,3991.13,6.6460509554140135,0.1145872830024537
Domino Chard,5609.98,6.99,0.12051744916801582
Domino Merlot,2399.38,6.421818181818182,0.11072119403340666
Domino Moscato,143.76,5.99,0.10327604013110368
Domino Pnt Grigio,5783.3099999999995,6.561428571428572,0.11312827386648204
Dominus 09 Christian Moueix,509.97,169.99,2.9308671221846936
Dominus 12 Christian Moueix,1599.92,199.99,3.4481093932920577
Dominus 13 Christian Moueix,5979.77,259.99,4.482593935506786
Dominus Napanook 13,1367.76,56.99,0.9825879010136225
Don & Sons Pnt Nr Sonoma Cst,6803.299999999999,18.36078651685393,0.31656583057649984
Don Eduardo Anejo Tequila,12232.42,34.17085106382979,0.5891536203308935
Don Eduardo Reposado Tequila,65.98,32.99,0.5687940841277314
Don Felix Anejo Tequila,33944.96,42.06631160572338,0.7252824850684808
Don Felix Plata Tequila,9139.41,35.283577981651376,0.608338600267438
Don Julio 1942 Anejo Tequila,136151.79,133.32483146067418,2.298707953990855
Don Julio 70th Anniversary,79175.14,66.77008298755186,1.1512103122169497
Don Julio Anejo Tequila,196544.39,55.210123501634584,0.9519003222701174
Don Julio Blanco Tequila,204226.72,47.213624595469255,0.8140294137657007
Don Julio Real Tequila,5399.82,299.99000000000007,5.172250296983272
Don Julio Reposado Tequila,76695.93000000001,50.898585055643885,0.8775633243444193
Don Miguel Gascon Colosal Rd,18104.9,11.99,0.20672449435257648
Don Miguel Gascon Malbec Rsv,61413.659999999996,18.99,0.3274143576109614
Don Pancho Origenes 18Yr Rum,2429.73,89.99,1.551554399231723
Don Pancho Origenes Rsva Rum,3551.02,35.825443037974686,0.6176811173463176
Don Q Coco Coconut Rum,77.94,12.99,0.22396590338948863
Don Q Coco Rum,119.94,19.99,0.3446557666478735
Don Q Cristal Rum,132580.69,16.933053311793213,0.29194969839246643
Don Q Gold Rum,37.98,18.99,0.3274143576109614
Don Q Gran Anejo Rum VAP,5553.99,54.99,0.9481050829397982
Don Q Limon Rum,311.76,12.99,0.22396590338948863
Don Q Mojito Rum,90.93,12.99,0.22396590338948863
Don Q Single Barrel Rum,4534.81,38.115,0.6571563054419061
Don Ramon Oak Aged 12 Tinto,1672.14,8.99,0.1550002672418401
Don Ramon Reposado Tequila,8322.15,29.543072625698326,0.5093641993468666
Don Ramon Silver Tequila,18548.11,31.245717255717256,0.538720191857525
Don Simon Selecion Chard,464.07,4.99,0.08603463109419154
Don Simon Selecion Shiraz,29.94,4.99,0.08603463109419154
Dona Paula Est Red Blend,1390.84,11.99,0.20672449435257648
Dona Paula Malbec Mendoza,63343.17,11.99,0.20672449435257648
Donatella Cinelli Colombini,2651.52,55.080909090909095,0.9496724837613357
Donegal Irish Whiskey,7770.86,18.84294117647059,0.32487885628200375
Donnafugata Anthilia Sicily,255.84,15.99,0.275690130500225
Donnafugata Ben Rye,1223.28,16.99,0.29293153953713713
Donnafugata Mille una Notte,510.92999999999995,72.99,1.2584504456042165
Donnafugata Tancredi Red,110.97,36.99,0.6377597202753799
Donum Russian River Pnt Nr,395.93999999999994,65.99,1.1377605823458317
Dos Minas Malbec,2739.69,11.868787878787879,0.20463462659052653
Dos Minas Torrontes,297.75,11.790000000000001,0.20327621254519404
Double Canyon Heaven H Cab S,5469.719999999999,23.99,0.41362140279552206
Double Cross Vodka,32341.75,31.65242038216561,0.545732326817212
Double Decker Red,1800.96,6.162000000000001,0.10624156248545256
Double Eagle Red Wine,72.99,72.99,1.2584504456042165
Double T Trefethen Red,311.88,25.99,0.4481042208693463
Douce Provence Pear Liqueur,21.99,21.99,0.3791385847216978
Douglass Hill Cab Svgn,263.56,5.99,0.10327604013110368
Douglass Hill Chard,1180.03,5.99,0.10327604013110368
Douglass Hill Merlot,143.76,5.99,0.10327604013110368
Douglass Hill Pnt Grigio,23.96,5.99,0.10327604013110368
Dow LBV Port,5819.639999999999,24.678118811881188,0.4254855406971596
Dow's 10 Yr Old Tawny Port,7296.820000000001,33.51747252747253,0.577888453729619
Down Under Cellars Shiraz,11.99,11.99,0.20672449435257648
Dr Frank Johannisberg Rsl,11865.8,16.52174603174603,0.28485818133731317
Dr Konstantin Frank Rose,5012.049999999999,16.99,0.29293153953713713
Dr Loosen Rsl 'Dr L' M,114130.73,12.518694404591105,0.21583993083765843
Dr McGillicuddy's Apple Pie,148264.02,14.039878530215608,0.24206728856800802
Dr McGillicuddy's Butterscth,145183.62,14.065456959850025,0.24250829673585686
Dr McGillicuddy's Cherry,66887.21,14.189910421021201,0.2446540497659686
Dr McGillicuddy's Grape,77415.37,13.916240041120535,0.23993558680481405
Dr McGillicuddy's Menth Trav,200642.77,14.027832192178252,0.24185959272650906
Dr McGillicuddy's Mentholmnt,1061780.95,8.459918636337283,0.145860917628087
Dr McGillicuddy's Peach,38996.16,6.631312841885908,0.11433317715868319
Dr McGillicuddy's Peppermint,32409.82,4.215099075297226,0.07267424728830955
Dr McGillicuddy's Root Beer,299982.46,6.582911737500608,0.11349867392013795
Dr McGillicuddy's Vanilla,49438.07,14.15986899563319,0.244136093262802
Dr McGillicudy's Buttersctch,398.97,0.99,0.01706899494654301
Dr Tanisch Feinherb Rsl,359.76,14.99,0.2584487214633129
Dragani Mntplcno d'Abruzzo,1880.86,5.99,0.10327604013110368
Drambuie,413965.35,21.79472634464505,0.3757717917555901
Drambuie 15 Yr Old,5738.360000000001,34.99,0.6032769022015555
Drambuie Glass Pack,18167.239999999998,26.904807302231237,0.4638767877570692
Drambuie Liqueur,56149.89,12.464811582705275,0.21491091506546176
Dream Catcher Irish Liqueur,20678.57,8.006621983914208,0.13804544462859777
Drops of Jupiter Red,36250.63,7.989999999999999,0.13775885820492795
Drouet Freres Svgn Bl,131.88,10.99,0.18948308531566435
Drouhin Arthur Chard,197.94000000000003,32.99,0.5687940841277314
Drouhin Chorey Les Beaune,6247.5,24.99,0.4308628118324342
Drouhin Gevrey-Chambertin 13,2107.66,61.99,1.0687949461981832
Drouhin Laforet Red Bourgog,4371.57,17.99,0.31017294857404926
Drouhin Pouilly Fuisse,8060.639999999999,23.99,0.41362140279552206
Drouhin St Veran,10572.359999999999,18.771021897810215,0.32363886658098057
Dry Creek Cab Svgn Sonoma,15493.279999999999,20.058749999999996,0.3458411135191612
Dry Creek Chard Sonoma Cnty,139.92999999999998,19.99,0.3446557666478735
Dry Creek Chenin Blanc Dry,11332.41,11.851888111888112,0.2043432507967792
Dry Creek Fume Bl Sonoma,78827.57,11.008406593406592,0.18980044092156353
Dry Creek Heritage Cln Znfdl,1247.48,23.99,0.41362140279552206
Dry Creek Mariner Meritage,2144.3900000000003,35.202765957446815,0.6069452871030263
Dry Creek Merlot,559.64,15.262727272727274,0.2631509239279253
Dry Creek Svgn Bl,119.92,14.99,0.2584487214633129
Dry Creek Vyds Est Block 10,7470.5,29.866543209876543,0.5149412880000921
Dry Sack Sherry,63214.14,13.49,0.23258660790794466
Dry Sack Sherry Gift Pack,13.49,13.49,0.23258660790794466
Drylands Svgn Bl Marlboro,15815.74,15.515974025974026,0.2675172547879225
Du Peyrat Organic Cognac,7078.2300000000005,39.99,0.6894839473861163
DuCourt Brdx Blanc,305.64,8.49,0.146379562723384
Duboeuf Beaujolais,15032.07,10.76961432506887,0.1856833257483008
Duboeuf Beaujolais Villages,42893.7,11.242757352941178,0.19384097822481036
Duboeuf Bjls Nouveau 2014,84743.89,10.99,0.18948308531566435
Duboeuf Bjls Rd,163.99,5.29,0.09120705380526518
Duboeuf Pouilly Fuisse,1641.25,21.82673469387755,0.376323660797304
Dubonnet Bl,131.88,10.99,0.18948308531566435
Dubonnet Rouge,58171.86,10.136146146146146,0.17476144176362626
Duca di Salaparuta Paso Mule,945.5699999999999,21.99,0.3791385847216978
Duca di Salaparuta Platino I,113.94,18.99,0.3274143576109614
Duck Commander Miss Priss,144.33,8.49,0.146379562723384
Duck Commander Wood Duck,25.47,8.49,0.146379562723384
Duck Pond Chard Wash,5850.97,11.612641509433963,0.2002183022631757
Duck Pond Pnt Gris Ore,30197.72,11.500072522159549,0.19827745430870655
Duck Pond Syrah Columbia,2704.77,21.99,0.3791385847216978
Duck Pond Willamette Pnt Nr,45361.6,17.336445824706693,0.2989047537100356
Duckhorn Cab Svgn Napa,110351.93999999999,68.76235772357722,1.1855599358546691
Duckhorn Chard Napa Vly,8537.560000000001,34.99,0.6032769022015555
Duckhorn Decoy Cab Svgn,508256.95,19.088865814696486,0.3291189435619111
Duckhorn Decoy Merlot Sonoma,30655.21,19.615,0.33819023825903144
Duckhorn Decoy Pnt Nr,228007.94,18.9327941488234,0.32642804813152093
Duckhorn Decoy Svgn Bl,82049.56,17.241174242424243,0.29726213739031004
Duckhorn Decoy Znfdl Napa Vl,45579.619999999995,20.36867283950617,0.3511846199649684
Duckhorn Estates Merlot,3059.82,169.99,2.9308671221846936
Duckhorn Howell Mtn Cab Svgn,7309.570000000001,169.99000000000004,2.930867122184694
Duckhorn Merlot Napa,62773.75,51.141554404145076,0.8817524582653604
Duckhorn Migration Pnt Nr RR,10468.17,36.99,0.6377597202753799
Duckhorn Svgn Bl Napa,62877.99,27.384017094017093,0.4721390397917426
Duckhorn Three Palms Merlot,2159.7599999999998,89.99,1.551554399231723
Due Torri Pinot Grigio Dell,11105.33,10.409780219780219,0.17947927875358782
Due Torri Pnt Nr del Venezie,9372.380000000001,9.714056603773585,0.16748402331337786
Duggans Dew O Kirkintilloch,114698.59,14.06457627118644,0.24249311242237384
Dumangin Champagne Cuvee 17,11809.99,39.397035175879395,0.6792603983089521
Dunn Cab Svgn Howell Mtn,8839.32,129.99,2.241210760708208
Dunn Vyds Cab Svgn Napa Vly,4274.429999999999,74.99,1.2929332636780408
Durigutti Malbec Mendoza,21656.04,15.525099337748342,0.26767458802081284
Dusky Goose Pnt Nr,719.88,59.99,1.034312128124359
Dutton Goldfield Chard Dutto,3782.03,38.99,0.6722425383492041
Duval-Leroy Brut Champagne,303.84,18.99,0.3274143576109614
Duval-Leroy Champagne Brut,48592.81,31.99,0.5515526750908192
Duval-Leroy Femme de Chmpgne,4199.79,199.99,3.4481093932920577
Duval-Leroy Prestige Rose,3233.12,37.67085106382979,0.649498551960086
Dylan's Ghost Hell Hollow CS,11074.62,46.444545454545455,0.8007694057152764
Dylans Ghost Stags Leap Red,4949.01,49.99,0.8618980377552377
Dynamite Cab Svgn N Cst,26154.920000000002,12.41753036437247,0.21409572024042228
Dynamite Mendocino Chard,13.99,13.99,0.24120731242640073
Dynamite Merlot N Cst,2711.87,12.699219858156027,0.21895244402414535
E & J Brandy VS,409534.62,10.865046781437126,0.18732871576394317
E & J Superior RSV VSOP,253001.9,15.110978748294013,0.2605345655474236
E & J Superior Rsv VSOP,86022.81,5.49,0.0946553356126476
E & J XO Brandy,216644.22,17.737879199185613,0.3058260307204946
E H Taylor Straight Rye,5529.21,69.99,1.2067262184934802
E&J Apple Brandy,41137.26,3.647147924796027,0.06288196918953355
E&J Peach Brandy,21412.79,1.680025954764553,0.028966014678724502
E.H. Taylor Jr Small Batch,44148.96,39.99,0.6894839473861163
E.H.Taylor Jr Single Barrel,41333.11,59.99,1.034312128124359
EOS Cab Svgn Paso Robles,725.34,10.99,0.18948308531566435
Eagle Glen Cab Svgn Napa Vly,6970.83,21.99,0.3791385847216978
Eagle Rare Bourbon 17 yr,79.99,79.99,1.3791403088626015
Eagle Rare Single Barrel Bo,257336.97999999998,28.623751591198396,0.4935138093548161
Early Times,130566.46999999999,18.33245928723153,0.31607742922369747
Early Times Mint Julep RTD,233.82,12.99,0.22396590338948863
Earthshaker La Quete Lirac C,191.88,15.99,0.275690130500225
Earthshaker Svgn Bl/Semillon,129.85999999999999,10.323333333333332,0.17798881262438956
Easton Amador Cnty Znfdl,10616.039999999999,17.82062645011601,0.30725270992046555
Easton Svgn Bl Sierra Foothl,14806.589999999998,17.710164609053496,0.3053481921357364
Ecco Domani Colle Pnt Grigio,28127.37,8.49,0.146379562723384
Ecco Domani Collezion Merlot,203.76,8.49,0.146379562723384
Ecco Domani Merlot Venezie,26973.0,9.99,0.17224167627875223
Ecco Domani Pnt Grigio Venez,270058.6,9.219188932430828,0.1589518073726132
Ecco Domani Prosecco,1047.9,4.99,0.08603463109419154
Echelon CA Pnt Grigio,95.92,11.99,0.20672449435257648
Echeverria Ltd Edtn Cab Svgn,492.83,28.99,0.4998284479800827
Eden Heirloom Blnd Ice Cider,14113.0,25.664657534246572,0.4424948583402139
Eden Ice Cider Heirloom Barr,874.4999999999999,17.49,0.30155224405559317
Eden Ice Cider Honey Crisp,1938.79,27.406666666666663,0.4725295503383051
Eden Ice Sprklng Cider Semi,297.49,9.586,0.16527614702783971
Eden Ice Windfall Orchard,359.79999999999995,17.99,0.31017294857404926
Eden Orleans Bitter,296.9,29.49,0.5084491524985387
Eden Rose Cider Keg,502.98,251.49,4.336041958693033
Eden Sparkling Cider,352.44,9.79,0.16879339447136976
Eden Vermont Ice Cider,1900.76,15.3,0.26379355826475565
Edmeades Mendocino Znfdl,10893.77,15.066271186440677,0.2597637441864672
Edna Valley Chard,74889.73,11.698510638297874,0.20169880703756168
Edna Valley Paragon Pnt Grig,17312.78,8.657307692307693,0.1492641830814828
Edna Valley Paragon Pnt Nr,16405.24,13.075492227979275,0.22543990986155626
Edna Valley Paragon Svgn Bl,23877.63,11.743022452504318,0.20246625343327004
Edna Valley San Luis Cab Svg,21283.95,13.331948310139165,0.22986157407407887
Edna Valley San Luis Obs Mer,2076.24,11.61962962962963,0.20033878730186827
Edradour 10 Yr Single Malt,53350.450000000004,55.86228260869565,0.9631444641921048
Educated Guess Cab Svgn Napa,85683.5,24.18371727748691,0.4169613616141909
Educated Guess Chard,11567.31,17.28306930693069,0.29798446733409356
Effen Black Cherry & Vanilla,35292.61,20.219636048526862,0.34861501569014536
Effen Cucumber Vodka,132057.08,21.166329659798752,0.3649373474747155
Effen Vodka,35977.27,20.286167247386757,0.34976210730340496
Egan's Single Malt Irish Wh,21369.43,42.88847715736041,0.7394577776403134
Egri Bikaver Bulls Blood Eg,723.81,10.49,0.1808623807972083
Einaudi Barolo Terlo,1159.8,57.99,0.9998293100505348
El Caballo Gold Tequila,359.6,8.99,0.1550002672418401
El Charro Silver Tequila,54853.2,13.467457022380797,0.23219793520990206
El Coto Blanco Rioja,7569.7,12.019325513196481,0.2072301075208144
El Coto Real Rioja Rsva  10,237.93,33.99,0.5860354931646434
El Coto de Rioja Crianza Re,11785.73,11.456302367941712,0.1975227951762281
El Coto de Rioja RSV Coto d,25851.39,20.421421446384038,0.352094080272277
El Enemigo 11 Cab Franc Mend,6247.5,24.99,0.4308628118324342
El Enemigo Malbec Mendoza,4911.24,27.86179487179487,0.48037660188715625
El Jamon Tempranillo,91.92,11.656666666666666,0.20097735800693908
El Jimador Anejo Tequila,95.96,23.99,0.41362140279552206
El Jimador Blanco Tequila,111349.37,27.417001030573687,0.4727077293335625
El Jimador Reposado Tequila,105687.9,27.282995966263293,0.4703972932067692
El Jimador Silver Tequila,9030.98,17.99,0.31017294857404926
El Mayor Anejo Tequila,97170.43,31.911097770154377,0.5501922894721264
El Mayor Reposado Tequila,79675.68,23.36057569296375,0.4027692408601351
El Nido 12 Tinto Jumilla,2639.78,119.99,2.0687966703390868
El Petit Carlania Trepat,803.5699999999999,18.70428571428571,0.3224882407432722
El Pundito 06 Gr Rsva Rioja,359.94,59.99,1.034312128124359
El Tesoro Anejo Gold Tequil,20918.88,40.84166240409207,0.7041678072564275
El Tesoro Platinum Tequila,6936.27,40.11244897959184,0.6915951403294116
El Toro Gold,72164.72,9.29,0.1601726899529137
El Toro Gold Tequila,9012.72,7.99,0.13775885820492795
El Toro Silver Tequila,519.35,7.99,0.13775885820492795
Elderton Barossa Shiraz,8434.3,22.83,0.39362136831270395
Elderton E Series Shiraz/Cab,503.71999999999997,17.99,0.31017294857404926
Elijah Craig 12 Yr Bourbon,91550.42,28.990000000000002,0.4998284479800828
Elijah Craig 18 Yr,519.96,129.99,2.241210760708208
Elizabeth Rose Pnt Nr,239.88,19.99,0.3446557666478735
Elk Cove Clay Court Pnt Nr,989.7800000000001,44.99,0.775690992570677
Elk Cove Est Rsl,1241.31,17.99,0.31017294857404926
Elk Cove Five Mtn Pnt Nr,2067.56,46.99,0.8101738106445011
Elk Cove Goodrich Pnt Nr,989.7800000000001,44.99,0.775690992570677
Elk Cove La Boheme Pnt Nr,2960.37,46.99,0.8101738106445011
Elk Cove Mt Richmond Pnt Nr,809.82,44.99,0.775690992570677
Elk Cove Pinot Bl,2356.69,17.99,0.31017294857404926
Elk Cove Pnt Gris Ore,39016.909999999996,19.43647302904564,0.33511218172868645
Elk Cove Pnt Nr Ore,37213.92,28.433478260869563,0.4902332290378012
Elmer T Lee Bourbon,9342.33,34.99,0.6032769022015555
Elouan Pnt Nr Oregon,18610.71,16.24230769230769,0.28004027062646125
Elvi Mati Rioja 11,209.79,9.99,0.17224167627875223
Elvio Cogno Barbera D'Alba B,5971.1900000000005,32.99,0.5687940841277314
Elvio Cogno Barolo Cascina N,9034.2,50.37461538461539,0.8685293489232807
Elvio Cogno Barolo Ravera,8328.81,69.99,1.2067262184934802
Elvio Cogno Barolo Vignaelen,3499.65,99.99,1.7239684896008443
Elvio Cogno Dolcetto D'Alba,2198.8999999999996,19.99,0.3446557666478735
Elvio Tintero Moscato D'Asti,3626.7,10.99,0.18948308531566435
Emblem Cab Svgn,34415.119999999995,29.080277777777773,0.5013849640736928
Emblem Cab Svgn Oso Vyd,1074.77,46.808181818181815,0.8070390090014262
Emerald Bay Merlot Cntrl Cst,21.96,5.489999999999999,0.0946553356126476
Emido Pepe Mntplcno D'Abr 05,111.99,111.99,1.9308653980437895
Emilio Lustau Amontillado S,8056.08,16.393693931398417,0.2826503826971843
Emilio Lustau Fino Sherry,3715.72,16.355269461077842,0.2819878906873605
Emmets Irish Cream,259709.47999999998,15.114065261726715,0.26058778138801475
Emmolo Merlot,5045.13,57.99,0.9998293100505348
Emmolo Svgn Blanc,937.33,13.99,0.24120731242640073
Emphasis-Ktima Pavlidis-Syrh,221.94,36.99,0.6377597202753799
EnRoute Chard Brumaire RRV,6719.57,46.99,0.8101738106445011
EnRoute Pnt Nr,11621.91,55.62829787234043,0.9591102376442104
English Harbour Rum,10000.369999999999,27.541401869158875,0.47485257507614453
Ennuk Red Terra Alta,265.85999999999996,18.99,0.3274143576109614
Entwine Cab Svgn,3475.65,7.99,0.13775885820492795
Entwine Chard,27.98,13.99,0.24120731242640073
Entwine Merlot,1527.24,9.79,0.16879339447136976
Entwine Pnt Grigio,545.61,13.99,0.24120731242640073
Enza Prosecco,94.94999999999999,18.99,0.3274143576109614
Enzo Boglietti Barolo Fosati,2399.68,74.99,1.2929332636780408
Enzo Boglietti Brl Case Nere,2124.75,84.99,1.465347354047162
Enzo Boglietti Dolcetto Alba,1255.3999999999999,20.894761904761904,0.36025513672888926
Epilogo La Mancha Svgn Bl/Mo,71.91,7.99,0.13775885820492795
Epiphany Revelation,7278.61,30.50973684210526,0.5260308525032846
Eponymous Cab Svgn Napa,9762.880000000001,46.04960264900663,0.7939600352587959
Eppa Red Sangria Organic,29797.03,11.490638569604087,0.19811479967386303
Eppa White Sangria Organic,3013.68,12.99,0.22396590338948863
Erath Leland Pnt Nr,1860.51,38.01631578947369,0.655454850602737
Erath Pnt Gris Ore,29922.45,13.305789473684213,0.2294105588748293
Erath Pnt Nr Estate OR,44983.799999999996,24.754853556485354,0.42680855581622307
Erath Pnt Nr Oregon,164008.15,15.683545191910856,0.2704064178026317
Erath Prince Hill Pnt Nr,2451.35,37.85,0.6525873320471243
Eric Kent Chardonnay RRV,1253.68,39.32333333333333,0.6779896746948414
Eric Kent Cuvee Renee Svgn B,1589.4699999999998,29.99,0.5170698570169948
Eric Kent Green Acres Chard,1055.76,43.99,0.7584495835337648
Eric Kent Sascha Marie Pnt N,1299.74,49.99,0.8618980377552377
Eric Kent Small Town Pnt Nr,1389.68,43.944545454545455,0.757665883122996
Eric Kent Stiling Vyd Pnt Nr,2699.46,49.99,0.8618980377552377
Ermisch Pnt Nr Erendira Rise,4390.78,35.99,0.6205183112384678
Ermita Rioja Crianza,543.67,16.275714285714283,0.28061624736791413
Ermita Rioja White,508.68,15.859565217391303,0.2734412510606278
Ermita Sn Felices Rose Rioja,586.63,15.823333333333332,0.2728165623274063
Errazuriz Max Fndrs RSV,4175.42,71.99,1.2412090365673045
Erre d Herrero Verdejo Rueda,269.82,14.99,0.2584487214633129
Esclans Whispering Angel Ros,50890.11,20.67777614138439,0.3565139964273109
Esperto Venezie Pnt Grigio,719.28,9.99,0.17224167627875223
Espolon Anejo Tequila,45282.57,33.73143835616438,0.5815775261020171
Espolon Blanco Tequila,204392.94999999998,25.285298165137615,0.4359541682854215
Espolon Reposado Tequila,109912.37,25.210078384082003,0.43465727327257464
Esporao Reserva Red Alentejo,299.88,24.99,0.4308628118324342
Essenciel Paradis Prvnc Rose,38580.37,13.177130177514792,0.22719229132317112
Esser Vyds Chard,428.7,14.028461538461539,0.24187044354320505
Est! Est!! Est!!! Bigi Grfti,105.36,4.39,0.07568978567204426
Estancia Cab Svgn Paso Roble,162703.12,12.305931509398848,0.21217159873377103
Estancia Cal Moscato,123.88,10.49,0.1808623807972083
Estancia Chard,163534.03,8.981982854421338,0.15486204035560988
Estancia Meritage,63306.06,23.414705065926437,0.4037025075202964
Estancia Merlot Central Cst,47256.54,9.691841903300078,0.16710101057588164
Estancia Monterey County GSM,2065.02,21.003698630136984,0.3621333593702228
Estancia Pnt Grigio Cal,49435.74,9.529169419537519,0.16429630774428092
Estancia Pnt Nr Monterey,90391.57,12.774637588197562,0.22025275195642685
Estancia Rsv Meritage Paso R,1183.75,48.46058823529412,0.8355288239340779
Estancia Svgn Bl Pinnacles,13180.86,9.503157894736843,0.16384783240551867
Estancia Unoaked Chard,22060.66,10.300880829015544,0.17760169981354354
Estro d Piona Sparkling Rose,449.75,17.99,0.31017294857404926
Etude Carneros Pnt Nr,21167.86,41.225988200589974,0.7107941255172849
Evan Williams Black Label B,663682.6699999999,16.32305071681825,0.2814323941389253
Evan Williams Egg Nog,12057.75,6.99,0.12051744916801582
Evan Williams Honey Reserve,218254.54,15.396934673366834,0.2654648486181327
Evan Williams Single Barrel,46958.89,27.494234026173977,0.474039335001853
Evans Nine Stones Brs Shiraz,573.5600000000001,13.05896551724138,0.22515496608168944
Everclear 151,307740.52,25.166318063958514,0.4339027836937394
Evodia Garnacha Old Vine,145025.77,8.786922148461075,0.15149891893712017
Evolucio Fermint Tokaj,1131.95,10.753157894736843,0.18539959370165884
Excelsior S Afr Cab Svgn,69759.09,8.4769321717486,0.14615425495127754
Excelsior S Afr Chard,3322.48,9.462906403940886,0.16315383998836008
Excelsior Svgn Bl,4572.6,8.011739130434783,0.13813367144486083
Exem Brdx,3314.63,13.973695652173912,0.24092620249645105
Exotico Blanco Tequila,54131.93,13.896037991858886,0.23958727501011012
Ezra Brooks,418630.58999999997,14.965503217047399,0.25802636240833865
Ezra Brooks Bourbon Cream,8079.78,12.99,0.22396590338948863
Ezra Brooks Cinnamon Bourbon,56.97,18.99,0.3274143576109614
F Boschendal Rose Garden,597.54,12.99,0.22396590338948863
F Coppola Black Label Claret,443192.12,14.970697943147677,0.25811592680586826
F Coppola Cab S King Kong DC,1803.1799999999998,21.99,0.3791385847216978
F Coppola Derctor Jaws Chard,607.68,18.99,0.3274143576109614
F Coppola Diamnd Petite Sira,2409.4,15.060175438596492,0.2596586449044997
F Coppola Diamond Chard,209370.09,11.973689138576779,0.20644327211903432
F Coppola Diamond Malbec,629.65,17.99,0.31017294857404926
F Coppola Diamond Merlot,107805.04,14.83959349593496,0.25585550140491553
F Coppola Diamond Pnt Nr,203144.57,15.073692709182842,0.2598917016957416
F Coppola Diamond Red,29638.81,15.505384615384616,0.2673346784284907
F Coppola Diamond Svgn Blanc,223.86,15.99,0.275690130500225
F Coppola Diamond Znfd,21723.62,15.146007751937985,0.2611385149274048
F Coppola Directors Cab Svgn,902.54,20.07695652173913,0.34615501960760503
F Coppola Directors Chard,21090.97,15.043217821782179,0.2593662716967129
F Coppola Directors Pnt Nr,27183.92,19.329410939691442,0.33326628045378426
F Coppola Dmd Ivry Cab Svgn,293349.46,14.157872207662548,0.24410166582464016
F Coppola Emerald Pnt Grigio,28519.71,13.452233169129721,0.2319354545288823
F Coppola Rosso & Bianc Shir,354.68,11.105384615384615,0.19147247866607728
F Coppola Rosso Bianco Chard,22068.56,9.931005098324837,0.1712245210478783
F Coppola Rosso Bianco Pnt G,53252.45,10.176108341641742,0.17545044632217888
F Coppola Rosso Bianco Rosso,39586.87,10.185561719833563,0.1756134358823647
F Coppola Sofia Bl de Bl,39190.25,15.306481994459835,0.26390531698261266
F Coppola Sofia Rose,55014.31,15.440923226433432,0.26622327325449585
F Coppola Sophia Chard,16653.34,15.621884057971014,0.26934329297069504
F Coppola Sophia Rsl,255.83,15.056666666666667,0.25959814873244036
F Coppola Vendetta Cab/Malbc,4593.04,23.456666666666663,0.4044259846425022
F Coppola Votre Sante Ch Red,1569.6,6.656666666666666,0.11477031282237844
F Coppola Votre Sante Chard,5063.55,11.42984962406015,0.19706671259881742
F Coppola Votre Sante Pnt Nr,12040.79,11.803141683778234,0.20350279369064833
F Coppola Wizard of Oz Merlt,1451.34,21.990000000000002,0.3791385847216978
F Ferrero Dolceto D'Alba DOC,165.88,13.59,0.2343107488116359
FAIR Quinoa Vodka,374.84999999999997,24.99,0.4308628118324342
Fabre Montmayou Gr Vin Lujan,286.93,40.99,0.7067253564230284
Fabrizia Blood Orange,47194.619999999995,17.185907928388744,0.29630926826406156
Fabrizia Crema di Limoncello,18434.149999999998,16.99,0.29293153953713713
Fabrizia Limoncello,155012.03,14.033288785589772,0.2419536720854652
Fabrizia's Italian Margarita,29866.920000000002,10.252203626220364,0.17676243624937912
Fabrizia's Margarita RTD,94406.84,19.205490318550904,0.33112971433659205
Fabrizio Dionisio Cast Syrah,4340.92,14.115603864734299,0.24337290003490175
Fabrizio Dionisio Il Cast Sy,287.88,23.99,0.41362140279552206
Fabrizio Dionisio Rose Syrah,807.46,15.468260869565217,0.26669461274183603
Failla Chard Sonoma Cst,3603.9700000000003,34.99,0.6032769022015555
Failla Pnt Nr Sonoma Cst,3464.01,34.99,0.6032769022015555
Fairview Pinotage Paarl,377.73,13.99,0.24120731242640073
Faiveley Gevrey Chmbtn AC 14,489.90000000000003,48.99,0.8446566287183254
Faiveley Meursault  4 Blagny,1196.81,62.989999999999995,1.0860363552350951
Falesco 07 Montefalco Sangra,44.99,44.99,0.775690992570677
Falesco Montiano,149.97,49.99,0.8618980377552377
Falesco Sangiovese Umbria,1227.1200000000001,14.019850746268657,0.24172198135287573
Falesco Tellus Cab Svgn IGT,923.16,10.99,0.18948308531566435
Falesco Vitiano Umbria,22419.52,7.821428571428571,0.1348524492529913
Falesco Vitiano Umbria Bian,2769.8,12.426363636363638,0.21424801829595633
Fanal Madeira Full Rich,8989.08,12.99,0.22396590338948863
Fanal Madeira Rainwater,3806.07,12.99,0.22396590338948863
Fancy Pants Cab Svgn,215.76,8.99,0.1550002672418401
Fancy Pants Chard,8.99,8.99,0.1550002672418401
Fancy Pants Red Blend,341.62,8.99,0.1550002672418401
Fantinel Brut Rose,189.89999999999998,18.99,0.3274143576109614
Fantinel Prosecco,18.99,18.99,0.3274143576109614
Fantini Monteplciano D'Abruz,27395.63,12.276353467561522,0.21166163161594284
Fantini Sangiovese,139.9,13.99,0.24120731242640073
Far Niente Cab Svgn Napa,9764.37,154.99,2.6722459866310118
Far Niente Chard Napa,60369.229999999996,68.8826014319809,1.187633106815372
Faretti Biscotti Liqueur,1034.64,28.120434782608694,0.4848359183827678
Farm Napa Vly Cab Svgn,130.47,43.49,0.7498288790153087
Farm Napa Vly Chard,1674.33,24.99,0.4308628118324342
Farmers of Wine Italian Red,693.55,15.767777777777779,0.27185870626980013
Farmstead Long Meadow Chard,2943.45,18.99,0.3274143576109614
Farmstead Long Meadow Pnt Nr,83.97,27.99,0.4825870389431706
Farnese Edizone Cinque Autoc,413.90999999999997,45.99,0.792932401607589
Farnum Hill Dooryard Cider,1786.51,11.99,0.20672449435257648
Farnum Hill Dooryard Still,1378.85,11.99,0.20672449435257648
Farnum Hill Farmhouse Cider,10266.58,8.99,0.1550002672418401
Farnum Hill Kingston Blk RSV,4600.53,15.49,0.26706942598176897
Farnum Hill Semi-Dry Cider,28416.3,11.990000000000002,0.2067244943525765
Farnum Hill Summer Cider,1402.83,11.99,0.20672449435257648
Farnum Hill X-Dry Cider,25167.01,11.99,0.20672449435257648
Farnum Hill X-Dry StillCider,623.48,11.99,0.20672449435257648
Fat Bastard Cab Svgn,6877.75,11.002345679012345,0.1896959422173546
Fat Bastard Chard,31341.35,10.933306010928963,0.18850560106015637
Fat Bastard Merlot,6600.9800000000005,10.999638554216869,0.18964926757144182
Fat Bastard Pnt Nr,13313.74,10.858159203980101,0.18720996422373315
Fat Bastard Shiraz,10311.77,11.18433962264151,0.19283377424170575
Fathom Merlot 13,39320.73,12.99,0.22396590338948863
Fattoire Barbi 10 Brunello,6424.47,41.99,0.7239667654599405
Fattoire Barbi 13 MdScansano,1619.1899999999998,19.99,0.3446557666478735
Fattoire Dei Barbi 08 T Monl,359.95,71.99,1.2412090365673045
Fattoria Del Cerro Vino Nob,404.7,13.49,0.23258660790794466
Fattoria Heba Marellino 11,6201.349999999999,16.99,0.29293153953713713
Fattoria Illario Rose,2280.48,15.015,0.2588797566892357
Fattoria Pagliaatura Verm 11,1474.77,11.99,0.20672449435257648
Fattoria Poggio Red 10,1457.73,53.989999999999995,0.9308636739028859
Fattoria de Limone,8501.02,17.07018867924528,0.2943141053561348
Fattoria di Basciano Chianti,7601.81,14.698446866485014,0.25342193463238755
Fattoria le Pupille Poggio,36.99,36.99,0.6377597202753799
Faust Cab Svgn Napa Valley,38330.86,53.79903490759754,0.9275711666330035
Faustino Gr Rsva Rioja,10270.89,24.99,0.4308628118324342
Fayolle Fils et Fille Hermit,1735.72,61.99,1.0687949461981832
Feast Agiorgitiko,1079.1,11.99,0.20672449435257648
Feast Moschofilero,299.75,11.99,0.20672449435257648
Federico Ferrero Chard Langh,5708.65,13.131666666666666,0.22640843633638447
Felino Vina Cobos Cab Svgn,1439.28,19.99,0.3446557666478735
Felino Vino Cobos Chard,677.91,11.49,0.19810378983412041
Felino Vino Cobos Malbec,8815.099999999999,17.99,0.31017294857404926
Felton Road Chard Bannockbrn,395.91,43.99,0.7584495835337648
Felton Road Pnt Nr Calvert,896.87,68.99,1.189484809456568
Fenouillet Beaumes Terres Ve,1729.05,18.159014084507042,0.31308698953803443
Ferghettina Francia Mil Brut,799.84,49.99,0.8618980377552377
Fernet Branca Borgetti Cafe,239.88,19.99,0.3446557666478735
Fernet Branca Sambuca,155.94,25.99,0.4481042208693463
Fernet Gancia Liqueur,2854.7599999999998,23.025714285714283,0.396995758367071
Fernet-Branca Italian Liquer,90170.15999999999,22.60127990884922,0.3896779116662136
Ferrari Carano Cab Svgn Rsv,695.86,49.41857142857143,0.8520458040198593
Ferrari Carano Pnt Grigio,23147.05,15.471159420289855,0.26674458784049376
Ferrari Carano Prevail,89.99,89.99,1.551554399231723
Ferrari Carano Tresor Rsv,414.92,51.41857142857143,0.8865286220936834
Ferrari-Carano Cab Svgn Alex,43278.58,30.066433121019106,0.5183876717204531
Ferrari-Carano Chard,295359.45,19.759214162348876,0.3406766936210041
Ferrari-Carano Fume Bl,210229.32,12.770461427541457,0.2201807490623511
Ferrari-Carano Merlot,17467.8,21.217184466019415,0.3658141559902589
Ferrari-Carano Pnt Nr AV,29.99,29.99,0.5170698570169948
Ferrari-Carano RSV Chard,4273.85,36.99,0.6377597202753799
Ferrari-Carano Siena Sonoma,16782.78,20.59655737704918,0.35511367048993503
Ferrari-Carano Terre Chard,638.79,31.490000000000002,0.5429319705723631
Ferreira 10-Yr Tawny Port,24.99,24.99,0.4308628118324342
Ferreira Dona Antonio RSV,23001.739999999998,18.813261117445837,0.32436713024411834
Ferreira Quinta da Leda Dour,194.96999999999997,64.99,1.1205191733089195
Ferrer Bobet Priorat,319.9,31.99,0.5515526750908192
Fess Parker Ashleys Chard,86.97,28.99,0.4998284479800827
Fess Parker Chard,22323.71,16.854383561643836,0.29059332105130936
Fess Parker Frontier Red Cal,767.34,11.438275862068965,0.1972119928149698
Fess Parker Marcella's White,1570.01,15.837222222222222,0.27305602634180787
Fess Parker Pnt Nr Bien Naci,1594.71,54.99,0.9481050829397982
Fess Parker Rsl,143.88,11.99,0.20672449435257648
Fess Parker Snt Barbr Pnt Nr,18821.7,22.735867768595043,0.3919983960074939
Fetzer Crimson Red Blend,168.87,12.99,0.22396590338948863
Fetzer Eagle Peak Merlot,16169.61,13.054837905236907,0.22508380023477467
Fetzer Eagle Peak Merlot Cal,462.59000000000003,11.39,0.19637964893042922
Fetzer Gewurz,61499.65,9.838300970873787,0.1696261712670847
Fetzer Quartz White,12.530000000000001,1.79,0.03086212217607272
Fetzer Quartz White Blend,936.33,5.29,0.09120705380526518
Fetzer Rsl Cal,325.71,11.27,0.19431067984599973
Fetzer Sundial Chard,117904.33,11.432109686909016,0.19710567926684383
Fetzer Svgn Bl Cal,334.7,11.545555555555556,0.19906164589172665
Fetzer Valley Oaks Cab Svgn,43370.73,13.04409429280397,0.22489856521828436
Fetzer Wh Znfdl Cal,5013.11,9.386103896103897,0.1618296565356819
Feudi D San Gregorio Serpico,4738.42,29.99,0.5170698570169948
Feudi Di San Gregorio Fiano,26032.05,5.7323857868020305,0.09883440810763519
Feudi Di San Gregorio Tauras,1174.53,24.99,0.4308628118324342
Feudi d San Gregorio Patrimo,3199.36,49.99,0.8618980377552377
Feudo Saia Nero d'Avola 13,1285.55,28.56894736842105,0.4925689073329618
Feudo Zirtari Chardonnay In,53.96,13.49,0.23258660790794466
Fiano MandraRossa Sicilia,62.93,8.99,0.1550002672418401
Field Stone Cab Svgn Alexand,18.99,18.99,0.3274143576109614
Fifty Shades Of Grey Red Sat,1912.26,10.99,0.18948308531566435
Fifty Shades Of Grey Wh Silk,450.59,10.99,0.18948308531566435
Filon Garnacha Calatayud,8.49,8.49,0.146379562723384
Finca Abril Malbec 1922,271.90999999999997,30.323333333333334,0.5228169933626322
Finca Abril Rapsodia Malbec,187.89999999999998,18.323333333333334,0.31592008491968665
Finca Alcayate Malbec 14,1153.9,10.49,0.1808623807972083
Finca Coronado 04 Tierra Cas,38.37,12.79,0.22051762158210617
Finca Decero Amano,428.87,32.99,0.5687940841277314
Finca El Origen Rsva Malbec,623.52,12.99,0.22396590338948863
Finca La Linda Bonarda,167.88,13.99,0.24120731242640073
Finca La Linda Cab Svgn,8189.21,10.490994035785288,0.18087951937477975
Finca La Linda Rose Malbec,111.92,13.99,0.24120731242640073
Finca Montepedroso Verdejo,374.75,14.99,0.2584487214633129
Finca Sandoval Tinto Manchue,5343.03,17.99,0.31017294857404926
Finca Valpiedra Rsv Rioja 08,359.90000000000003,35.99,0.6205183112384678
Finca Villacreces Pruno Ribe,1405.26,18.99,0.3274143576109614
Finca Villacreces Pruno Tnto,181.86,12.99,0.22396590338948863
Fincas de Ganuza 03 Rsva,539.9,53.99,0.9308636739028862
Finlandia Grapefruit Fusion,4519.88,12.486402877697843,0.21528317941406525
Finlandia Mango Fusion,152.91,16.99,0.29293153953713713
Finlandia Raspberry Vodka,16.99,16.99,0.29293153953713713
Finlandia Vodka,405888.66,7.300890822642863,0.12587764500702353
Fire & Flood The Fire Pnt Nr,6298.74,49.99,0.8618980377552377
Fire & Flood The Flood Pnt N,7498.5,49.99,0.8618980377552377
Fire Water Hot Cinnamon,2784.0099999999998,13.99,0.24120731242640073
Fireball Cinn Whisky Trav,381031.35,15.155735887962885,0.2613062416997768
Fireball Cinnamon Whiskey,430139.43,9.99,0.17224167627875223
Fireball Cinnamon Whisky,2383974.22,18.905016000882807,0.3259491137205893
Firefly Apple Pie Moonshine,53521.67,16.58399684044234,0.2859314729929248
Firefly Blackberry Moonshine,9023.98,14.99,0.2584487214633129
Firefly Caramel Moonshine,159.92,19.99,0.3446557666478735
Firefly Moonshine,4233.58,14.502376237623762,0.25004140072006614
Firefly Ridge Chard,5.79,5.79,0.09982775832372126
Firefly Sweet Tea Vodka,289921.77,14.406767711761649,0.24839297501826124
Firesteed Citation Pnt Nr,6134.12,69.47717948717948,1.1978844702694227
Firesteed Pnt Gris Ore,58930.57,13.16807643847123,0.22703619210500758
Firesteed Pnt Nr Ore,188405.93,13.696277630415562,0.23614312490910436
Firesteed Rsl,1088.31,15.398163265306122,0.26548603127429743
Firesteed Willamette Pnt Nr,3406.88,30.034776119402984,0.5178418604067074
Firesteed Wines Rose Pnt Nr,15302.43,15.99,0.275690130500225
Firestone Santa Ynez Rsl,2070.02,10.479510489510488,0.18068152685626163
Fish Eye Cab Svgn,56609.65,6.225317149569303,0.10733323936022827
Fish Eye Chard,56803.55,5.604948126190981,0.09663720327433291
Fish Eye Chard Cal,10805.64,16.99,0.29293153953713713
Fish Eye Merlot,46655.46,5.409732833372393,0.09327141656058707
Fish Eye Moscato,822.16,11.24,0.19379343757489237
Fish Eye Pnt Grigio,179998.42,8.435278969957082,0.1454360950614929
Fish Eye Pnt Nr,233.79,10.190000000000001,0.17568995808613466
Fish Eye Rsl,191.76,7.989999999999999,0.13775885820492795
Fish Eye Shiraz,15381.27,5.4074397031539885,0.09323187976451663
Fish House Svgn Bl,287.76,11.99,0.20672449435257648
Fitch's Goat 100% Corn Whsky,2159.2799999999997,29.99,0.5170698570169948
Fitch's Goat Moonshine,1957.11,21.99,0.3791385847216978
Fitou Rsv 14,2107.89,9.99,0.17224167627875223
Five Oaks Cab Svgn Cal,1887.42,3.79,0.06534494024989698
Five Oaks Chard Cal,890.65,3.7899999999999996,0.06534494024989698
Five Oaks Merlot Cal,1819.1999999999998,3.79,0.06534494024989698
Five Oaks Pnt Grigio Cal,613.98,3.79,0.06534494024989698
Five Oaks Pnt Nr Cal,648.0899999999999,3.79,0.06534494024989698
Five Oaks Wh Moscato,678.41,3.79,0.06534494024989698
Five Oaks Wh Znfdl Cal,136.44,3.7900000000000005,0.065344940249897
Five Rivers Cab Svgn,8571.78,11.872575757575758,0.20469993495809058
Five Rivers Chard,25.98,12.99,0.22396590338948863
Five Rivers Pnt Nr,36610.36,11.98270738377393,0.20659875937327357
Fizz 56 Sparkling Red,12628.35,3.99,0.06879322205727942
Flaco Tempranillo,8262.92,9.106700201207243,0.1570123431455441
Flag Hill Apple Cran NH,30552.48,12.99,0.22396590338948863
Flag Hill Blueberry Liqueur,17508.32,14.99,0.2584487214633129
Flag Hill Cayuga White,31461.78,12.99,0.22396590338948863
Flag Hill Cranberry Liqueur,19516.98,14.99,0.2584487214633129
Flag Hill De Chaunac Red NH,1545.81,12.99,0.22396590338948863
Flag Hill Heritage Rd NH,49.96,12.49,0.21534519887103257
Flag Hill Marechal Foch NH,11184.39,12.99,0.22396590338948863
Flag Hill Raspberry Liqueur,18722.510000000002,14.99,0.2584487214633129
Flag Hill Red Raspberry Fru,24636.39,13.990000000000002,0.24120731242640078
Flag Hill Spiced Rum,21856.44,28.832105263157892,0.4971061202374123
Flag Hill Straight Bourbon,55386.15,39.99,0.6894839473861163
Flag Hill Straight Rye Whsky,1099.75,43.99,0.7584495835337648
Flag Hill Sugar Maple Liquer,46481.04,17.924733257661746,0.3090476579728887
Flag Hill White Rum,21297.899999999998,26.29851063829787,0.4534233789764788
Flag Hill Wild Blueberry Fr,1130.22,14.49,0.24982801694485685
Flagstone Longitude Red,7849.77,6.850509977827051,0.11811244463916407
Flagstone Noon Gun White,8926.23,6.99,0.12051744916801582
Flavor Essence Variety 5 Pak,2074.17,24.99,0.4308628118324342
Fleischmanns Preferred,169830.4,11.73057649667406,0.20225166761794522
Fleischmanns Royal Traveler,132453.75,5.3610247349823315,0.09243162031283385
Fleischmanns Royal Vodka,527560.96,10.192262945089345,0.1757289744480481
Fleischmanns X Dry Gin,177247.95,10.644154766761867,0.1835202261859394
Fleur Petite Sirah Californa,6460.6900000000005,14.99,0.2584487214633129
Fleur de Pnt Nr California,16990.0,16.99,0.29293153953713713
Flight Song Pnt Grigio,71.88,5.99,0.10327604013110368
Flight Song Svgn Bl,24432.56,11.371696428571429,0.19606406956859285
Flint & Steel Svgn Bl Napa V,119.92,14.99,0.2584487214633129
Flip Flop Cab Svgn,5266.36,5.948847736625515,0.10256651712546945
Flip Flop Chard,16483.58,6.03952658412236,0.10412994822615831
Flip Flop Crisp White,107.82,5.99,0.10327604013110368
Flip Flop Merlot,95.88,7.99,0.13775885820492795
Flip Flop Moscato,729.07,7.860967741935484,0.1355341602646812
Flip Flop Pnt Grigio,28074.4,5.681449814126394,0.09795620016804156
Flip Flop Rsl,511.36,7.99,0.13775885820492795
Flip Flop Sangria,71.88,5.99,0.10327604013110368
Flipflop Silver Rum,62.93,8.99,0.1550002672418401
Flipflop Spiced Rum,389.57,9.126363636363637,0.1573513684741463
Flor De Cana 4 Yr Old Wh Rum,167.88,13.99,0.24120731242640073
Flor De Cana Centenial 12 Yr,519.87,39.99,0.6894839473861163
Flor Prosecco,730.5600000000001,16.31142857142857,0.2812320119763753
Flor Rose Brut,345.79999999999995,17.365,0.29939706792597914
Flor de Cana 4Yr Gold Rum,10094.949999999999,19.99,0.3446557666478735
Flor de Cana Gran Rsv Rum,58883.42,20.660425422860072,0.35621484559214883
Flora Springs Cab Svgn Napa,20780.530000000002,37.99,0.6550011293122919
Flora Springs Napa Red,1403.48,26.99,0.4653456299062585
Flora Springs Trilogy Cal,14982.779999999999,67.66080745341614,1.1665676570721009
Flora de Cana Black 5 YO Rum,9376.16,14.885225464190981,0.256642260834777
Florette Rose de Provence,299.8,14.99,0.2584487214633129
Florio Dry Marsala Italy,8660.12,10.99,0.18948308531566435
Florio Sweet Marsala Italy,12759.39,10.99,0.18948308531566435
Flowers Chard Sonoma Cst,39241.57,46.65666666666667,0.8044266742988639
Flowers Pnt Nr Sonoma Coast,75763.93000000001,47.354945978391356,0.8164659935343226
Flowers Sonoma Cst Chard,599.9399999999999,99.99,1.7239684896008443
Flowers Sonoma Cst Pnt Nr,399.96,99.99,1.7239684896008443
Flying Fish Rsl Wash,155.88,12.99,0.22396590338948863
Foley Johnson Cab Svgn,6227.2,22.158316831683166,0.3820406040645444
Foley Santa Maria Hil Pnt Nr,539.8,26.99,0.4653456299062585
Folie A Deux Amador Znfdl,7118.8099999999995,16.99,0.29293153953713713
Folie A Deux Cab Svgn,19402.579999999998,16.99,0.29293153953713713
Folie A Deux Chard Napa,107.94,17.99,0.31017294857404926
Folk Machine Parts & Labor R,291.31,15.423333333333334,0.26591999871264144
Folk Machine Pnt Nr,1956.49,19.413076923076922,0.3347087998958088
Folonari Moscato,2666.91,12.765862068965518,0.22010144963983588
Folonari Pinot Grigio Venez,94282.45,12.264672372292058,0.21146023307440287
Folonari Pnt Nr Venezie,10398.259999999998,18.147281553398056,0.3128847041701461
Folonari Soave Dry White,20555.16,13.80057268722467,0.2379413186440782
Folonari Valpolicella,20209.1,13.580868397493285,0.23415330711765514
Fonseca Bin No 27,28262.46,15.230163934426228,0.26258948609266963
Fonseca Guimaraens Port,439.89,39.99,0.6894839473861163
Fonseca Porto 11,989.89,89.99,1.551554399231723
Fontana Candida Frascati,23326.6,7.954846416382253,0.13715276089066106
Fontana Candida Pinot Grigi,125.86,8.656666666666666,0.1492531308962027
Fontanafredda Arneis Langhe,1609.21,8.99,0.1550002672418401
Fontanafredda Barolo Serralu,22332.88,33.53285714285715,0.5781537061763408
Fontanafredda Briccotondo,5805.85,13.99,0.24120731242640073
Fontanafredda La Rosa Barolo,1329.81,69.99,1.2067262184934802
Fonterutoli Chianti Clsco,7740.48,21.99,0.3791385847216978
For A Song  The Score,1454.18,7.99,0.13775885820492795
Forbidden Secret Dark Mocha,34479.04,20.360614035087718,0.3510456748216414
Forbidden Secret Pumpkin Crm,39.98,19.99,0.3446557666478735
Forbidden Secret Wh Choc Cr,17376.649999999998,17.97468606431853,0.3099089147450001
Forefront Pine Ridge Znfdl,63810.78,11.99,0.20672449435257648
Forefront by Pine Ridge Pnt,844.35,12.99,0.22396590338948863
Forest Glen Cab Svgn Cal,5368.34,9.068048780487805,0.1563459381910625
Forest Glen Chard,20505.04,12.464852071005916,0.21491161314081433
Forest Glen Merlot Cal,3232.79,9.113376623376624,0.1571274540710695
Forestville Cab Svgn Cal,55.93,7.99,0.13775885820492795
Forestville Chard Cal,95.88,7.99,0.13775885820492795
Forged Oak Bourbon Whiskey,6434.009999999999,64.99,1.1205191733089195
Foris Rogue Vly Gewurz,7189.64,13.413772609819121,0.23127234029401986
Forma de Art Red,7130.22,14.936372239747634,0.25752410331306835
Fort Ross Pnt Nr Sonoma Cst,37307.56,29.989999999999995,0.5170698570169948
Fort Ross RSV Pnt Nr Sonoma,65.99,65.99,1.1377605823458317
Fortant Cab Svgn,18554.57,9.157657550535077,0.15789091964874213
Fortant Chard,12939.12,9.105323854660348,0.15698861299175254
Fortant Heritage Lang Rouge,23377.38,15.99,0.275690130500225
Foss Marai Prosecco,24777.18,14.18410609037328,0.2445539749270823
Foss Marai Roos Spumante Bru,190.24,14.95,0.2577590651018364
Four Roses 16 Private Slctn,18753.32,69.97048780487805,1.2063898007561746
Four Roses Bourbon,180430.09,27.823980163863734,0.4797246230401041
Four Roses Elliott's Select,1475.8799999999999,122.99,2.1205208974498233
Four Roses Single Barrel Brb,109302.84000000001,41.77269324258629,0.7202200907688857
Four Roses Small Batch 15,2159.76,89.99,1.551554399231723
Four Star Cab Svgn,3987.15,13.99,0.24120731242640073
Four Vines Biker Znfdl,4467.13,23.847142857142856,0.4111583443616775
Four Vines Naked Chard,38720.68,12.390241109101868,0.21362521502798917
Four Vines Truant Znfdl,26184.73,12.32384379785605,0.21248043182584883
Fox Brook Cab Svgn,202.70999999999998,6.99,0.12051744916801582
Fox Brook Pnt Grigio,153.78,6.99,0.12051744916801582
Foxen Chard Block UU,1652.4299999999998,28.99,0.4998284479800827
Foxen Pnt Nr Santa Maria Vly,439.89000000000004,39.99,0.6894839473861163
Foxglove Cab Svgn,614.59,14.99,0.2584487214633129
Foxglove Chard,524.65,14.99,0.2584487214633129
Foxglove Znfdl,359.76,14.99,0.2584487214633129
Foxhorn Pnt Grigio/Chard Bl,850.0,8.568947368421053,0.14774072659471918
Foxhorn SE Cab Svgn Australi,22218.56,8.355092073658927,0.14405355998301597
Foxhorn SE Chard Australia,84626.59,7.601708996986655,0.13106417419662197
Foxhorn SE Merlot Australia,24707.47,8.36853470437018,0.14428532987764084
Foxhorn Wh Znfdl Cal,24681.16,8.278654353562006,0.14273566598497595
Foz Arouce 11 Beira Atlantic,2830.4599999999996,18.419752066115702,0.3175824797304082
Framboise Pacific Rim Infusn,1662.96,15.99,0.275690130500225
Franciscan Cab Svgn Napa,235731.91,20.654169360051714,0.3561069822543093
Franciscan Equilibrium White,18795.05,18.224833659491193,0.31422181175297187
Franciscan Est Cab Svgn,902.79,42.99,0.7412081744968526
Franciscan Est Cab Svgn Napa,2779.8500000000004,144.99,2.4998318962618904
Franciscan Est Chard Napa,73061.67,15.649804703068952,0.269824684233403
Franciscan Est Cuvee Chard,979.75,39.14789473684211,0.6749648660918746
Franciscan Est Rsv Merlot NV,45.99,45.99,0.792932401607589
Franciscan Est Svgn Bl Napa,6726.69,15.406370106761564,0.2656275287847318
Franciscan Magnificat Red,18536.41,39.85956521739131,0.687235067946519
Franciscan Merlot Napa,56537.7,19.283031566408575,0.3324666347081387
Frangelico Gift Pack-Candle,11655.75,22.22943661971831,0.38326680942067676
Frangelico Hazelnut Liqueur,353548.64,16.607710739030022,0.2863403340183349
Frank Family Vyds Cab Svgn,18140.760000000002,55.99,0.9653464919767103
Frank Family Vyds Chard,7953.79,35.99,0.6205183112384678
Franzia Burgundy Tap Red,73413.34999999999,16.458970144246898,0.2837758365832855
Franzia Cab Svgn Cal,135.83,7.99,0.13775885820492795
Franzia Chablis Old World C,126520.53,16.541505892623306,0.2851988691812108
Franzia Chianti Tap,32300.579999999998,16.677972508591065,0.2875517459269941
Franzia Chillable Red Tap,207832.65,13.729160200821543,0.23671006675565895
Franzia Clsc Burgundy,7.99,7.99,0.13775885820492795
Franzia Crisp White Tap,312013.94,13.764503694471648,0.2373194383864739
Franzia Dark Red Blend,18073.739999999998,17.62569682151589,0.30389184846035755
Franzia Fruity Red Sangria,103.87,7.99,0.13775885820492795
Franzia Merlot Cal,95.88,7.99,0.13775885820492795
Franzia Moscato,2700.4799999999996,17.793278688524587,0.3067811959766239
Franzia Refreshing White Ta,643.5600000000001,14.704285714285714,0.2535226045956237
Franzia Rhine Tap,233.86999999999998,17.99,0.31017294857404926
Franzia Sangria Fruity Red,2729.17,14.93,0.25741423692109816
Franzia Sunset Blush Tap,252407.0,13.736866673245832,0.2368429371989578
Franzia Tap Cab Svgn,190349.34,16.687555045251926,0.2877169623611752
Franzia Tap Chard,347563.54,16.784793685959567,0.28939349353980903
Franzia Tap Merlot,188836.31,16.68268814329635,0.2876330501138166
Franzia Tap Pnt Grigio,10350.179999999998,17.75051779935275,0.3060439379956302
Franzia Tap Wh Grenache Cal,7592.5,16.845769230769232,0.29044479784912103
Franzia Tap Wh Znfdl Cal,202573.38,16.72195053849222,0.28830998912915745
Fratelli Urciuolo Fiano,575.28,7.99,0.13775885820492795
Fratelli Urciuolo Greco di T,791.01,7.99,0.13775885820492795
Freakshow Cab Svgn,254650.63,18.74567273942838,0.3232018113725779
Fred's Red Mendocino County,197.82,10.99,0.18948308531566435
Freedom Hill Vyd Pnt Nr,57.98,28.99,0.4998284479800827
Freeman Vyd Pnt Nr RRV,809.82,44.99,0.775690992570677
Freemark Abbey Cab Svgn Napa,67475.35,40.5482371458552,0.6991087423574041
Freemark Abbey Cab Svgn Ruth,5249.25,69.99,1.2067262184934802
Freemark Abbey Chard Napa,2049.93,19.309148936170214,0.33291693496316743
Freemark Abbey Merlot Napa,18311.6,28.59044150110375,0.49293949646643787
Freemark Abbey Viognier,424.83,24.99,0.4308628118324342
Frei Bros RSV Cab Svgn Alex,119405.58,20.703870358716173,0.3569638975018263
Frei Bros RSV Chard RRV,210627.53,15.785672205438066,0.27216723141657256
Frei Bros RSV Mendcno Merlot,37344.02,16.99,0.29293153953713713
Frei Bros RSV Pnt Nr RRV,41869.03,20.96116968698517,0.36140010046543475
Frei Bros RSV Svgn Bl RRV,19671.64,15.902676056338027,0.2741845426688327
Frei Bros Rsv Znfdl,24380.649999999998,16.99,0.29293153953713713
Freixenet Cordon Negro,107.91,11.99,0.20672449435257648
Freixenet Cordon Negro Brut,176097.06,12.520404792158287,0.21586942032931583
Freixenet Cordon Negro Extr,107581.11,10.99,0.18948308531566435
Frenchhouse Chard VDP D'Oc,119.88,9.99,0.17224167627875223
Frescobaldi Chianti Castigln,15423.19,13.065362318840581,0.22526525595458927
Frescobaldi Chianti RSV Nip,179836.8,17.016573271069603,0.2933897001730969
Frescobaldi Massovivo Vermen,1253.34,18.99,0.3274143576109614
Frescobaldi Monte Chianti Rs,2839.29,39.99,0.6894839473861163
Frescobaldi Mormoreto Cab Sv,10294.35,62.26118644067796,1.0734705825471762
Frescobaldi Sangiovese Remo,79406.29,7.200917312661499,0.124153960828579
Frescobaldi Tenuta Castglni,42959.38,16.861859296482415,0.2907222132535128
Frey Cab Svgn Organic Mendcn,17951.17,16.55989247311828,0.2855158797363147
Frey Chard Organic Mendocino,12064.18,13.67421052631579,0.23576265694106005
Frey Natural Red Organic Ca,6359.8,10.316848249027236,0.1778770006332293
Frey Natural White Organic,961.18,11.762727272727274,0.2028059922987328
Frey Pnt Nr Organic Mendocno,1367.28,18.99,0.3274143576109614
Frey Svgn Bl Organic Mendcno,11705.36,13.533925233644862,0.23334394082825766
Frey Syrah Organic Mendocino,1071.33,15.99,0.275690130500225
Frey Vyds Bio Field Blend Rd,33.98,16.99,0.29293153953713713
Frey Vyds Organic Agrul Red,8498.19,12.544524361948957,0.21628527569787118
Frey Vyds Organic Blanc,337.74,12.99,0.22396590338948863
Frey Znfdl Organic Mendocino,9266.15,13.630371229698378,0.2350068056961888
Frisk Prickly Rsl,38674.61,10.383063583815028,0.1790186463048217
Fritz Pnt Nr RRV,647.76,26.99,0.4653456299062585
Fritz Svgn Bl Dry Creek Vly,287.82,15.99,0.275690130500225
Fritz Znfdl Dry Creek Valley,215.88,17.99,0.31017294857404926
Frog's Leap Petite Sirah,2204.37,34.99,0.6032769022015555
Frogs Leap Cab Svgn Napa,47277.98,52.50298701298701,0.9052254747505947
Frogs Leap Chard Napa,17556.18,30.194359673024522,0.5205933057302603
Frogs Leap Merlot Napa,25186.260000000002,37.29344827586207,0.6429915961210635
Frogs Leap Svgn Bl Napa,27671.01,25.171208053691274,0.43398709400690816
Frogs Leap Znfdl Napa,15244.119999999999,31.242252252252253,0.5386604503154704
From the Tank Red Keg,5531.76,230.49,3.9739723689178774
Frost Bitten Ice Rsl,19365.28,13.196008583690988,0.22751778164601988
Fruitier Gneiss Abord Muscdt,1480.8600000000001,12.99,0.22396590338948863
Fuki Plum Wine,8622.789999999999,12.07805031446541,0.20824260584010337
Fuki Sake,21843.9,12.100619469026547,0.20863172986550924
Fulchino Vyds 603 Red,6805.46,14.99,0.2584487214633129
Fulchino Vyds Barbera Red,7636.179999999999,19.99,0.3446557666478735
Fuligni Brun Montalcino DOCG,2127.72,75.99,1.3101746727149528
Full Throttle Apple Whiskey,1439.28,19.99,0.3446557666478735
Full Throttle Blackberry,1819.09,19.99,0.3446557666478735
Full Throttle Moonshine,1356.4099999999999,22.989999999999995,0.3963799937586099
Full Throttle Peach Whiskey,2938.5299999999997,19.99,0.3446557666478735
Full Throttle Strwbry Whisky,1779.11,19.99,0.3446557666478735
Full Throttle Vanila Whiskey,3038.4799999999996,19.99,0.3446557666478735
Fulton's Harvest Apple Pie L,2484.15,8.63516129032258,0.14888234790616156
Fulton's Harvest Pumpkin Liq,25147.74,9.950264900662251,0.17155658717794775
Furlan Malbec,359.88,29.99,0.5170698570169948
Fusional Svgn Bl,39.98,19.99,0.3446557666478735
Fuzzy's Ultra Premium Vodka,49.98,24.99,0.4308628118324342
G Bertrand CdRoses Blanc Lan,269.84999999999997,17.99,0.31017294857404926
G Bertrand T Jeffrsn Cremant,298.77,12.99,0.22396590338948863
G Ferrer Etesian Pnt Nr,15.99,15.99,0.275690130500225
G Ferrer Etesian Pnt Nr Rose,755.46,13.99,0.24120731242640073
G Vigouroux L Comtes Cahours,37772.19,9.99,0.17224167627875223
G Vigouroux Pigmentum Malbec,11411.54,9.201956521739131,0.1586546963311856
G&P Ravaut Ladoix Lacorvee,549.89,49.99,0.8618980377552377
GH Mumm Cordon Rouge,472.49,472.49,8.146393355850615
GH Mumm Rose,24941.8,31.19833333333333,0.5379032262699303
GSM Le Grand Noir,167.86,11.99,0.20672449435257648
Gabbiano Chianti,54359.79,8.525084908683114,0.1469844759850123
Gabbiano Chianti Clsc,38258.67,10.65225516146109,0.18365988840430916
Gabbiano Chianti Clsc RSV,54405.54,9.99,0.17224167627875223
Gabbiano Pinot Grigio Delle,959.04,9.99,0.17224167627875223
Gagliole 13 Rubiolo Chianti,2958.15,15.99,0.275690130500225
Gaia Notios Nemea Wh,2958.15,15.99,0.275690130500225
Gaia Notios Red,3054.09,15.99,0.275690130500225
Gaia Ritinitis Nobile Retsna,929.38,14.99,0.2584487214633129
Gaja Pieve Santa Restituta M,1349.8500000000001,89.99,1.551554399231723
Galerie Latro Cab S Knights,999.8000000000001,49.99,0.8618980377552377
Galerie Naissance Svgn Bl,129.95,25.99,0.4481042208693463
Galerie Pleinair Cab Svgn NV,2349.53,49.99,0.8618980377552377
Galliano L'Autentico Liqueur,70603.29,14.482643051771117,0.24970117279117923
Galliano Tiki Gift Pack,398.78999999999996,18.99,0.3274143576109614
Gallo Cafe Znfdl Cal,15163.07,10.157115902964959,0.175122989918344
Gallo Chard Cal,225.09,5.49,0.0946553356126476
Gallo Copperidge Cab Svgn,24749.64,6.709237435008665,0.11567670694274759
Gallo Copperidge Chard Cal,36481.17,6.644834761321909,0.11456631410264344
Gallo Copperidge Merlot Cal,23104.41,6.820687830687831,0.11759826880197778
Gallo Copperidge Pnt Grigio,29931.18,6.99,0.12051744916801582
Gallo Copperidge Wh Znfdl,15168.33,6.757123287671233,0.11650232651558422
Gallo Fairbanks Cream Sherry,1069.5,7.536153846153846,0.12993391102663704
Gallo Fairbanks Red Port,36263.37,7.946834532374101,0.13701462472132026
Gallo Fairbanks Sherry,25600.54,7.6201639344262295,0.1313823633217683
Gallo Fairbanks Wh Port,12176.76,7.989999999999999,0.13775885820492795
Gallo Family Vyds Sweet Red,404.24,5.915925925925927,0.10199889872096206
Gallo Merlot Cal,164.7,5.49,0.0946553356126476
Gallo Pink Moscato Twin Vly,137.25,5.49,0.0946553356126476
Gallo Pnt Nr Pavia,612.36,8.048823529411765,0.13877305873651102
Gallo Signature Series Cab S,199.95000000000002,39.99,0.6894839473861163
Gallo Signature Series Chard,2349.06,24.99,0.4308628118324342
Gallo Signature Series Pnt N,89.97,29.99,0.5170698570169948
Gallo Sweet Vermouth,42816.51,5.49,0.0946553356126476
Gallo Twin Valley Cab Svgn C,15552.62,10.101827956989249,0.17416974782696606
Gallo Twin Valley Chard Cal,35440.95,10.113993558776167,0.17437949994355453
Gallo Twin Valley Hearty Bur,9543.57,10.121578947368421,0.17451028273097752
Gallo Twin Valley Merlot Cal,11134.72,10.011246458923514,0.17260799516763847
Gallo Twin Valley Svgn Bl Ca,37433.06,10.122941804591564,0.1745337803098206
Gallo Twin Valley Wh Merlot,7048.04,10.121403118040089,0.17450725118560703
Gallo Twin Valley Wh Znfdl C,55077.79,9.680935046395431,0.1669129609946816
Gallo Twin Vly Cab Svgn Cal,956.62,5.143225806451613,0.08867645989823453
Gallo Twin Vly Chard Cal,1412.17,4.99,0.08603463109419154
Gallo Twin Vly Moscato,755.0400000000001,5.465609756097561,0.09423481344101561
Gallo Twin Vly Pink Moscato,568.96,6.323333333333334,0.10902317647674108
Gallo Twin Vly Pnt Grigio,942.51,5.918571428571429,0.10204451091418139
Gallo Twin Vly Pnt Nr,114.77000000000001,4.99,0.08603463109419154
Gallo Twin Vly Red Moscato,59.94,9.99,0.17224167627875223
Gallo Twin Vly Svgn Bl Cal,219.56,4.99,0.08603463109419154
Gallo Wh Znfdl Cal,76.86,5.49,0.0946553356126476
Gallo X Dry Vermouth,28191.15,5.49,0.0946553356126476
Gamba Znfdl RRV Old Vine,1692.5900000000001,41.36931034482759,0.713265201230133
Gandia Hoya de Cadenas RSV,41829.58,8.678332028191072,0.14962667225617754
Garage Wine Co Cab Svgn,804.77,34.99,0.6032769022015555
Garda Pinot Grigio,2463.2599999999998,8.99,0.1550002672418401
Gardacho Garnacha,383.76,15.99,0.275690130500225
Garden Creek Chard,1374.75,54.99,0.9481050829397982
Garden Creek Meritage,1919.76,79.99,1.3791403088626015
Garnacha de Fuego 14 Rose Ar,8507.83,10.351607142857144,0.17847629293942135
Garnet Pnt Nr Monterey Cnty,6534.209999999999,17.19242914979757,0.2964217033097914
Gary Farrell RRV Chard,5683.26,32.828709677419354,0.5660132117024229
Gary Farrell RRV Pnt Nr,2319.42,39.99,0.6894839473861163
Gascon Malbec Mendoza,190040.43,11.110447946909995,0.19155977763599583
Gaston & Ravaut Bourgn Chard,699.75,27.99,0.4825870389431706
Gaston & Ravaut Bourgog Vlg,5144.39,31.839056603773585,0.5489501982550589
Gaston Chiquet Special Club,3242.5299999999997,68.99,1.189484809456568
Gaston Chiquet Trad Brut 1er,10333.36,39.124328358208956,0.6745585485183415
Gateway Vinho Verde,32.97,10.99,0.18948308531566435
Gattinara Red,335.84,20.99,0.36189717568478563
Gattinara Travaglini,15262.5,27.762435897435896,0.4786635131687451
Gazdina Rakija Pear Brandy,51254.85,24.271560826319813,0.418475908170873
Gazdina Rakija Plum Brandy,41181.0,20.139212598425196,0.3472284020907829
Gazela Vinho Verde,189.81,9.99,0.17224167627875223
Gekkeikan Black & Gold Sake,43341.54,12.587495527728086,0.21702615914386209
Gekkeikan Nama Sake,1400.88,4.49,0.07741392657573548
Gekkeikan Nigori Sake,18580.98,5.99,0.10327604013110368
Gekkeikan Plum Wine,37208.8,10.880115163147792,0.18758851589654107
Gekkeikan Sake,90652.66,5.99,0.10327604013110368
Gekkeikan Sake Calif,19427.1,66.99,1.1550019913827436
Gekkeikan Sake Cap Ace,693.6800000000001,2.99,0.05155181302036728
Gekkeikan Sake Haiku Prm Sel,11979.1,10.99,0.18948308531566435
Gekkeikan Sake Horin,9479.25,11.49,0.19810378983412041
Gekkeikan Sake Kobai Plm Cal,3222.62,5.99,0.10327604013110368
Gekkeikan Sake Zipang Spklg,5627.25,5.49,0.0946553356126476
Gekkeikan Suzaku Sake,7848.27,8.99,0.1550002672418401
Gemma di Luna Sprkl Moscato,16126.55,11.99,0.20672449435257648
Gen5 Cabernet Sauvignon,1127.04,11.704285714285716,0.2017983774848873
Gen5 Chardonnay,54.95,10.99,0.18948308531566435
Genbei San Demonslayer Sake,1371.71,5.99,0.10327604013110368
General John Stark Vodka,29615.81,32.25330150068213,0.5560923639641125
Gentleman Jack,935932.52,26.25173269481933,0.4526168613190597
Gentleman Jack Gift Pack,17875.84,29.027037037037033,0.5004670186851535
Gentleman's Collection Cab S,33807.96,15.628207945900256,0.2694523257091867
George Dickel #12 Sour Mash,1718.35,26.520612244897958,0.45725272362362623
George Dickel Barrel Select,7082.39,43.99,0.7584495835337648
George Dickel No 8 Bourbon,41049.899999999994,21.507102615694162,0.37081275339602593
George Dickel Rye,48836.84,25.431549766199065,0.43847575196162525
George Wine Co Pnt Nr Sonoma,3035.54,65.99,1.1377605823458317
Georgi Watermelon Vodka,99.9,9.99,0.17224167627875223
Gerard Bertrand 12 Roses,254.82999999999998,14.99,0.2584487214633129
Gerard Bertrand 13 Gris Blan,179.88,14.99,0.2584487214633129
Gerard Bertrand 14 Gris Bl,33726.66,11.116546146527117,0.19166491918998338
Gerard Bertrand Cab Svgn Rsv,1073.21,13.341351351351351,0.23002369575380907
Gerard Bertrand Chard Rsv Sp,4734.16,12.297692307692307,0.21202954328701096
Gerard Bertrand Cigalus Blnc,296.89,26.99,0.4653456299062585
Gerard Bertrand Corbieres Ro,14163.3,13.205022091310752,0.22767318721774957
Gerard Bertrand Gr Teroir Rd,1148.3899999999999,18.6451724137931,0.3214690441499572
Gerard Bertrand Gr Terrier R,2055.79,16.99,0.29293153953713713
Gerard Bertrand Kosmos Rouge,769.65,21.99,0.3791385847216978
Gerard Bertrand Languedoc Rg,1727.26,9.652650602409638,0.16642529732654088
Gerard Bertrand Merlot Rsv,335.76,13.99,0.24120731242640073
Gerard Bertrand Organic Rose,9.99,9.99,0.17224167627875223
Gerard Bertrand Orgnic Chard,19.98,9.99,0.17224167627875223
Gerard Bertrand Picpoul Pint,1290.05,13.645737704918032,0.2352717453809064
Gerard Bertrand Pnt Nr Rsv,9456.26,12.251410788381744,0.2112315846817278
Gerard Metz Pnt Gris,7251.009999999999,18.16064846416382,0.3131151685462185
Gerston Vintage Scotch,274.99,274.99,4.741215071060468
Geyser Peak Cab Svgn,57755.93,13.12670661340435,0.226322918029244
Geyser Peak Chard,19490.49,9.99,0.17224167627875223
Geyser Peak Pluto's Fury Pnt,524.79,24.99,0.4308628118324342
Geyser Peak Pnt Nr,71.96,17.99,0.31017294857404926
Geyser Peak Svgn Bl,112745.54,9.052360801781738,0.15607545533322884
Geyser Peak Tectonic Red,349.86,24.99,0.4308628118324342
Geyser Peak Znfdl,26718.56,7.989999999999999,0.13775885820492795
Ghost Block Cab Svgn Sngl Vy,1044.8899999999999,94.99,1.6377614444162834
Ghost Block Est Cab Svgn,2099.65,59.99,1.034312128124359
Ghost Pine Cab Svgn LMartini,303925.04,16.517481542247744,0.28478465552953963
Ghost Pines Chard L Martini,65890.11,16.324265734265733,0.2814533427517243
Ghost Pines Merlot L Martini,51133.229999999996,16.809528250137134,0.2898199522781442
Ghost Pines Pnt Nr L Martini,28492.39,16.25419213973799,0.2802451752457848
Ghost Pines Red L Martini,58908.86,17.08844559585492,0.2946288803231544
Ghost Pines Znfdl L Martini,40792.99,16.99,0.29293153953713713
Ghostwriter Chard Santa Cruz,202.93,28.99,0.4998284479800827
Ghostwriter Pnt Nr,227.92,28.656666666666666,0.49408131163444535
Gia Frizzante Chard,14.99,14.99,0.2584487214633129
Giacomo Borgogno & Figli Neb,899.75,35.99,0.6205183112384678
Gianni Gagliardo Barolo 08,95.98,47.99,0.8274152196814133
Gianni Gagliardo Barolo S 07,1580.79,75.75923076923075,1.306195886014127
Gianni Gagliardo Dolcetto D',949.4999999999999,18.99,0.3274143576109614
Gibsons 12YO Gold Canadian W,11687.47,21.236913580246913,0.36615431371859114
Giesen Svgn Bl,24219.8,10.535829042224512,0.181652538059971
Gifft Chardonnay,279.8,13.990000000000002,0.24120731242640078
Gifft Red Blend,3137.7400000000002,13.773783783783784,0.23747944020220355
Gilbeys Gin,26.97,8.99,0.1550002672418401
Gilbeys London Dry,463220.03,12.352628598771833,0.21297672235248397
Gilbeys London Dry Trav,80751.59,6.258111872402561,0.10789866659084862
Gilbeys Vodka,341285.93,10.614035074570937,0.1830009202528097
Gilbeys Vodka Traveler,276249.33,5.218773992737334,0.08997901707998349
Gilmanton Blueberry Surprise,1838.85,15.99,0.275690130500225
Gilmanton Raspberry Merlot,1998.75,15.989999999999998,0.275690130500225
Ginskey Gin,49.99,49.99,0.8618980377552377
Gionelli Prosecco,41.94,6.989999999999999,0.1205174491680158
Giorgio & Gianni Lambrusco,107.88,8.99,0.1550002672418401
Giorgio Carnevale Barbr Asti,8584.84,11.99,0.20672449435257648
Girard Artistry Napa Vly Red,257.94,42.99,0.7412081744968526
Girard Cab Svgn,29875.769999999997,26.588581560283682,0.4584246103921503
Girard Chard RRV,21936.6,19.252368815592202,0.3319379656791167
Girard Old Vine Znfdl,21633.52,22.9671986970684,0.39598686716819165
Girard Svgn Bl Napa Vly,19401.76,15.915736235595391,0.2744097185615043
Girasole Cab Svgn,277.8,13.74,0.2368969601671727
Girasole Chard,335.76,13.99,0.24120731242640073
Girasole Hybrid Red,584.56,13.656666666666666,0.23546017608076336
Girasole Pnt Nr,266.82,14.561428571428573,0.2510595461617791
Girl & Dragon Cab Svgn,23646.78,11.247075471698114,0.19391542867656866
Girl & Dragon Malbec,643.54,13.99,0.24120731242640073
Girl Go Lightly Chardonnay,1216.93,2.99,0.05155181302036728
Girl Go Lightly Moscato,618.2,4.631025641025642,0.07984540733735129
Girls in the Vineyard Cab S,33350.619999999995,19.14145813734713,0.3300257093089321
Girls in the Vineyard Svgn B,27810.64,17.026184210526313,0.29355540631149907
Girvan Patent Still #4 Apps,3357.27,45.99,0.792932401607589
Glam Prosecco,8026.98,15.989999999999998,0.275690130500225
Glazebrook Svgn Bl Marlboro,272.79,12.99,0.22396590338948863
Glen Ellen Cab Svgn RSV,179932.54,6.988469046024305,0.12049105336430417
Glen Ellen Chard RSV,404308.57,6.754332764088803,0.11645421395707238
Glen Ellen Merlot RSV,164946.99,6.989801921362781,0.12051403401321004
Glen Ellen Pnt Grigio RSV,929.54,6.7122222222222225,0.11572816887998466
Glen Garioch 12 Yr Old,24493.920000000002,60.03892966360856,1.0351557444686725
Glen Grant 10 Yr Single Malt,21542.09,36.53411764705883,0.6298996661556111
Glen Moray 10 Yr Chard Cask,3074.2200000000003,39.53225352112676,0.6815917531086565
Glen Moray 12 Yr Scotch,62073.77,30.730942028985503,0.5298447416113735
Glen Moray 16 Yr Old Scotch,1910.67,57.89909090909091,0.998261909228997
Glen Moray 25 Yr Portwood,3839.84,239.99,4.137765754768543
Glen Moray Classic Scotch,56156.32,19.657274384685504,0.338919108217178
GlenDronach 15 Yr Scotch,41479.47,92.19430107526881,1.5895596557109377
GlenDronach 1995,18188.93,169.99,2.9308671221846936
GlenDronach Peated Scotch,13401.95,65.36894736842106,1.1270527598913285
GlenDronach Tawny Port 15 Yr,14139.21,78.99,1.3618988998256891
Glendalough 13 Yr Sngle Malt,9838.85,85.48382716049382,1.473861630114773
Glendalough Double Barrel,45645.13,28.75923076923077,0.49584966127925684
Glendalough Poitin Shry Cask,3788.77,30.1920202020202,0.5205529699537448
Glenfarclas 12-Yr Scotch,73143.96,36.53980079681275,0.6299976516651364
Glenfiddich 12 Year Old Sco,2667.42,45.99,0.792932401607589
Glenfiddich 14 Yr Barrel Rsv,145728.39,51.081970121381886,0.8807251412740693
Glenfiddich 1978 Rare Collct,3499.99,3499.99,60.344759215102094
Glenfiddich 21 Year Old,19798.9,179.99,3.103281212553815
Glenfiddich 26 Yr Old Scotch,7499.85,499.99000000000007,8.620532104365699
Glenfiddich Age of Discovery,599.96,149.99,2.586038941446451
Glenfiddich Ancient RSV 18,112533.7,99.68827586206896,1.7187663403224653
Glenfiddich Solera 15-Yr RS,174601.2,58.80474978050922,1.0138767442790284
Glenfiddich Special Rsv 12,684941.61,54.66661380946435,0.9425294493518843
Glenfiddich Special Rsv 12Yr,104263.29,21.487298834233723,0.3704713082993889
Glenfiddich The Original,7899.21,99.99,1.7239684896008443
Glenfiddich Trio 200ml Pack,9148.17,49.99,0.8618980377552377
Glenkinchie 12 YO Scotch,18790.82,58.945823293172694,1.0163090504151335
Glenmorangie 10 Yr Scotch,334079.63,36.026992221261885,0.6211561092564278
Glenmorangie 25 Yr Old,3349.95,669.99,11.551571640640761
Glenmorangie Collection 4 Pk,48592.81,31.99,0.5515526750908192
Glenmorangie LaSanta,100054.45,51.21888616891065,0.88308576685323
Glenmorangie Milsean Scotch,21282.85,98.99,1.7067270805639319
Glenmorangie Nectar D'Or,62668.1,63.2540586797066,1.0905890989416638
Glenmorangie Original 10 Yr,148432.78999999998,66.95253602305475,1.1543560596320814
Glenmorangie Original 18Yr,126639.7,103.18414634146342,1.7790400731977711
Glenmorangie Original VAP,48412.89,36.94525997581621,0.6369883392181056
Glenmorangie Pride,5799.99,5799.99,100.0
Glenmorangie Quinta Ruban,122300.0,53.24846795205836,0.9180786165503451
Glenmorangie Signet Sng Malt,18239.04,189.99,3.275695302922936
Glenmorangie Tusail Giftbox,2099.79,99.99,1.7239684896008443
Glenrothes Bourbon Cask Rsv,13837.33,51.87034188034188,0.8943177812434484
Glenrothes Sherry Cask Rsv,28310.18,58.681588785046735,1.0117532751788665
Glenrothes Single Malt Scot,4224.1,46.921506849315065,0.8089928922173153
Glenrothes Vintage Rsv,43350.18,44.18194312796209,0.7617589535147836
Gloria Ferrer Brut,19145.84,18.866271186440674,0.3252810985267332
Gloria Ferrer Carneros Chard,4102.63,17.3525,0.2991815503130178
Gloria Ferrer Carneros Cuvee,359.94,59.989999999999995,1.0343121281243588
Gloria Ferrer Royal Cuvee,1322.51,26.99,0.4653456299062585
Glory Days Merlot,301.92,6.29,0.10844846284217731
Gnarly Head 1924 Double Blac,38903.49,10.110967741935484,0.17432733059773353
Gnarly Head Authentic Black,48189.54,10.02495233772129,0.17284430383020127
Gnarly Head Authentic Red,37353.590000000004,10.057012505789718,0.17339706630166118
Gnarly Head Authentic White,1069.81,8.99,0.1550002672418401
Gnarly Head Cab Svgn Cal,80390.3,9.967020816436875,0.17184548277560607
Gnarly Head Chard Cal,38362.27,8.311483146067417,0.14330168062474966
Gnarly Head Malbec,20145.2,10.169513043478261,0.1753367340888219
Gnarly Head Merlot Cal,142.84,8.74,0.15068991498261203
Gnarly Head OV Zinfandel,119.88,9.99,0.17224167627875223
Gnarly Head Old Vine Znfdl,125609.92,10.036335811862354,0.17304057096412848
Gnarly Head Pnt Grigio,43697.38,8.404680691209618,0.14490853762178244
Gnarly Head Pnt Nr,44288.71,10.143700787401574,0.17489169442363822
Goats Do Roam White,431.52,8.99,0.1550002672418401
Gode'II Rosso di Toscana,1160.18,6.646716417910448,0.11459875651355345
Godiva Chocolate Liqueur,248209.88,10.98805897723031,0.18944961934814214
Godiva Dark Chocolate,83507.70999999999,23.105804806991987,0.3983766318043995
Godiva Wh Chocolate Liqueur,135768.74,23.095609691861995,0.39820085365426483
Golan Heights Yarden Cab Svg,3017.11,33.94161290322581,0.5852012314370509
Golan Heights Yarden Chard,2145.02,21.79,0.3756903029143154
Golan Heights Yarden Svgn Bl,3202.22,18.135833333333334,0.31268732072526567
Gold Crown Vodka,28877.39,6.29,0.10844846284217731
Gold Crown Wh Rum,136024.92,11.520382293762577,0.1986276233883606
Goldeneye Anderson Pnt Nr,20975.82,50.20317829457365,0.8655735319297732
Goldschlager Cinnamon Schna,135047.37,1.99,0.03431040398345515
Goldschlager Cinnamon Schnap,82974.5,10.99,0.18948308531566435
Goldschlager Cinnamon Schnps,207675.78,19.453620230700974,0.3354078236462644
Gonzalez Bypass Noe Sherry,1287.72,45.99,0.792932401607589
Goose Bay Svgn Bl,10273.59,18.99,0.3274143576109614
Goose Ridge Red g3,575.28,7.99,0.13775885820492795
Goosebump Velvety Red,13879.08,8.214116930572473,0.14162294987702517
Gordo Monastrell & Cab Svgn,441.73999999999995,16.99,0.29293153953713713
Gordon Est Cab Svgn Columbia,131.94,21.99,0.3791385847216978
Gordons London Dry,754974.46,12.201705418620897,0.21037459407035006
Gordons London Dry Gin,13666.32,9.99,0.17224167627875223
Gordons Vodka,215.76,8.99,0.1550002672418401
Gordons Vodka 80 Proof,724360.55,12.658229934342756,0.2182457199812889
Gordons Vodka Traveler,56947.53,6.99,0.12051744916801582
Goslings Black Seal 151,108721.77,16.233703526025426,0.27989192267616714
Goslings Black Seal Bermuda,522535.20999999996,25.902955465587045,0.446603450447105
Goslings Black Seal Rum 80,212285.18,16.275411140583554,0.2806110207187177
Goslings Dark'N Stormy RTD,45436.7,8.252916539284623,0.14229190980130352
Goslings Dark'n Stormy VAP,1037.3799999999999,16.723333333333333,0.2883338304606272
Goslings Family Rsv Rum,1494.77,64.99,1.1205191733089195
Goslings Gold Seal Rum,26668.469999999998,25.39167865707434,0.4377883178604504
Gosset Excellence Brut,1763.5900000000001,43.04882352941177,0.7422223750284358
Gosset Grand Blanc de Blancs,76.99,76.99,1.327416081751865
Gosset Grand Rose Brut,829.9,82.99,1.4308645359733378
Gosset Grande RSV Brut,164.97,54.99,0.9481050829397982
Goulee Cos d'Estournel 10,558.87,42.99,0.7412081744968526
Goulee Cos d'Estournel Medoc,728.7299999999999,26.99,0.4653456299062585
Gouleyant Malbec Cahors,14631.92,13.234170096021948,0.22817573988958514
Gour de Chaule Gigondas Trad,4228.59,29.99,0.5170698570169948
Gozio Amaretto,80290.93,18.24969593546385,0.3146504724226051
Gr Marnier Cordon Rouge VAP,55601.32,29.701491442542785,0.5120955629672256
Gr Marnier Raspberry Peach,98547.38,30.316984126984128,0.5227075240989058
Gr Montmirail Muscat Venise,5257.37,19.99,0.3446557666478735
Grady Family Vyds Cab Svgn,194.87,14.99,0.2584487214633129
Grady Family Vyds Znfdl,503.64,13.99,0.24120731242640073
Graff Himmelreich Spatlse 11,29.97,9.99,0.17224167627875223
Graffigna Centenario Cab Svg,27.96,6.99,0.12051744916801582
Graffigna Centenario Malbec,18334.43,10.38205298013245,0.17900122207335614
Graffigna Centenario Pnt Gri,3099.02,10.2913698630137,0.17743771735836958
Graffigna Gr Rsv Malbec,127.92999999999999,18.389999999999997,0.3170695121888141
Graham's Six Grapes Gift Pk,379.79999999999995,18.99,0.3274143576109614
Grahams 10-Yr Tawny Port,22210.43,29.463684210526317,0.5079954312080938
Grahams 1977 Vintage Port,2155.8900000000003,195.99,3.3791437571444094
Grahams 1983 Vintage Port,699.93,99.99,1.7239684896008443
Grahams 20-Yr Tawny Port,3599.28,49.99,0.8618980377552377
Grahams 2000 Vintage Port,9134.84,80.39860215053763,1.3861851856733827
Grahams 2011 Vintage Port,459.96,114.99,1.9825896251545259
Grahams 30-Yr Tawny Port,1349.85,89.99,1.551554399231723
Grahams 40-Yr Tawny Port,1679.88,139.99,2.41362485107733
Grahams Six Grapes,41379.869999999995,20.572128777923783,0.3546924870202153
Gramercy Clrs Grenache,4399.12,49.99,0.8618980377552377
Grammercy Cellars Cab Svgn,799.84,49.99,0.8618980377552377
Gramona Gessami Penedes,4341.28,16.427037037037035,0.28322526482006066
Gramona Grand Cve Cava Spklg,2296.7799999999997,18.99,0.3274143576109614
Gramona Imperial Cava Gr Rsv,782.73,28.99,0.4998284479800827
Gramona Lustros Gr Rsva Cava,902.7900000000001,42.99,0.7412081744968526
Gran Centenario Anejo,29333.24,43.378030888030885,0.7478983737563494
Gran Centenario Rosangel,21154.77,15.989999999999998,0.275690130500225
Gran Gala Liqueur,476.19,0.99,0.01706899494654301
Gran Moraine Y-C Chard OR,36.99,36.99,0.6377597202753799
Gran Moraine Y-C Pnt Nr Oreg,113.97,37.99,0.6550011293122919
Gran Pasas Monastrell,7650.04,15.575034013605444,0.26853553219239074
Gran Passione Gavi,5797.83,13.934444444444445,0.24024945636879452
Gran Passione Rosso IGT,1918.72,14.99,0.2584487214633129
Gran Patron Piedra,4399.89,399.99,6.8963912006744845
Gran Patron Platinum Tequil,25898.710000000003,200.75190476190477,3.4612457049392287
GranGala Triple Orange,284686.23,20.909911286347953,0.36051633341347056
Grand MacNish,95864.2,15.324126984126984,0.26420954146691605
Grand MacNish 12 Yr Old,43034.43,21.99,0.3791385847216978
Grand Macnish Black Edition,4798.11,25.421034482758618,0.43829445365868935
Grand Marnier,1715609.42,22.96828360205248,0.3960055724587884
Grand Marnier Cuvee 1880,18199.48,349.99,6.034320748828877
Grand Marnier Cuvee du Cent,43347.11,149.99,2.586038941446451
Grand Marnier Flask,2437.7099999999996,9.79,0.16879339447136976
Grand Marnier Quintessence,4799.9400000000005,799.9900000000001,13.79295481543934
Grand Marnier Rasp-Peach,2855.65,1.99,0.03431040398345515
Grand Mayan Barrel Aged Tequ,11199.2,139.99,2.41362485107733
Grand Mayan Silver Agave,22717.16,79.99,1.3791403088626015
Grand Mayan Ultra Aged Teq,30996.899999999998,99.99,1.7239684896008443
Grand Sigognac Medoc Bordx,367.77,15.99,0.275690130500225
Grande Absente Absinthe,47355.16,53.56033248081842,0.9234556004548011
Grandial Brut Blanc de Blanc,1208.79,9.99,0.17224167627875223
Granite Lightning Whiskey,9264.689999999999,27.99,0.4825870389431706
Granny's Gingerbread Cream,14627.8,11.99,0.20672449435257648
Grant's Ale Cask Finish,9515.24,19.99,0.3446557666478735
Grape & Vine Merlot,101.99,3.2900000000000005,0.05672423573144093
Grape & Vine Pnt Grigio,39.48,3.29,0.05672423573144092
Grape Time Super Tuscan,7325.07,13.490000000000002,0.23258660790794472
Grape Time Wh Cranbery Pnt G,7625.13,12.99,0.22396590338948863
Grape Time Winery Amarone,5126.2,13.49,0.23258660790794466
Grape Time Winery Rsl Granny,15432.12,12.989999999999998,0.22396590338948857
Grappa di Sassicaia,99.98,49.99,0.8618980377552377
Grateful Red Redhawk Pnt Nr,3989.7499999999995,17.752430939226517,0.3060769232227386
Gratien & Meyer Cremant Brut,1399.1,15.540724637681159,0.26794399020827897
Grattamacco Bolgheri Rosso,299.96999999999997,99.99,1.7239684896008443
Gravel Bar Cab Svgn Columbia,37.98,18.99,0.3274143576109614
Gravelly Ford Chard,95.88,7.99,0.13775885820492795
Grayson Cellars Cab Svgn Pas,28198.59,10.293317535545023,0.1774712979771521
Grayson Cellars Chard N Cst,16439.89,10.255129682997119,0.1768128855911324
Grayson Cellars Merlot Paso,671.4,11.49,0.19810378983412041
Grayson Cellars Pnt Nr Cntrl,16481.84,12.826734693877551,0.2211509794650948
Grayson Cellars Znfdl Cntl C,6339.8,10.242873563218392,0.17660157281682196
Great King St Artists Blend,1750.5300000000002,37.290000000000006,0.6429321429864535
Great King St Glasgow Blend,1562.5800000000002,37.215,0.6416390373086851
Great Western Brut,44365.59,9.99,0.17224167627875223
Great Western X Dry,42907.05,9.99,0.17224167627875223
Green Chartreuse Liqueur,94931.01000000001,49.99,0.8618980377552377
Green Lip Svgn Bl,143.88,11.99,0.20672449435257648
Green Spot Irish Whiskey,29503.690000000002,55.747894736842106,0.9611722561046159
Greenore Irish Whiskey,14431.94,47.32201581027668,0.8158982310362032
Greg Norman Eden Vly Chard,18182.71,11.585598349381018,0.1997520400790522
Greg Norman Limestone Shiraz,65359.35,11.895106970324363,0.205088404813187
Greg Norman Lmstn Cab/Merlot,101868.63,11.684265734265734,0.201453204820452
Greg Norman Pnt Nr Cal Est,2937.1,15.267310924369747,0.26322995254077586
Greg Norman Svgn Blanc Marlb,4034.6099999999997,8.79,0.15155198543445764
Grenache/Shirz Stump Jump,131.89,11.99,0.20672449435257648
Grey Goose Cherry Noir,11.879999999999999,0.99,0.01706899494654301
Grey Goose Cherry Noir Vodka,94295.54,24.629312977099236,0.424644059336296
Grey Goose Glass Pack,136831.1,51.13346712211785,0.8816130221279321
Grey Goose L'Orange Vodka,191875.91999999998,17.89471235320351,0.30853005527946614
Grey Goose La Poire Vodka,126661.34999999999,25.832162329615862,0.44538287703282015
Grey Goose Le Citron Vodka,196332.65,25.411052631578947,0.4381223524795551
Grey Goose Le Melon,54432.799999999996,24.57220064724919,0.42365936229630036
Grey Goose VX,599.92,74.99,1.2929332636780408
Grey Goose Vodka,7209608.06,27.084096945069298,0.4669679938253221
Greystone Cellars Cab Svgn,5986.4,10.634171779141106,0.18334810541295943
Grgich Hills Cab Svgn Napa,36684.4,65.72626373626373,1.1332133975448877
Grgich Hills Chard Napa,56005.94,43.027735849056604,0.7418587937057927
Grgich Hills Fume Bl Napa,15336.82,29.581331269349842,0.5100238322712599
Grgich Hills Merlot Napa,7953.150000000001,42.99,0.7412081744968526
Grgich Hills Znfdl,10776.92,34.99,0.6032769022015555
Grieve Estate Merlot,76.99,76.99,1.327416081751865
Grind Espresso Shot,42223.22,14.475868102288022,0.2495843631159368
Grooner Gruner Veltliner,351.64,9.74,0.16793132401952418
Groppello CaMaiol Red,63.96,15.99,0.275690130500225
Groth Cab Svgn Napa,104334.73,60.49941619585688,1.0430951811271552
Groth Chard Napa,8673.119999999999,30.081346153846155,0.5186447934194052
Groth Rsv Cab Svgn Napa Vly,17948.25,102.51100840336134,1.76743422666869
Groth Svgn Bl Napa Valley,107613.5,19.68567718737515,0.3394088125561449
Gruet Bl de Bl 25th Annivrsy,588.6899999999999,18.99,0.3274143576109614
Gruet Blanc de Noir,12107.769999999999,16.868345498783455,0.29083404452048117
Gruet Brut New Mexico,54853.84,16.27983688833124,0.28068732684592973
Gruet Rose Brut,24618.51,16.99,0.29293153953713713
Gruet Sauvage Bl de Bl,6013.66,18.007021276595744,0.3104664193661669
Guasti Clemente Barolo Rsva,15046.99,49.99,0.8618980377552377
Guenoc Cal Chard,1170.72,4.128461538461539,0.07118049407777495
Guenoc Est Guenoc Vly Chard,71.39,6.49,0.11189674464955975
Guenoc Petite Sirah N Cst,8288.7,15.693389830508474,0.27057615324351375
Guidobono Barbera D'Alba,503.64,13.99,0.24120731242640073
Guigal Chtnf du Pape,16391.81,51.460588235294125,0.8872530510448143
Guigal Cote Rotie Br et Blnd,4224.349999999999,64.99,1.1205191733089195
Guigal Cotes du Rhone Red,91025.9,14.74306314797361,0.25419118219123843
Guigal Cotes du Rhone Rose,28406.05,14.99,0.2584487214633129
Guigal Ermitage ExVoto Rge06,459.98,229.99,3.9653516643994218
Guigal Gigondas,6207.929999999999,29.99,0.5170698570169948
Guillaume Vrignaud Chablis,1714.35,26.441612903225806,0.4558906636602099
Guillaume Vrignaud Chablis 1,455.88,37.99,0.6550011293122919
Guillermo Mndza Kosher Malbc,863.34,13.152162162162162,0.2267618075576365
Gum Drop Pink Moscato,643.08,6.99,0.12051744916801582
Gundlach Bundschu 07 Vintage,455.92,56.99,0.9825879010136225
Gunsight Rock Cab Svgn,12597.09,15.833010752688173,0.27298341467292486
Guntrum Dry Trocken Rheinhsn,601.57,13.99,0.24120731242640073
Guntrum Rheinhessen,884.1899999999999,10.74,0.1851727330564363
H Brunier Telegramme Pape,7063.43,44.99,0.775690992570677
H by Hine Cognac,16638.52,41.49042194092827,0.7153533357976182
H3 Horse Heaven Hills Cab Sv,98325.35,12.479431486880465,0.2151629828134267
H3 Horse Heaven Hills Chard,179.88,14.99,0.2584487214633129
H3 Horse Heaven Hills Merlot,23487.98,12.401764705882353,0.21382389807365793
H3 Horse Heaven Hills Red Co,26609.49,12.372022471910112,0.213311100052071
Hacienda Haro Lopez Cri Rsva,179.88,14.99,0.2584487214633129
Hacienda Monasterio Crianza,4749.05,49.99,0.8618980377552377
Hacienda Zargon Merlot,19.98,9.99,0.17224167627875223
Hahn Cab Svgn Santa Lucia,24429.33,12.445268389662028,0.21457396288031577
Hahn Chard Monterey,17464.79,12.276419753086419,0.21166277447179077
Hahn Meritage Central Coast,7684.339999999999,16.49,0.28431083501868104
Hahn Merlot Central Coast,15150.86,12.490697350069734,0.21535722216882675
Hahn Pnt Nr Monterey,431.64,11.99,0.20672449435257648
Hahn SLH Pinot Noir,2217.12,25.16391304347826,0.4338613177518972
Haig Club Scotch,9918.36,59.989999999999995,1.0343121281243588
Hakushu 12 Yr Japanese Whsky,19545.8,88.965,1.533881954968888
Hall Cab Svgn Napa,25115.07,51.03790419161677,0.8799653825543969
Hall Svgn Bl Napa,10441.109999999999,21.37815789473684,0.36858956471885024
Hallowed Ground Proprtry Red,50800.23,15.99,0.275690130500225
Halo Cab Svgn,1119.93,159.99,2.758453031815572
Hamilton Russell Chard,1133.46,20.990000000000002,0.36189717568478574
Hamilton Russell Pnt Nr,755.73,27.990000000000002,0.4825870389431707
Hammer & Sickle Vodka,146611.65,22.708569286785178,0.3915277317165232
Hancock Rsv Bourbon,849.83,49.99,0.8618980377552377
HandCraft Artisan Coll Cab S,26039.760000000002,9.821538461538461,0.1693371619871493
HandCraft Artisan Coll Chard,21059.92,9.913155737704917,0.17091677292038293
HandCraft Artisan Coll Malbe,22.47,7.489999999999999,0.12913815368647186
HandCraft Artisan Coll Pet S,457.41,5.79,0.09982775832372126
HandCraft Artisan Coll Pnt N,25351.34,9.926581593194122,0.1711482535865428
Handcraft Pnt Grigio,20047.04,10.070505130228888,0.17362969815859836
Handsome Devil Cab Svgn,373.66,10.99,0.18948308531566435
Hangar One Blueberry Vodka,167.94,27.99,0.4825870389431706
Hangar One Citron,27.99,27.99,0.4825870389431706
Hangar One Kaffir Lime Vodk,167.94,27.99,0.4825870389431706
Hangar One Mandarin Blossom,391.86,27.99,0.4825870389431706
Hangar One Vodka,1511.46,27.99,0.4825870389431706
Hangtime Pnt Nr Cal,560.67,16.99,0.29293153953713713
Haras Estate Svgn Blanc,143.88,11.99,0.20672449435257648
Harbor Town Svgn Bl,17888.65,9.559686411149826,0.16482246367924475
Hard Rock Vodka,98464.2,12.99,0.22396590338948863
Hardy Noces d'Argent,179.99,179.99,3.103281212553815
Hardy V.S. Cognac,239.92,29.99,0.5170698570169948
Hardys Cab Svgn Ausl,19711.97,15.153674762407602,0.26127070499100175
Hardys Chard Ausl,29349.59,15.31722731057452,0.26409058137297686
Hardys Nottage Hill Chard,22759.44,6.99,0.12051744916801582
Hardys Shiraz Ausl,25643.13,15.257605633802816,0.26306261965628935
Hardys Whiskers Blake Tawny,335.76,13.99,0.24120731242640073
Harken Chard,16233.81,13.363881932021467,0.23041215471098173
Harlaftis Chard,203.88,16.99,0.29293153953713713
Harmon Buffalo Trace Barrel,3898.44,24.99,0.4308628118324342
Harrison Clarke Syrah,1799.55,39.99,0.6894839473861163
Hartford Court Chard RRV,998.61,25.275714285714283,0.43578892870012337
Hartford Court Pnt Nr RRV,2958.11,33.26397260273973,0.5735177578364743
Hartford OV Znfdl RRV,3294.97,31.99,0.5515526750908192
Harthill Farms Cab Svgn,595.03,3.79,0.06534494024989698
Harthill Farms Chard,45.48,3.79,0.06534494024989698
Hartley & Gibson Amontillad,16722.11,13.005053763440861,0.2242254514825174
Hartley & Gibson Fino Dry S,83.94,13.99,0.24120731242640073
Hartley & Gisbon Pedro Zimen,505.73999999999995,19.468260869565217,0.3356602488894846
Hartley Brandy VS,81203.25,7.180311937612477,0.12379869512899984
Harveys Bristol Cream Sherry,161050.58,17.768628291488056,0.3063561883983948
Harwood Canadian,728.46,13.49,0.23258660790794466
Hatfield & McCoy Whiskey,1195.61,30.656666666666663,0.5285641297082696
Hatzimichalis Kapnias Red,373.83,21.99,0.3791385847216978
Haunting Whisper DeChaunac,3968.69,11.99,0.20672449435257648
Haunting Whisper Vyds Vignol,3357.2,11.99,0.20672449435257648
Haut-Bailly Pessc Leognan 06,5932.83,348.99000000000007,6.017079339791966
Haut-Carles Fronsac 10,662.87,50.99,0.8791394467921497
Hauts de Smith Rouge P-Le 12,3868.71,29.99,0.5170698570169948
Hauts de Smith Rouge Pessac,5794.39,35.99,0.6205183112384678
Havana Club Anejo Blanco Rum,6865.58,2.615778331257783,0.045099704159106885
Havana Club Anejo Clsco Gold,15120.51,4.173544303797468,0.07195778447544682
Havens Cab Svgn 11,3795.89,17.99,0.31017294857404926
Havens Meritage 2011,31.98,15.99,0.275690130500225
Havens Merlot Napa 13,39440.27,19.99,0.3446557666478735
Hawk Crest Cab Svgn,14503.35,13.63864864864865,0.23514952006208029
Hawk Crest Chard,265.78000000000003,12.19,0.21017277615995889
Hawk Crest Merlot,444.69,5.49,0.0946553356126476
Hay Maker Svgn Bl,22602.06,9.851111111111111,0.16984703613473665
Hayes Ranch Red Blend,269.7,8.99,0.1550002672418401
Hayes Valley Cab Svgn CC,13356.630000000001,9.99,0.17224167627875223
Hayes Valley Chard Monterey,979.02,9.99,0.17224167627875223
Hayes Valley Meritage Red CC,119.88,9.99,0.17224167627875223
Hayman's Old Tom Gin,529.76,22.095263157894735,0.380953469883478
Hayman's Sloe Gin,53.98,26.99,0.4653456299062585
Haywood Chamizal Znfdl 09,66118.65,15.99,0.275690130500225
Hazana Vinas Viejas Rioja,6026.9800000000005,12.009933554817277,0.20706817692474083
Hazlitt Red Cat Finger Lakes,20740.75,8.567051926298157,0.14770804650177255
Hazlitt Vyds Red Cat Finger,65.88,5.49,0.0946553356126476
Hazlitt White Cat Fngr Lakes,935.9300000000001,8.59377358490566,0.14816876554796923
Head to Head Red Toscana,409.59,9.99,0.17224167627875223
Heartland Spice Trader Sh/CS,9950.78,16.03785894206549,0.27651528609645
Heavyweight Cab Svgn,7216.58,10.133490304709142,0.1747156513150737
Hecht & Bannier Bandol 11 Re,890.67,26.99,0.4653456299062585
Hecht & Bannier Cotes du Rou,3190.3199999999997,18.99,0.3274143576109614
Hecht & Bannier Langudc Rose,134.91,14.99,0.2584487214633129
Hedges Family Estate Red Mtn,26.99,26.99,0.4653456299062585
Hedges Red Columbia Vly,18676.73,14.09742496050553,0.2430594701112507
Hedonism Scotch,799.92,99.99,1.7239684896008443
Heidsieck Brut Little Blue,599.4,9.99,0.17224167627875223
Heidsieck Brut Monopole Epe,126761.01999999999,29.191511335012592,0.5033027873326091
Heidsieck Monopole Gold Top,8268.26,47.6071875,0.8208149927844703
Heidsieck Monopole Rose Top,6334.530000000001,42.93545454545455,0.7402677340039301
Heinrich Vollmer Riesling,863.28,11.99,0.20672449435257648
Heitz Cab Svgn Napa,66262.76,54.27472222222222,0.9357726861981179
Heitz Martha's Vyd Cab Svgn,674.97,224.99,3.879144619214861
Heitz Znfdl Ink Grade Vyd,15260.82,29.499859154929574,0.5086191382214379
Hell-Cat Maggie Irish Whisky,26452.789999999997,18.696445993031357,0.32235307290239046
Hendrick's Gin,1158482.59,40.892949200987395,0.7050520638998928
Hendry Block 7 Znfdl Napa,1405.6200000000001,36.99,0.6377597202753799
Hendry Block 8 Cab Svgn Napa,7408.7,56.99,0.9825879010136225
Hendry Chard Napa Unoaked,3738.2999999999997,21.99,0.3791385847216978
Hendry Pnt Nr Napa,2056.42,35.502195121951225,0.6121078678058277
Hendry Ranch Barrel Chard,1977.37,31.859565217391303,0.5493037956512219
Henkell Blanc de Blanc,111.93,15.99,0.275690130500225
Henkell Brut,9085.74,14.45583850931677,0.24923902471067658
Hennessey 250 Collectors Edi,1199.98,599.99,10.34467300805691
Hennessey Master Blenders #1,15038.119999999999,79.99,1.3791403088626015
Hennessey VS +VSOP 50mL,113223.97,31.388360655737706,0.5411795650636934
Hennessy Black Cognac,107263.75,36.79712328767123,0.6344342539844247
Hennessy Paradis,14399.82,799.99,13.792954815439337
Hennessy Paradis Imperial,8099.969999999999,2699.99,46.55163198557239
Hennessy Privilege VSOP,956519.65,39.34427306775621,0.6783507052211506
Hennessy Privilege VSOP VAP,23284.05,47.13285714285715,0.8126368690783459
Hennessy Richard Cognac,18787.96,4696.99,80.98272583228592
Hennessy VS Chain VAP,191.94,31.99,0.5515526750908192
Hennessy VS Cognac,599256.53,28.000334277620393,0.4827652164507248
Hennessy VSOP Cognac,25196.4,69.99,1.2067262184934802
Hennessy VSOP Cognac + 50mL,91706.55,49.32260869565218,0.8503912712892985
Hennessy VSOP Privilege VAP,50185.32,46.99,0.8101738106445011
Hennessy XO Cognac,218786.88,168.48382716049383,2.90489858017848
Hennessy XO Cognac/Glass Pak,42697.37,163.53609929078013,2.8195927801734166
Henri Bourgeois Svgn Blanc,14.99,14.99,0.2584487214633129
Henry DuYore's Strgt Bourbon,1848.5700000000002,42.99,0.7412081744968526
Henry Fessy 09 Pouily-Fuisse,417.62,10.99,0.18948308531566435
Henry Fessy Bjls Vlgs Crus d,548.39,8.99,0.1550002672418401
Herencia Altes Garnacha Negr,1443.3,8.49,0.146379562723384
Herencia del Padri Priorat,797.5799999999999,18.99,0.3274143576109614
Heritance Cab Svgn,1429.4499999999998,25.99,0.4481042208693463
Heritance Svgn Bl,28426.38,8.99,0.1550002672418401
Hermann J Wiemer Dry Rsl,13833.269999999999,17.88748953974895,0.30840552379829883
Hermann J Wiemer Semi Dry Rs,9760.21,16.86468671679198,0.29077096196358926
Hermanos Malbec-Tannat,167.88,13.99,0.24120731242640073
Heron Chard Cal,367.15,10.49,0.1808623807972083
Heron Pnt Nr Cal,12077.49,14.213048327137546,0.24505297986957816
Herradura Anejo LaCaretta DB,389.94,64.99,1.1205191733089195
Herradura Anejo Tequila,76814.79000000001,47.46341211225997,0.8183361025150039
Herradura Reposado #14 BtB,4115.16,48.99,0.8446566287183254
Herradura Reposado #9 Careta,45.99,45.99,0.792932401607589
Herradura Reposado Barrel 11,551.88,45.99,0.792932401607589
Herradura Reposado Lot 598,2529.45,45.99,0.792932401607589
Herradura Reposado Lot 599,3817.17,45.99,0.792932401607589
Herradura Reposado NHSLC,15958.53,45.99,0.792932401607589
Herradura Reposado Tequila,112249.22,40.43520547945206,0.6971599171628237
Herradura Seleccion Suprema,4499.85,299.99,5.172250296983271
Herradura Silver Tequila,164397.84,29.07993973110802,0.501379135672786
Herzog Kosher Cab Svgn,6311.35,13.627873754152823,0.23496374569874817
Herzog Kosher Chard,3983.06,13.541724137931034,0.23347840492709532
Herzog Kosher Chenin Blanc,1122.8600000000001,9.900112359550562,0.17069188670240054
Herzog Kosher Merlot,2471.17,13.692970297029703,0.23608610182137735
Herzog Kosher Wh Znfdl,97.86,6.99,0.12051744916801582
Herzog Kosher Znfdl,409.59000000000003,9.99,0.17224167627875223
Hess Allomi Cab Svgn,88957.37,31.105429917550058,0.5363014404774846
Hess Cab Svgn Shirtail Ranch,1043.28,14.49,0.24982801694485685
Hess Clctn 19 Block Cuvee,15043.78,35.68090909090909,0.6151891484452402
Hess Coll Small Block Malbec,1769.7,58.99,1.0170707190874468
Hess Collection Cab S Mt Vee,16851.19,59.956292134831465,1.0337309570332271
Hess Collection Chard Napa,18604.989999999998,20.692341137123744,0.35676511747647405
Hess Select Cab Svgn,176810.6,16.29017360338304,0.2808655463782358
Hess Select Chard,106340.62,12.453830238726791,0.2147215812221537
Hess Select Pnt Nr,9642.64,17.99,0.31017294857404926
Hess Shirttail Crk Vyd Chard,3834.43,12.49,0.21534519887103257
Hess Treo Winemaker's Blend,16431.53,17.39514469453376,0.2999168049347285
Hey Mambo Sultry Red,129.9,12.99,0.22396590338948863
Hey Mambo Swanky White 08,255.68,7.99,0.13775885820492795
Hi! Prosecco,56199.340000000004,10.464963539134663,0.18043071693459237
Hibiki 12Yr Japanese Whisky,10232.81,85.99,1.4825887630840742
Hibiki Harmony Japan Whiskey,106710.43,68.56355679702048,1.1821323277629872
Hidalgo Gobernador Oloroso S,899.6999999999999,29.99,0.5170698570169948
Hidden Crush Cab Svgn C Cst,1048.95,9.99,0.17224167627875223
Hidden Crush Chard Cntrl Cst,249.75,9.99,0.17224167627875223
Hideyoshi Namacho Honjozo Sa,4437.56,11.269069767441861,0.1942946413259654
Hidlago Morenita Crm Sherry,5572.71,12.99,0.22396590338948863
Hidlago Panesa Fino Sherry,4280.94,13.99,0.24120731242640073
High Note 1100 Meter Red,226.78,10.342941176470589,0.17832687946825063
High Note Malbec Mendoza,59715.35,10.842553626149133,0.18694090207309208
High Valley Svgn Bl 13 Lake,7988.29,13.989999999999998,0.24120731242640073
High Valley Vyd Cab Svgn,13.99,13.99,0.24120731242640073
High Valley Znfdl,55406.43,14.000282776349614,0.24138460197947956
High West American Prairie,64338.68,31.66939887288666,0.546025059920563
High West Bourye Whiskey,4049.4599999999996,74.99,1.2929332636780408
High West Campfire Whiskey,17937.010000000002,59.99,1.034312128124359
High West Double Rye Whiskey,82949.91,31.875669943093637,0.5495814638144831
High West Rendezvous Rye,18941.7,57.35585365853659,0.9888957335881027
High West Vodka 7000',3793.8500000000004,32.99,0.5687940841277314
Higher Ground Pinot Noir,3429.3599999999997,12.99,0.22396590338948863
Highland Park 12 Yr Single,138993.49,50.580485074626864,0.8720788324570709
Highland Park 15 Yr Old,27437.109999999997,94.7708764940239,1.6339834464201473
Highland Park 18 Yr Single,43546.69,131.73460431654678,2.271290197337354
Highland Park Dark Origins,37069.93,73.10889596602972,1.260500379587374
Highland Park Ice Edition,1499.95,299.99,5.172250296983271
Highland Park Odin,3149.91,349.99,6.034320748828877
Hillinger Eveline Pnt Nr,689.64,19.21413793103448,0.33127881136061404
Hillinger Leitheberg Blaufra,259.87,22.189999999999998,0.3825868665290802
Hillinger Secco Sparkling,332.31,17.49,0.30155224405559317
Hine Antique XO Premier Cru,399.98,199.99,3.4481093932920577
Hine Rare VSOP,31924.88,62.31018561484918,1.0743153973515331
Hiram Walker Cherry Brandy,105.47999999999999,8.79,0.15155198543445764
Hiram Walker Coffee Brandy,135315.81999999998,18.275714285714283,0.31509906544173844
Hiram Walker Cr de Cacao Br,1500.4899999999998,8.29,0.14293128091600157
Hiram Walker Cr de Cacao Wh,1251.79,8.29,0.14293128091600157
Hiram Walker Creme de Cassis,1956.4399999999998,8.29,0.14293128091600157
Hiram Walker Mango,629.4,10.49,0.1808623807972083
Hiram Walker Peppermint Schn,52.74,8.79,0.15155198543445764
Hiram Walker Pumpkin Spice,13275.94,8.48367088607595,0.14627043988137825
Hiram Walker Triple Sec,1576.8400000000001,4.99,0.08603463109419154
Hirsch 20 Yr American Whisky,28994.28,52.45575342465754,0.9044111011339251
Hirsch Gruner Veltliner,1443.2399999999998,18.99,0.3274143576109614
Hirsch Kentucky Corn Whisky,1055.94,18.755625,0.3233734023679351
Hirsch Selection Bourbon,52125.73,36.5790052356021,0.6306735914303663
Hob Nob Chard,20716.05,9.896386701662292,0.1706276511108173
Hob Nob Malbec VDP D'Oc,3556.38,9.867952755905511,0.17013740982149128
Hob Nob Pnt Nr VDP D'Oc,63423.85,9.879103554868625,0.17032966530750268
Hob Nob Wicked Red,6362.54,9.880274314214464,0.1703498508482681
Hob Nob Wicked Red Ltd Ed,509.49,9.99,0.17224167627875223
Hobbs Crossbarn Pnt Nr RRV,2735.2400000000002,35.99,0.6205183112384678
Hobo Znfdl Dry Creek,959.52,19.99,0.3446557666478735
Hochstadter's Slow and Low,57674.659999999996,20.33888888888889,0.35067110268964063
Hogue Cab Svgn Columbia,2303.84,10.77787878787879,0.18582581673207693
Hogue Cellars Chard Wash,1161.71,6.49,0.11189674464955975
Hogue Cellars Genesis Merlot,69.96,17.323333333333334,0.2986786758827745
Hogue Cellars Rsl Wash,7521.83,10.505544041450777,0.18113038197394785
Hogue Cellars WA Svgn Bl,1514.53,10.225849056603774,0.17630804633462774
Hogue Clrs Merlot Wash,632.39,10.690000000000001,0.18431066260459072
Hogue Clrs Pnt Gris Columbia,411.64,11.156666666666666,0.19235665348848302
Hogue Genesis Meritage,9212.5,16.721343283582087,0.28829951919886215
Hogue Lt Harvest Clmb Wh Rsl,4711.53,10.498474576271185,0.18100849443311431
Hogwash Rose,944.37,14.99,0.2584487214633129
Home Ranch Sbragia Chard,47958.4,18.027906137184114,0.3108265037902499
Homericon Mastiha,399.8,19.99,0.3446557666478735
Honeymaker Blueberry Mead,14218.88,17.518861154446174,0.3020498510246772
Honeymaker Dry Mead,11211.93,15.838484848484848,0.27307779579766256
Honeymaker Lavender Mead,12384.82,15.149055118110235,0.2611910558140658
Honeymaker Spiced Mead,792.39,12.99,0.22396590338948863
Honig Bartolucci Vyds Cab Sv,14757.65,79.90592920353981,1.3776908098727725
Honig Cab Svgn,1259.6699999999998,44.99,0.775690992570677
Honig Cab Svgn Napa,83399.58,37.28635761589405,0.6428693431522131
Honig Svgn Bl Napa,81443.11,15.45,0.2663797696202925
Honig Svgn Bl Rsv,11716.83,18.99,0.3274143576109614
Honoro Vera Blanco Rueda,43.96,10.99,0.18948308531566435
Honoro Vera Garnacha Calatyd,11493.07,10.544545454545455,0.18180282129013076
Honoro Vera Jumilla Rose,215.76,8.99,0.1550002672418401
Honoro Vera Merlot Jumilla,543.36,8.49,0.146379562723384
Honoro Vera Organic Jumilla,908.4300000000001,8.49,0.146379562723384
Hook or Crook Chardonnay,188.92999999999998,26.99,0.4653456299062585
Hook's Black Spiced Rum,279.85999999999996,19.99,0.3446557666478735
Hoopes Napa Cab Svgn,781.83,45.99,0.792932401607589
Hoopes Oakville Cab Svgn,4139.3099999999995,59.99,1.034312128124359
Hoopla Chardonnay,417.78,18.99,0.3274143576109614
Hophead Vodka,367.84,22.99,0.39637999375860994
Hopler Gruner Veltliner,71124.66,12.500326699211417,0.21552324571613773
Hopler Pinot Noir Austria,2026.8799999999999,18.0925641025641,0.31194129821886074
Hopler Pnt Bl,2099.79,17.32333333333333,0.29867867588277447
Hornitos Anejo Tequila,88961.59999999999,23.18061395049823,0.39966644684729163
Hornitos Black Barrel,113048.34,26.611160409556312,0.4588139015680425
Hornitos Lime Shot Tequila,83757.0,23.260642201834862,0.40104624666309535
Hornitos Plata Tequila,924213.52,23.46533386048146,0.40457541927626534
Hornitos Plata VAP,20719.28,19.287047970479705,0.3325358831735866
Hornitos Platas Silver,11454.0,2.49,0.042931108501911217
Hornitos Reposado Tequila,1157717.98,21.08995601867515,0.3636205582884652
Hornitos Reposado VAP,31846.309999999998,20.984581280788177,0.36180374933039844
Hornitos Spiced Honey Liquer,4731.5599999999995,18.974375,0.3271449605947596
Horseshoes & Handgrenades Re,12184.369999999999,16.030590405904057,0.2763899662913911
Hot Rose Cinnamon Cream,95.92,11.99,0.20672449435257648
Hourglass Blueline Est Cab S,1319.8899999999999,119.99,2.0687966703390868
Hourglass Blueline Est Merlt,935.8699999999999,71.99,1.2412090365673045
Hourglass Estate Svgn Bl,379.90000000000003,37.99,0.6550011293122919
Hourglass HG III Red,431.91,47.99,0.8274152196814133
House Wine Cab Svgn,21749.91,17.99,0.31017294857404926
House Wine Chard,22001.769999999997,17.99,0.31017294857404926
House of Stuart Scotch,119.88,9.99,0.17224167627875223
Howling Moon Pnt Grigio Lodi,459.54,9.99,0.17224167627875223
Howling Moon Pnt Nr N Cst,2798.0,13.99,0.24120731242640073
Hoya de Cadenas Cava,49.47,16.49,0.28431083501868104
Hpnotiq Harmonie,799.5999999999999,19.99,0.3446557666478735
Hpnotiq Liqueur,234326.3,18.60476118435271,0.3207722976134909
Hpnotiq Sparkle,4477.76,19.99,0.3446557666478735
Huber Gruner Veltliner Trais,475.71999999999997,16.99,0.29293153953713713
Huber Hugo Gruner Veltliner,8741.4,13.286675191815856,0.22908100172269016
Huber Hugo Red,461.67,13.99,0.24120731242640073
Hudson Baby Bourbon Whiskey,103979.2,49.99,0.8618980377552377
Hudson Bay Bourbon,3049.32,44.73358974358975,0.7712701184586482
Hudson Four Grain Bourbon,22669.510000000002,41.27964059196617,0.7117191683428105
Hudson Manhattan Rye,48385.26,49.65748768472907,0.8561650569178408
Hudson Maple Cask Rye,12192.29,44.99,0.775690992570677
Hudson Single Malt Whiskey,17270.83,41.36535816618911,0.7131970601016401
Hugel Alsace Pnt Gr Classic,90.94999999999999,18.189999999999998,0.3136212303814317
Hugel Alsace Rsl 10 Grs Laue,535.92,66.99,1.1550019913827436
Hugel Gentil White,16149.82,12.325978835978837,0.21251724289143323
Hugel Les Amours Pnt Bl,4746.22,12.372775119617224,0.21332407675905002
Hugel Riesling,298.85999999999996,21.374615384615385,0.3685284868528288
Hullabaloo Znfdl Napa,215.88,17.99,0.31017294857404926
Humberto Canale Malbec Est,1163.03,11.99,0.20672449435257648
Humble Pie Cab Svgn CC,118.92999999999999,16.99,0.29293153953713713
Hundred Acre Ark Vy Cab Svgn,12374.67,374.99,6.465355974751681
Hunt & Harvest Cab Svgn,28345.1,20.399319899244333,0.35171301845769276
Hussong's Repasado Tequila,19158.66,30.24145067698259,0.5214052209914601
I Lauri Bajo Montepul d'Abru,36756.56,9.321159056698445,0.16070991599465592
I Lauri Spumante Brut Rose,7884.93,12.990000000000002,0.22396590338948866
I Lauri Tavo Pnt Grigio,6754.05,9.665603217158177,0.16664861865551797
I Lauri Trebbiano d'Abruzzo,371.64,10.323333333333332,0.17798881262438956
I Perazzi La Mozza Sangioves,503.71999999999997,17.99,0.31017294857404926
I'm Bananas Over You,149.7,4.99,0.08603463109419154
I'm Wines Chard Sonoma Cnty,134.95,26.99,0.4653456299062585
I'm Wines Rose Napa,421.76,17.906666666666666,0.3087361644876399
I.W. Harper Bourbon,20591.45,31.42126177024482,0.5417468266366808
Ice 101 Peppermint Schnapps,162437.53,12.67199481865285,0.21848304598202495
Ice Box Manhattan,80009.4,10.807279626386457,0.18633272861481584
Ice Box Mudslide,105638.94,10.711070234113713,0.18467394312944874
Ice Fox Vodka,6569.400000000001,12.49,0.21534519887103257
Ice Pik Vodka,109761.19,13.578868469414546,0.23411882553960517
If You See Kay Red Blend,17293.059999999998,19.339532710280373,0.33344079404068583
Il Bastardo Sangiovese Tosc,113491.2,7.465726604918557,0.12871964615315815
Il Borro Toscana,89.98,44.99,0.775690992570677
Il Cavaliere Pnt Grigio,1091.09,11.99,0.20672449435257648
Il Colle Prosecco Brut,203.88,16.99,0.29293153953713713
Il Donato Pnt Grigio Daunia,609.39,9.99,0.17224167627875223
Il Donato Vino Rosso Puglia,227.76,9.49,0.16362097176029614
Il Fauno Di Arcanum Toscana,458.83,26.99,0.4653456299062585
Il Molino di Grace Chianti C,3181.26,42.99,0.7412081744968526
Il Poggio Sangiovese Rubico,167.88,13.99,0.24120731242640073
Il Poggione Brunlo d Montlcn,14398.199999999999,79.99,1.3791403088626015
Il Poggione Monalcino Rsv 07,2552.77,110.99,1.9136239890068776
Il Poggione Rosso Franceschi,146.97,48.99,0.8446566287183254
Il Poggione Rosso Montalcino,6783.389999999999,25.99,0.4481042208693463
Il Poggione di Montalcino,715.96,178.99,3.0860398035169028
Il Tramonto Amaretto,6683.969999999999,16.625820895522388,0.2866525786341423
Il Tramonto Limoncello,132009.93,17.02898754847928,0.29360373980781485
Ilauri Bajo Montplc d'Abruzo,539.7,17.99,0.31017294857404926
Ilauri Le Pinciaie 10 Red,19842.03,14.181349934469202,0.24450645491577055
Ilauri Prosecco Extra Dry,135.9,13.74,0.2368969601671727
Immersion Red,94.95,18.99,0.3274143576109614
Imperia Russian Vodka,3952.6099999999997,28.138148148148147,0.48514132176345387
Imperial Blended Whiskey,224.82,12.49,0.21534519887103257
In the Saddle Cab Svgn,71.92,8.99,0.1550002672418401
Infamous Goose Svgn Bl,24404.22,12.996718924972004,0.22408174712321927
Inglenook 1882 Cab Svgn,2608.5,51.40935483870968,0.8863697150979516
Inglenook Cask Cab Svgn,5989.219999999999,76.52061224489796,1.319323175469233
Inglenook Rubicon 09,9132.470000000001,172.49000000000004,2.9739706447769745
Inkblot Cab Franc,6481.150000000001,35.27099173553719,0.6081215956499441
Inman Family Endless Crush,1259.55,27.989999999999995,0.4825870389431705
Inman Family OGV Est Pnt Nr,1268.73,46.99,0.8101738106445011
Inman Family Pnt Nr RRV Sono,335.88,27.99,0.4825870389431706
Inniskillin Icewn Ngra Vidal,35543.64,55.99441501103753,0.9654226129879109
Innocenti Vignalsole Rosso,5896.74,26.104285714285712,0.450074667616422
Insomnia Cab Svgn,22593.56,8.822191780821917,0.15210701709523494
Insomnia Pnt Grigio,233.74,8.99,0.1550002672418401
Insomnia Red,485.46,8.99,0.1550002672418401
Inspired Red Blend CA,36152.53,6.158163672654691,0.1061754187964926
Insurrection Cab/Shiraz,24996.34,11.039065420560748,0.1903290423011203
Integre Citrus Vodka,1976.04,4.99,0.08603463109419154
Integre Raspberry Vodka,2789.41,4.99,0.08603463109419154
Integre Vodka,2575.7,5.99,0.10327604013110368
Intorcia Marsala Dry,21078.42,11.99,0.20672449435257648
Intorcia Marsala Sweet,11246.62,11.990000000000002,0.2067244943525765
Intrinsic Cab Svgn,2838.58,19.99,0.3446557666478735
Inver House Green Plaid 3-Y,110007.78,15.302256809338521,0.2638324688376794
Iris Vineyard Pnt Nr,6936.53,19.99,0.3446557666478735
Irish Manor Irish Cream,110493.67,12.276398763523957,0.2116624125821589
Irish Mist Honey Liqueur,98995.43,25.656314677930304,0.442351015741929
Irishman Cream Liqueur,129.9,12.99,0.22396590338948863
Irishman Founders RSV Whisky,60188.28,21.723992264718518,0.3745522365507271
Iron Horse Est Brut Rose,1722.39,33.99,0.5860354931646434
Iron Horse Est Chard,2968.94,28.225294117647056,0.4866438410695028
Iron Horse Est Pnt Nr,99.94999999999999,19.99,0.3446557666478735
Iron Horse Ocean Rsv Nationa,779.7099999999999,26.656666666666663,0.45959849356062105
Iron Horse Wedding Cuvee,350.91,38.99,0.6722425383492041
Ironside Cab Svgn,608.57,14.832105263157894,0.25572639372064254
Ironside Red Blend,344.77,14.99,0.2584487214633129
Irony Cab Svgn,40312.67,13.296936771025168,0.22925792580720258
Irony Chard Napa,594.3,8.49,0.146379562723384
Irony Pnt Nr Monterey,34276.12,13.264228284278536,0.22869398540822544
Is Argiolas Vermentino di Sa,43.98,21.99,0.3791385847216978
Islay Mist 8 Yr Old Scotch,213.87,16.99,0.29293153953713713
It's a Headsnapper Prosecco,111.86,7.989999999999999,0.13775885820492795
Italo Pietrantonj Montepl,293.79,14.061428571428573,0.24243884164332308
Itami Onigoroshi Junmal Shu,3140.07,7.99,0.13775885820492795
J & B Rare,345788.38,28.903920922570016,0.49834432339659235
J & B Scotch,149.94,24.99,0.4308628118324342
J Bouchon Canto Norte,2857.8,12.990000000000002,0.22396590338948866
J Bouchon Canto Sur,3520.29,12.99,0.22396590338948863
J Drouhin CdBeaune Vlgs 14,1679.3999999999999,27.99,0.4825870389431706
J Drouhin Chablis,34061.369999999995,24.99,0.4308628118324342
J Drouhin Hos Bell Morgon,1175.4399999999998,20.99,0.36189717568478563
J Drouhin Hos de Bel Fleurie,1247.52,25.99,0.4481042208693463
J Drouhin Hosp Bell Brouilly,919.5999999999999,22.99,0.39637999375860994
J Drouhin Pouilly Vinzelles,459.77,19.99,0.3446557666478735
J Drouhin Vosne Romanee 13,4664.51,95.10764705882353,1.6397898454794497
J J Vincent Pouilly Fuisse,16666.09,24.1597247706422,0.4165476969898604
J Lassalle Brut Preference,699.86,49.99,0.8618980377552377
J Lohr Arroyo Seco Chard,2607.71,20.355853658536585,0.3509635992223536
J Lohr Carols Vyd Svgn Bl,223.85999999999999,15.99,0.275690130500225
J Lohr Cuvee Red St E,119.97,39.99,0.6894839473861163
J Lohr Cypress Brl Frm Chard,494.45,8.99,0.1550002672418401
J Lohr Cypress Cab Svgn,2750.94,8.99,0.1550002672418401
J Lohr Cypress Merlot,638.29,8.99,0.1550002672418401
J Lohr Est Bay Mist Rsl,1648.35,9.99,0.17224167627875223
J Lohr Falcon's Perch Pnt Nr,7406.01,13.49,0.23258660790794466
J Lohr Falcons Perch Pnt Nr,75280.13,15.404683340056474,0.2655984465500195
J Lohr Flume Crossing Svgn B,11666.76,12.730037950664137,0.2194837913628151
J Lohr Fogs Ranch Pnt Nr,3406.8399999999997,29.207391304347826,0.5035765803794114
J Lohr Hilltop Cab Svgn,4345.5,29.255306122448978,0.5044026993572226
J Lohr Late Harvest Rsl,241.89,21.99,0.3791385847216978
J Lohr Los Osos Merlot,59884.23,15.058399452804377,0.2596280244070141
J Lohr October Night Chard,4697.65,19.99,0.3446557666478735
J Lohr Osos Rest Cve Merlot,1578.33,13.49,0.23258660790794466
J Lohr Riverstone Chard,644244.44,12.238076989173397,0.21100169119556061
J Lohr S Ridge Ps Rbls Syrah,307.78000000000003,13.99,0.24120731242640073
J Lohr Seven Oaks Cab Svgn,454423.47,17.60766319253977,0.30358092328676034
J Lohr Seven Rst Cv Cab Svgn,8228.9,13.489999999999998,0.23258660790794464
J Lohr Tower Road Petite Sir,834.5899999999999,20.54,0.3541385416181752
J Lohr Valdiguie Monterey,782.13,8.99,0.1550002672418401
J Moreau & Fils Chablis,8964.39,24.835771144278606,0.42820368904564676
J Phelps Insignia 2012,26798.75,215.6762745098039,3.718562868380875
J Roget Brut,23498.77,5.99,0.10327604013110368
J Roget Extra Dry,89706.27,3.40877649909146,0.0587721099362492
J Roget Spumante,50581.69,6.0119736316420305,0.10365489650227036
J Seeds Apple Cider Whiskey,25341.4,2.274040404040404,0.03920766077252554
J Vineyards Brut 20,36575.89,25.933775100401604,0.4471348243773111
J Vineyards Brut Rose,198.94,33.156666666666666,0.5716676523005499
J Vineyards Chard RRV,1151.28,15.989999999999998,0.275690130500225
J Vineyards Pnt Gris,70290.35,13.45427113107391,0.23197059186436372
J Vineyards Pnt Nr RRV,1715.48,32.99,0.5687940841277314
J Vineyards Vin Gris Rose RR,1146.26,15.49,0.26706942598176897
J W Dant Bourbon,482.78999999999996,22.99,0.39637999375860994
J. Ordonez Victoria Moscatel,2413.39,14.99,0.2584487214633129
JCB No 21 Brut,37.98,18.99,0.3274143576109614
JCB No 69 Sparkling Rose,4237.88,19.99,0.3446557666478735
JJ Prum Bernkasteler Bads 11,458.83,26.99,0.4653456299062585
JJ Prum Graacher Him Rsl Aus,5826.76,46.99,0.8101738106445011
JJ Prum Graacher Himel Rsl K,6237.92,29.99,0.5170698570169948
JJ Prum Graacher Himmel 11,359.88,29.99,0.5170698570169948
JJ Vincent Bourgogne Blnc 14,1158.3899999999999,18.99,0.3274143576109614
JM Gobillard Tradition Brut,199.95000000000002,39.99,0.6894839473861163
JP Chenet Chard,19.98,9.99,0.17224167627875223
JP Chenet Merlot/Cab,287.76,11.99,0.20672449435257648
JP Chenet Pnt Noir,7773.2,9.930154440154439,0.17120985450241188
JP Wiser's Rye,27954.859999999997,21.18630010277492,0.36528166605071594
JP Wiser's Rye w/ 2 Glasses,2005.06,21.406666666666663,0.3690810961168323
JP Wiser's Spiced Vanilla,3911.94,18.99,0.3274143576109614
Jaboulet 09 Dom Terre Ferme,431.93999999999994,71.99,1.2412090365673045
Jaboulet Cotes du Rhone Par,78293.92,11.602246256239601,0.20003907345080946
Jaboulet Crozes Herm 10 Thal,1151.76,47.99,0.8274152196814133
Jaboulet Crozes Hermitage L,2462.81,21.249259259259254,0.36636717062028135
Jaboulet Cts Rhone Parl Rose,52482.51,13.192744207178555,0.22746149919531852
Jack Daniel BTB NE Tap House,599.88,49.99,0.8618980377552377
Jack Daniel's Twin Smoke BTB,599.88,49.99,0.8618980377552377
Jack Daniels & Coke,120414.65000000001,37.25339285714286,0.6423009842627809
Jack Daniels 150th Annversry,16198.38,99.99,1.7239684896008443
Jack Daniels 2 Yr Rested Rye,499.90000000000003,49.99,0.8618980377552377
Jack Daniels Barrel Proof,89296.40999999999,65.70428571428572,1.1328344654781426
Jack Daniels Bruins Glass Pk,138180.5,29.442132701421798,0.50762385282426
Jack Daniels Equity VAP,65816.26,24.334778254649496,0.41956586571096666
Jack Daniels Family 4 Pk/50m,48646.33,14.819844699527346,0.2555150043280652
Jack Daniels Holiday Slct 13,239.96,59.99,1.034312128124359
Jack Daniels Honey & Fire Pk,22533.329999999998,25.99,0.4481042208693463
Jack Daniels Honey + Glass,51568.75,23.203454075032344,0.4000602427768383
Jack Daniels Master Dist VAP,27410.86,29.99,0.5170698570169948
Jack Daniels No 7 Black,7964746.76,20.063076091243335,0.3459157014278186
Jack Daniels No 7 Black Trav,53116.11,12.99,0.22396590338948863
Jack Daniels SB-BTB Joe Bell,8298.34,49.99,0.8618980377552377
Jack Daniels Sinatra Century,21599.52,449.99,7.758461652520091
Jack Daniels Sinatra Select,40501.560000000005,165.99,2.861901486037045
Jack Daniels Single Barrel,332251.8,27.691149425287357,0.47743443394363366
Jack Daniels Sngl Barrel Rye,29796.74,47.59680529300567,0.8206359889069753
Jack Daniels Tenn Fire VAP,33514.43,23.001753183153767,0.39658263519684983
Jack Daniels Tennesse Fire,471073.70999999996,23.38506172839506,0.40319141461269864
Jack Daniels Tennessee Fire,471688.89,17.41104565635147,0.30019095992150796
Jack Daniels Tennessee Honey,1790915.11,19.49081049040718,0.3360490361260482
Jack Daniels Winter Jack,124092.17,15.930950920245397,0.27467204116292265
Jack's Blend Hanwood Estate,71.94,11.99,0.20672449435257648
Jackhammer Chard Monterey,8068.42,9.697692307692307,0.16720187979103943
Jackhammer Pnt Nr,6097.0599999999995,10.437507331378297,0.17995733322606242
Jackson Morgan Pepmint Mocha,13741.58,22.015510204081632,0.37957841658488434
Jackson Morgan Salted Carmel,37433.79,24.55678082191781,0.42339350278048427
Jacobs Creek Two Lands Cab S,55.96,13.99,0.24120731242640073
Jacobs Creek Two Lands Pnt G,819.78,10.223333333333333,0.17626467172069835
Jacobs Creek Two Lands Shirz,97.93,13.99,0.24120731242640073
Jacobs Crk Cab Svgn,31019.36,6.965943437914273,0.12010268014107392
Jacobs Crk Cab/Merlot,251.57000000000002,7.125454545454545,0.12285287639210664
Jacobs Crk Chard,41213.020000000004,7.117541478129714,0.12271644396162258
Jacobs Crk Chard Rsv,455.04999999999995,4.79,0.08258634928680912
Jacobs Crk Merlot,25.96,6.323333333333333,0.10902317647674105
Jacobs Crk Moscato,944.65,7.080909090909091,0.12208484998955328
Jacobs Crk Moscato Rose,89.94,14.99,0.2584487214633129
Jacobs Crk Rsl,2777.3,6.954112554112554,0.11989869903418031
Jacobs Crk Shiraz,12391.34,7.035336048879837,0.12129910653087053
Jacobs Crk Shirz Rsv,550.5,10.9275,0.18840549725085734
Jacobs Crk Shrz/Cab Svgn,30202.93,7.059765182186235,0.12172029921062338
Jacobs Crk Sweet Red,41.94,6.99,0.12051744916801582
Jacopo Blondi Santi 10 Sasso,524.85,34.99,0.6032769022015555
Jacques Bonet Brandy,351.56,7.99,0.13775885820492795
Jacquin Ginger Brandy,89136.77,10.065696406943884,0.17354678899349626
Jacquin Peach Brandy,4459.15,10.348490566037736,0.178422558763683
Jacquin Triple Sec,89692.79,8.594871228844738,0.14818769047609978
Jadot 12 Steel Chard,832.51,16.99,0.29293153953713713
Jadot Beaujolais Villages,223331.82,9.481324069218669,0.16347138648891926
Jadot Beaune Bressandes 12,179.96,44.99,0.775690992570677
Jadot Beaune Bressandes 13,1099.75,43.99,0.7584495835337648
Jadot Beaune Clos Ursules 12,42.99,42.99,0.7412081744968526
Jadot Beaune Clos des Ursule,468.92999999999995,66.99,1.1550019913827436
Jadot Beaune Les Cent Vignes,1079.76,44.99,0.775690992570677
Jadot Beaune Les Greves 14,469.90000000000003,46.99,0.8101738106445011
Jadot Bourgogne Le Chapitre,1014.65,28.99,0.4998284479800827
Jadot Bourgogne Pinot Noir,50669.17,18.208253968253967,0.3139359545146451
Jadot Bouzeron 13,1605.27,21.990000000000002,0.3791385847216978
Jadot Bouzeron Blanc 14,417.80999999999995,21.99,0.3791385847216978
Jadot Burgundy Hills Wh 14,38574.9,10.99,0.18948308531566435
Jadot Ch Des Jacques 12,119.96,29.99,0.5170698570169948
Jadot Ch d Jacques Morgon 11,8040.81,12.99,0.22396590338948863
Jadot Ch des Jacques Fleurie,2155.02,21.99,0.3791385847216978
Jadot Ch des Jacques Flr 14,21.99,21.99,0.3791385847216978
Jadot Ch des Jacques La Roch,767.76,31.99,0.5515526750908192
Jadot Chablis Fourchaume 14,279.93,39.99,0.6894839473861163
Jadot Chardonnay,46787.84,15.495540166204988,0.2671649462534416
Jadot Chass Mont Abbaye 14,839.8799999999999,69.99,1.2067262184934802
Jadot Chass Mont Morgeot Rou,489.90000000000003,48.99,0.8446566287183254
Jadot Chorey Beaumonts 14,159.95,31.99,0.5515526750908192
Jadot Clos Vougeot 12,279.98,139.99,2.41362485107733
Jadot Clos Vougeot 13,2939.79,139.99,2.41362485107733
Jadot Corton Greves 12,179.98,89.99,1.551554399231723
Jadot Corton Pougets 12,56.99,56.99,0.9825879010136225
Jadot Cote de Beaune Vill 12,59.98,29.99,0.5170698570169948
Jadot Cote de Beaune Vlgs 13,1979.34,29.99,0.5170698570169948
Jadot Cote de Beaune Vlgs 14,269.90999999999997,29.99,0.5170698570169948
Jadot Cote de Nuits Vaucrain,65.98,32.99,0.5687940841277314
Jadot Echezeaux 13,1799.9,179.99,3.103281212553815
Jadot Fixin 12,209.94,34.99,0.6032769022015555
Jadot Fixin 14,139.96,34.99,0.6032769022015555
Jadot Gevrey Chambertin 13,2995.67,85.56142857142856,1.4751995877825406
Jadot Macon Villages Blanc,120124.34,12.028313191051684,0.20738506775100793
Jadot Marsannay 13,1259.58,29.989999999999995,0.5170698570169948
Jadot Marsannay Blanc 14,209.93,29.99,0.5170698570169948
Jadot Marsannay Clos Roy 12,349.90000000000003,34.99,0.6032769022015555
Jadot Marsannay Clos Roy 13,1583.52,32.99,0.5687940841277314
Jadot Marsannay Clos Roy 14,98.97,32.99,0.5687940841277314
Jadot Mercurey 13,1919.36,29.99,0.5170698570169948
Jadot Mercurey 14,419.85999999999996,29.989999999999995,0.5170698570169948
Jadot Monthelie 13 Sous Roch,1224.65,34.99,0.6032769022015555
Jadot Monthelie Sous Roch 12,104.97,34.99,0.6032769022015555
Jadot Monthelle Les Sous 14,104.97,34.99,0.6032769022015555
Jadot Moulin-a-Vent Jacques,295.84,18.878888888888888,0.3254986454957489
Jadot Nuit St George 13,603.88,50.32333333333333,0.8676451741008749
Jadot Nuits St Georges Les B,99.99,99.99,1.7239684896008443
Jadot Pernand Croix Blanc 12,104.97,34.99,0.6032769022015555
Jadot Pernand Verg Combottes,107.97,35.99,0.6205183112384678
Jadot Pernand Vergelesses 12,104.97,34.99,0.6032769022015555
Jadot Pernand Vergelesses 13,2087.42,35.99,0.6205183112384678
Jadot Pommard 13,158.97,52.99,0.913622264865974
Jadot Pommard 13 Clos Commar,839.86,59.99,1.034312128124359
Jadot Pouilly Fuisse,188476.25999999998,22.001048304213768,0.3793290730538116
Jadot Puligny Montrachet 14,159.98,79.99,1.3791403088626015
Jadot Puligny Montrachet Bl,419.93,59.989999999999995,1.0343121281243588
Jadot Rully 13,1117.57,25.99,0.4481042208693463
Jadot Rully Blanc 14,259.9,25.99,0.4481042208693463
Jadot Saint Aubin 13,797.7900000000001,37.99,0.6550011293122919
Jadot Santenay Clos Rous 12,139.96,34.99,0.6032769022015555
Jadot Santenay Gatsulard 12,34.99,34.99,0.6032769022015555
Jadot Santenay Malte Roug 12,69.98,34.99,0.6032769022015555
Jadot Savigny 13 Clos de Gue,2279.43,39.99,0.6894839473861163
Jadot Savigny Beaune Blan 12,59.98,29.99,0.5170698570169948
Jadot Savigny Bl Clos de Gue,1119.72,39.99,0.6894839473861163
Jadot Savigny Les Beaune 12,489.86,34.99,0.6032769022015555
Jadot Savigny Narbantons 12,104.97,34.99,0.6032769022015555
Jadot Savigny les Beaune 13,2169.38,34.99,0.6032769022015555
Jadot Savigny les Beaune 14,404.89000000000004,36.80818181818182,0.634624918632305
Jadot St Aubin Blanc 14,417.89,37.99,0.6550011293122919
Jadot Volnay Santenots 12,257.94,42.99,0.7412081744968526
Jadot Volnay Santenots 13,519.92,64.99,1.1205191733089195
Jadot Vosne Romanee 12,155.96,38.99,0.6722425383492041
Jadot Vosne Romanee 13,1319.78,59.99,1.034312128124359
Jagermeister Liqueur,2058034.42,12.87747899724444,0.22202588275573648
Jagermeister Spice,71907.51,7.300247747747748,0.12586655748971545
Jailers Tennessee Whiskey,3647.62,26.088360655737702,0.44980009716805897
Jam Cab Svgn,12500.17,18.321343283582088,0.31588577365792164
Jam Cellars Toast,1202.48,23.171818181818182,0.3995147954016849
Jam Jar Sweet Shiraz,16939.61,10.35622807017544,0.17855596423744594
James E Pepper 1776 Rye,35727.28,30.506616314199395,0.5259770502052485
James E Pepper Bourbon,47536.47,34.68781931464175,0.5980668814022395
James L'Escargot Svgn Blanc,3252.83,14.990000000000002,0.25844872146331294
James Mitchell Cab Svgn,11831.42,12.400748560460652,0.2138063782948014
James Oliver American Whisky,30694.149999999998,28.52658536585366,0.4918385267190747
James Oliver Rye Whisky,32318.55,28.420493273542597,0.49000934955995784
Jameson 12 Year Old,114400.93000000001,59.99000000000001,1.034312128124359
Jameson 18 Year Old,86273.08,124.59285132382892,2.148156312749314
Jameson Black Barrel,444452.14999999997,32.18506808980493,0.554915923817195
Jameson Caskmates,316023.68,29.762824427480915,0.5131530300479986
Jameson Gold Rsv,67632.83,94.37333333333333,1.6271292421768544
Jameson Irish Whiskey,5715759.69,23.053929188255612,0.3974822230427227
Jameson Rarest Vintage Rsv,5099.83,299.99,5.172250296983271
Jameson Trilogy Pack,56025.990000000005,39.99,0.6894839473861163
Jameson's Cooper Croze Irish,31619.899999999998,62.08490740740741,1.0704312836299272
Jamieson R Double Lariat Cab,647.88,53.99,0.9308636739028862
Jamieson Ranch Cab Svgn,2274.35,34.99,0.6032769022015555
Januik Cab Franc,263.92,32.99,0.5687940841277314
Januik Cab Svgn Columbia Vly,1099.56,24.99,0.4308628118324342
Januik Merlot Columbia Vly,549.78,24.99,0.4308628118324342
Januik Muscat Canelli Champx,7127.08,7.99,0.13775885820492795
Jargon Pinot Nr CA,458.7,9.44909090909091,0.16291564139060427
Jarhead Chard,2476.22,13.899090909090908,0.23963991160486325
Jarhead Red,3469.52,13.990000000000002,0.24120731242640078
Jarvis Cab Svgn Napa,1169.91,129.99,2.241210760708208
Jarvis Chard Estate Napa,1919.68,59.989999999999995,1.0343121281243588
Jarvis Chard Finch Hollow Un,109.99,109.99,1.8963825799699654
Jarvis Lake William Red Napa,1119.92,139.99,2.41362485107733
Jas Des Vignes 15 Rose,179.88,14.99,0.2584487214633129
Jason Stephens Syrah,13206.56,13.99,0.24120731242640073
Jaume Serra Cristalino Brut,156706.65,8.608610007942811,0.14842456638619742
Jaume Serra Cristalino Rose,8200.19,10.532528735632186,0.18159563612406548
Je T'Aime Cremant de Limoux,1039.35,15.99,0.275690130500225
Jean Dauvissat Chablis St Pi,7617.25,27.654670658682633,0.4768054886074396
Jean Laurent Blanc de Noirs,1982.5700000000002,46.143846153846155,0.7955849260748062
Jean Luc Colombo Ruchets 07,159.98,79.99,1.3791403088626015
Jean Luc Colombo Ruchets 10,1049.85,69.99,1.2067262184934802
Jean Luc Columbo CDR Red,116.91,12.99,0.22396590338948863
Jean Luc Columbo Syrah VDP,38.97,12.99,0.22396590338948863
Jean-Claude Boisset Gev-Chmb,2659.62,69.99,1.2067262184934802
Jean-Marc Morey Beaune Greve,319.94,52.656666666666666,0.9078751285203366
Jean-Paul & Benoit Droin 14,2660.79,21.99,0.3791385847216978
JeanJean Mas de Lunes 12,2286.57,15.99,0.275690130500225
JeanJean Terrasses Larzac 13,1105.21,13.99,0.24120731242640073
Jefferson's Manhattan RTD,5758.53,39.51380952380952,0.6812737526066341
Jefferson's Ocean Aged Cask,30596.94,99.99,1.7239684896008443
Jefferson's Rsv Groth Resrve,15918.009999999998,79.99,1.3791403088626015
Jefferson's Rsv Old Rum Cask,11678.539999999999,79.99,1.3791403088626015
Jefferson's Wood Experiment,12598.74,99.99000000000001,1.7239684896008443
Jeffersons  Ocean Bourbon,64551.92999999999,79.99,1.3791403088626015
Jeffersons Bourbon,447608.24,26.42204278572259,0.45555324725943647
Jeffersons Reserve Bourbon,133278.46,50.2373899228325,0.8661633886064027
Jeio Prosecco Bisol Desidero,347.82,18.275714285714283,0.31509906544173844
Jekel Cab Svgn Monterey,1649.5900000000001,8.460689655172413,0.14587421107919862
Jekel Grvlstone Montry Chard,4361.78,12.763953488372094,0.22006854302114476
Jekel Pnt Nr Monterey,3405.76,8.110805369127517,0.13984171298791062
Jekel Rsl Monterey,4659.01,11.595150214592275,0.19991672769422492
Jelu Malbec Rose San Juan,1992.53,13.56943925233645,0.2339562525510639
Jelu Malbec San Juan,27325.26,13.254550264550264,0.22852712271142303
Jenkins Amaretto,122931.62,8.954690353096469,0.15439147917662735
Jenkins Coffee Brandy,43123.78,12.359587628865981,0.21309670583683732
Jenkins French Brandy,132910.91,17.1709401159047,0.2960512020866364
Jenkins Gin,137664.73,9.944769399206242,0.17146183698948175
Jenkins Melon Liqueur,47449.79,8.000784313725491,0.13794479496905152
Jenkins Rum,240317.98,8.34868581037382,0.14394310697731927
Jenkins Spiced Rum,47901.98,10.807419354838709,0.1863351377302152
Jenkins Vodka,520743.13,7.8377746811924665,0.13513427921759288
Jeremiah Weed Bourbon,554.63,14.99,0.2584487214633129
Jeremiah Weed Cinnamon Whsky,164.85,10.99,0.18948308531566435
Jeremiah Weed Sarsaparilla,179.88,14.99,0.2584487214633129
Jeremiah Weed Sweet Tea Vdka,12027.54,11.645052264808363,0.200777109353781
Jermann Pinot Grigio Venezi,16667.82,26.95178343949044,0.46468672255452925
Jesse James America's Outlaw,47752.06,14.075384615384616,0.24267946350570632
Jesse James Spiced Bourbon,383.76,15.99,0.275690130500225
Jewell Towne Cab Svgn NH,4867.48,19.077677725118484,0.32892604513315515
Jewell Towne Cayuga Wh NH,11478.51,11.49,0.19810378983412041
Jewell Towne Chardonnay,8070.93,14.49,0.24982801694485685
Jewell Towne Marechal Foch,13592.67,11.49,0.19810378983412041
Jewell Towne Rsl NH,14781.48,17.337826086956518,0.29892855137606306
Jewell Towne Seyval NH,7940.93,10.49,0.1808623807972083
Jewell Towne Vyds So Hampton,24498.82,14.260663033605812,0.24587392449997003
Jim Beam,3387951.46,12.977798808425922,0.2237555376548222
Jim Beam Apple,341462.06,12.472100869974136,0.21503659264885175
Jim Beam Black,380076.15,21.78774368963558,0.3756514009444082
Jim Beam Black VAP,74.97,24.99,0.4308628118324342
Jim Beam Bonded Bourbon,3076.29,17.99,0.31017294857404926
Jim Beam Candy Cane 4/50mLs,1308.72,3.9899999999999998,0.06879322205727942
Jim Beam Choice,82402.78,30.28315476190476,0.5221242581781135
Jim Beam Devils Cut,100813.28,37.72623445825933,0.6504534397172983
Jim Beam Devils Cut Bourbon,92008.73999999999,11.083815261044176,0.19110059260523168
Jim Beam Distlrs Masterpiece,8999.550000000001,199.99000000000004,3.4481093932920577
Jim Beam Double Oak,5947.62,24.99,0.4308628118324342
Jim Beam Gift Pak,16.49,16.49,0.28431083501868104
Jim Beam Honey,286414.33999999997,11.724596416755103,0.20214856261398909
Jim Beam Jacob's Ghost,24702.28,18.02081664098613,0.3107042708864348
Jim Beam Kentucky Fire,146216.63,8.015834692301091,0.1382042847022338
Jim Beam Maple,195832.65,8.642445292994566,0.14900793437565524
Jim Beam Rye,51773.329999999994,19.445724508050088,0.33527169026239856
Jim Beam Signature Craft,14404.2,37.70803278688525,0.6501396172559823
Jim Beam Signature Craft Ltd,4416.84,38.080909090909095,0.6565685301338294
Jim Beam Single Barrel,44555.38,30.50261187957689,0.5259080081099604
Jim Beam Traveler,550753.77,17.651046468539242,0.30432891209362845
Jim Beam White BBQ Sauce Pak,2052.15,15.186629213483146,0.2618388861615821
Jim Beam w/2 Rocks Glasses,15708.97,22.550515873015872,0.3888026681600464
Jimenez Landi Bajondillo Men,371.76,15.49,0.26706942598176897
Jip Jip Rocks Shiraz/CabSvgn,1019.4,16.99,0.29293153953713713
Joel Gott Alakai Red,11583.72,13.99,0.24120731242640073
Joel Gott Cab Svgn 815,339061.28,13.376526982580096,0.23063017319995543
Joel Gott Chard,54505.04,13.99,0.24120731242640073
Joel Gott Merlot,16844.76,13.002048192771085,0.22417363120921047
Joel Gott Pnt Nr,36618.649999999994,17.99662251655629,0.31028713009085
Joel Gott Rsl Columbia Vly,207.84,12.99,0.22396590338948863
Joel Gott Svgn Bl,91461.57,10.441709658068387,0.180029787259433
Joel Gott Znfdl,33045.57,14.742650176678444,0.254184061984218
John Anthony Cab Svgn Napa,2759.54,59.99,1.034312128124359
John Anthony Svgn Bl,1605.27,21.99,0.3791385847216978
John Barr Red Scotch Whisky,31.98,15.99,0.275690130500225
John Barr Rsv Black Scotch,674.6999999999999,22.507241379310344,0.38805655491320407
John Begg Blue Cap,92272.68999999999,16.99,0.29293153953713713
John Power Irish Whiskey,86015.26,26.276878216123496,0.4530504055373112
John Taylor Velvet Falernum,159.9,15.99,0.275690130500225
Johnnie Walker Black Label,2409134.67,44.340426497730334,0.764491430118506
Johnnie Walker Black Tin,72877.5,37.42878389482334,0.6453249728848385
Johnnie Walker Blue Label,855688.75,231.4220621991855,3.990042434541879
Johnnie Walker Blue Yr Roost,1249.95,249.99,4.3101798451376645
Johnnie Walker Collection 4,92890.70999999999,99.99,1.7239684896008443
Johnnie Walker Double Black,276954.10000000003,40.908301465110505,0.7053167585652821
Johnnie Walker Gold Edition,2634.6899999999996,84.99,1.465347354047162
Johnnie Walker Gold Rsv,172043.81,81.34280553420444,1.4024645824252189
Johnnie Walker Green Label,192003.28,60.62440320962889,1.0452501333559006
Johnnie Walker King George V,4949.89,449.99,7.758461652520091
Johnnie Walker Odyssey,8549.91,949.99,16.37916617097616
Johnnie Walker Platinum,167302.71,96.90527878349023,1.6707835493421581
Johnnie Walker Red Label,2110136.83,20.786659384977312,0.35839129696736227
Johnnie Walker Select Casks,50720.47,43.99,0.7584495835337648
Jolivet Pouilly Fume Pascal,571.74,21.99,0.3791385847216978
Jolivet Sancerre,42593.14,20.420451127819547,0.3520773506130105
Jolivet Svgn Blanc Attitude,148.9,14.847142857142858,0.2559856630294683
Jonathan Edwards Chard,143.92999999999998,20.79,0.35844889387740325
Jonathan Edwards Svgn Bl,149.92999999999998,21.418571428571425,0.3692863509863194
Jonathan Edwards Znfdl Lodi,176.94,29.49,0.5084491524985387
Jordan Cab Svgn Alex Valley,15096.98,49.99,0.8618980377552377
Jordan Chard Sonoma,5978.07,31.017027027027023,0.5347772500819317
Jos Faiveley Chablis AC 12,134.95,26.99,0.4653456299062585
Jos Phelps Chard,24807.91,34.99,0.6032769022015555
Jos Phelps Insignia 11,13139.32,203.0669230769231,3.501159882636403
Jos Phelps Insignia 13,209.99,209.99,3.620523483661179
Jos Phelps Insignia 2010 Red,8447.34,127.98999999999998,2.2067279426343838
Jos Phelps Pnt Nr,58363.32,34.99,0.6032769022015555
Jose Cuervo Cinge,1885.8899999999999,16.99,0.29293153953713713
Jose Cuervo Especial,2585342.94,14.66881695555845,0.2529110732183754
Jose Cuervo Especial Silver,1006963.1599999999,19.804137380191694,0.34145123319508647
Jose Cuervo Gold w/Marg Mix,132660.36,15.895973916701724,0.2740689883379407
Jose Cuervo Golden Margarita,236196.4,18.746719312829036,0.32321985577266577
Jose Cuervo La Familia Rsv,8199.18,99.98999999999998,1.723968489600844
Jose Cuervo Light Margaritas,104528.74,14.68938784433756,0.25326574432606885
Jose Cuervo Lime Margarita,324462.53,13.068790087463556,0.22532435551550187
Jose Cuervo Lite Wh Peach,41268.99,14.744716981132076,0.2542196966052024
Jose Cuervo R Rolling Stones,4199.58,99.99,1.7239684896008443
Jose Cuervo RTD Pink Lemonad,40148.49,13.607456359102244,0.2346117210392129
Jose Cuervo Silver w/Marg Mx,37477.799999999996,16.89067214339059,0.29121898733257456
Jose Cuervo Strawberry Marg,86715.82,14.675228331780056,0.2530216143783016
Jose Cuervo Tradicional,86907.87999999999,19.90588502269289,0.3432055059179911
Jose Cuervo Tradicional Slvr,66976.48999999999,19.456585450748346,0.33545894821798566
Jose Cuervo Tropina,350.82,19.49,0.3360350621294174
Jose Maria de Fonseca Periq,3346.65,9.99,0.17224167627875223
Josef Weinberg Radiance Mosl,359.64,9.99,0.17224167627875223
Joseph Carr Cab Svgn Napa,194304.61,21.61643109540636,0.3726977304341276
Joseph Carr Chard Napa,17680.11,18.012099447513812,0.31055397418812464
Joseph Carr Merlot Napa Vly,10321.189999999999,21.494702194357366,0.37059895265952814
Joseph Drouhin Cote de Beaun,1689.35,25.99,0.4481042208693463
Joseph Drouhin Cote de Nuits,1619.4299999999998,28.545555555555552,0.49216559951923283
Joseph Drouhin Mersault,1735.69,55.99,0.9653464919767103
Joseph Drouhin Nuits St Geo,1829.7299999999998,67.75470588235294,1.1681865982933237
Joseph Drouhin Puligny-Montr,1874.71,64.16647058823528,1.1063203658667564
Joseph Drouhin Santenay Red,599.8,29.99,0.5170698570169948
Joseph Mellot Reuilly Svgn B,15.99,15.99,0.275690130500225
Joseph Mellot Sancerre White,1699.32,24.99,0.4308628118324342
Joseph Phelps Cab Svgn Napa,49708.1,62.97624754420432,1.08579924351946
Joseph Phelps Insignia 08,6239.610000000001,159.99,2.758453031815572
Joseph Phelps Insignia 09,3199.82,182.84714285714287,3.1525423812307065
Josh Cellars Cab Svgn Paso R,1580.07,16.99,0.29293153953713713
Josh Cellars Cab Svgn Sonoma,1095045.04,14.332464905334389,0.2471118899400583
Josh Cellars Chard,312371.37,13.503485595639761,0.2328191185784762
Josh Cellars Craftsman Cab S,3189.7200000000003,13.99,0.24120731242640073
Josh Cellars Craftsman Chard,285.78000000000003,12.990000000000002,0.22396590338948866
Josh Cellars Legacy Red,156988.39,14.480580123632905,0.2496656050033346
Josh Cellars Merlot,89948.31,14.565998731769183,0.2511383421655759
Josh Cellars Pnt Nr,165773.68,16.642730400589823,0.2869441223276216
Josh Cellars Svgn Bl,63200.15,14.072644628099175,0.24263222226416212
Josiah Bartlett Apple Brandy,25087.170000000002,32.0416717325228,0.5524435685668907
Jovino Pnt Nr Williamete Vly,181.87,13.99,0.24120731242640073
Jovly Chinon Cab Franc,51.96,12.99,0.22396590338948863
Juan Gil Dry Wh Muscat Jumil,687.37,10.798510638297873,0.18618153890434078
Juan Gil Jumilla Rd,57635.95,13.75703967446592,0.23719074816449548
Juarez Gold Tequila,11004.13,8.164157303370787,0.14076157550910928
Juarez Silver Tequila,8801.91,8.370952380952382,0.14432701402851353
Juarez Triple Sec,6755.070000000001,3.99,0.06879322205727942
Jubileo Meritage,119.88,9.99,0.17224167627875223
Julia James Pnt Nr,13650.57,10.110934959349594,0.1743267653797609
Julius Treis Trocken Rsl,137.94,22.99,0.39637999375860994
Juniper Estate Cab Svgn,2039.49,39.99,0.6894839473861163
Junipero Gin,23757.38,31.17421052631579,0.5374873150870224
Jura Bl de Bl Brut D'Argent,74.95,14.99,0.2584487214633129
Justin Cab Svgn Paso Robles,204836.72999999998,28.077237026647964,0.4840911282027721
Justin Isosceles Paso Roble,39755.03,79.99,1.3791403088626015
Justin Justification Paso R,7588.35,45.99,0.792932401607589
Justin Obtuse,1054.09,11.434444444444445,0.19714593377651418
Justin Vyds 13 Chard C Cst,227.88,18.99,0.3274143576109614
Justin Vyds 13 Svgn Bl C Cst,41898.12,13.112886133032696,0.22608463347406973
Juve Y Camp Rose Brut Pnt Nr,11329.23,14.63864864864865,0.2523909290989924
Juve y Camps Brut Nature,10202.8,16.4914409221902,0.2843356785475527
Juve y Camps Sweet Rsva Spar,167.88,13.99,0.24120731242640073
Juxtapoz Red North Cst,14328.6,15.191277955271564,0.26191903702026326
K Syrah The Deal,2478.33,36.99,0.6377597202753799
K Vintners Cab Svgn Stonerid,563.88,46.99,0.8101738106445011
K Vintners Merlot Northridge,321.93,45.99,0.792932401607589
K Vintners River Rock Syrah,91.98,45.99,0.792932401607589
K Vintners Syrah The Hidden,2799.6,69.99,1.2067262184934802
K Vintners The Klein,149.98,74.99,1.2929332636780408
K Vntrs Milbrandt Col Syrah,1253.6200000000001,32.99,0.5687940841277314
K Vntrs The Boy Grenache/Syr,551.88,45.99,0.792932401607589
K Vntrs Viognier Columbia,74.97,24.99,0.4308628118324342
K Volk Pnt Nr San Benito,46316.61,18.99,0.3274143576109614
KAH Anejo Tequila,24096.44,67.6740490797546,1.1667959613681163
KAH Blanco Tequila,38147.1,48.343028064992616,0.8335019209514606
KAH Extra Aged Tequila,1249.95,249.99,4.3101798451376645
KAH Reposado Tequila,40413.090000000004,58.46611202635914,1.0080381522443858
KAH Tequila 3/50mLs Pak,5122.95,24.99,0.4308628118324342
KJ 12 Vintners Rsv Cab Svgn,1067.88,88.99,1.5343129901948107
KJ Est 12 Chard Camelot High,4978.34,29.99,0.5170698570169948
KJ Est 12 Pnt Nr Outland Rdg,1749.5,34.99,0.6032769022015555
KJ Est Cab Hawkeye Mtn,299.94,49.99,0.8618980377552377
KJ Est Chard Santa Maria Vly,167.94,27.99,0.4825870389431706
KJ Jackson Est Cab Svgn Alex,449.82,24.99,0.4308628118324342
KJ Jackson Est Pnt Nr Anders,101.94,16.99,0.29293153953713713
Kagemusha Sw Potato Soju,4986.28,28.99,0.4998284479800827
Kahlua,3604858.6599999997,16.902557742875416,0.2914239118149413
Kahlua Chili Chocolate,10622.32,18.694255319148933,0.32231530259791713
Kahlua Cinnamon Spice,2308.8199999999997,19.537169811320755,0.33684833614059256
Kahlua Especial,69691.98,23.225732009925558,0.40044434576482996
Kahlua French Vanilla,54821.259999999995,19.082647683807902,0.32901173422381597
Kahlua Hazelnut,9138.01,15.69278637770898,0.2705657488669632
Kahlua Midnight,40947.54,19.995369127516778,0.3447483379715616
Kahlua Mocha,45680.06,19.080777402221145,0.3289794879339644
Kahlua Original Mudslide RTD,81454.48,16.511883656509696,0.28468814009178806
Kahlua Peppermint Mocha,7055.389999999999,19.63313725490196,0.33850295008960296
Kahlua Pumpkin Spice Liqueur,13835.34,16.951876832844576,0.2922742424184279
Kahlua Salted Caramel,24909.89,19.000090817356206,0.3275883375205165
Kahlua White Russian RTD,67227.28,16.53008701056557,0.2850019915649091
Kahlua w/50mL Absolut+Glass,102296.31999999999,19.082128801431125,0.32900278796051585
Kaiken Malbec Mendoza,1021.27,13.99,0.24120731242640073
Kaikouzu Potato Shochu,699.8,34.99,0.6032769022015555
Kalogeri Papagiannakos Cab S,125.94,20.99,0.36189717568478563
Kamchatka Vodka,3811.32,6.554044943820226,0.1130009697227103
Kamora Coffee,576977.34,14.452671560002011,0.24918442204214167
Kamora Coffee Gift Pack,7627.64,10.38453125,0.17904395093784645
Kamora Coffee Liqueur,1670.48,10.99,0.18948308531566435
Kangarilla McLaren Vl Shiraz,131.94,21.99,0.3791385847216978
Kapali Coffee,215877.19,14.0389417989418,0.2420511380009586
Karner Blue Gin,44205.259999999995,29.99,0.5170698570169948
Kathryn Hall Sacrsh Cab Svgn,1170.92,146.82333333333335,2.531441146162896
Kavalan Classic Single Malt,11698.83,99.99,1.7239684896008443
Kavalan Concertmaster,1259.86,89.99,1.551554399231723
Kavalan Ex-Bourbon Oak Whsky,689.9399999999999,114.99,1.9825896251545259
Kavalan Sherry Oak Whisky,909.9300000000001,129.99,2.241210760708208
Kavalan Soloist Tawain Whsky,5699.85,379.99,6.551563019936242
Kay Brothers Hillside Shiraz,707.88,58.99,1.0170707190874468
Ke Ke Beach,988.14,11.49,0.19810378983412041
Kedem Concord Grape Kosher,1957.8,6.126842105263159,0.10563539084141799
Keller Est 13 Cruz Vyd Chard,1109.7,36.99,0.6377597202753799
Ken Forrester Petit Chenin B,15735.49,12.586153846153847,0.21700302666304333
Ken Forrester Petit Pinotage,461.67,13.99,0.24120731242640073
Ken Volk Pnt Nr Cuvee St Mar,5493.22,30.54944055944056,0.5267154005341484
Ken Wright Canary Hill Pnt N,1924.65,54.989999999999995,0.948105082939798
Ken Wright Cellars Pnt Nr,1319.76,54.99,0.9481050829397982
Ken Wright Clrs Willa Pnt Nr,26215.12,26.483749999999997,0.4566171665813217
Ken Wright Freedom Hill Pnt,1979.64,54.99,0.9481050829397982
Ken Wright McCrone Ore Pnt N,54.99,54.99,0.9481050829397982
Ken Wright Shea Ore Pnt Nr,2089.62,54.99,0.9481050829397982
Kendall Jackson AVANT Svgn B,11530.1,9.731239892183288,0.1677802874174488
Kendall Jackson Avant Chard,248151.38,10.913210142972755,0.18815911998077162
Kendall Jackson Chard Vt RSV,2326007.78,11.163975506358925,0.19248266818320248
Kendall Jackson Gr RSV Cab S,64862.24,23.340515463917527,0.402423374245775
Kendall Jackson Grand Pnt Nr,16914.7,23.061278825995807,0.39760894115327455
Kendall Jackson Grand RSV Me,16614.829999999998,20.362180451127816,0.3510726820413107
Kendall Jackson Grand Rsv Ch,184705.82,16.32476491862568,0.2814619493934589
Kendall Jackson Pnt Gris VR,45805.74,11.473315954118874,0.19781613337469334
Kendall Jackson Pnt Nr Spl S,671.52,13.99,0.24120731242640073
Kendall Jackson Pnt Nr Vtnr,216815.21,14.874359542896128,0.2564549170411695
Kendall Jackson RSV Svgn Bl,314527.77,10.068006381340082,0.1735866162069259
Kendall Jackson Sp Sel Chard,8776.68,11.99,0.20672449435257648
Kendall Jackson Sp Sl Merlot,671.52,13.99,0.24120731242640073
Kendall Jackson Spcl Cab Svg,1161.17,13.99,0.24120731242640073
Kendall Jackson Summation Re,185907.03,10.975806039303404,0.18923836143344047
Kendall Jackson Vntnr Rsv Ch,84546.71,6.131960405601159,0.10572363755111923
Kendall Jackson Vntr RSV Cab,208058.84999999998,17.86046632124352,0.30793960543455284
Kendall Jackson Vntr RSV Zin,31494.9,11.098426035502959,0.19135250294402162
Kendall Jackson Vntrs RSV Me,100693.67,17.666470588235292,0.3045948456503424
Kendall Jackson Vntrs Rsl Rs,48048.46,10.15097060833903,0.175017036380046
Kendall Jackson Vnts RSV Cab,14227.1,10.258163804491414,0.1768651981208832
Kendall Jackson Vt RSV Syrah,20758.61,11.239092451229855,0.19377779015532537
Kennedy's Original Irish,527.67,15.989999999999998,0.275690130500225
Kentia Albarino Rias Baixas,16298.72,14.469896238651103,0.24948139977226
Kenwood Cab Svgn Sonoma,16298.53,15.485606326889279,0.2669936728664925
Kenwood Chard 12,2037.6,8.49,0.146379562723384
Kenwood Chard Sonoma,6302.4,11.23074074074074,0.19363379489862467
Kenwood Cve Brut Yulupa Spa,1393.45,8.989999999999998,0.15500026724184005
Kenwood J London Cab Svgn,19432.84,31.483074792243766,0.5428125702327723
Kenwood J London Znfdl,8419.15,21.846088560885608,0.3766573487348359
Kenwood Merlot Sonoma,3328.63,14.473870967741934,0.24954992970232598
Kenwood Moscato Zacchera,239.6,5.99,0.10327604013110368
Kenwood Pnt Nr RRV,10421.96,14.949119496855346,0.25774388398696113
Kenwood Svgn Bl Sonoma,50342.43,10.834276094276095,0.18679818576025298
Kenwood Yulupa Cab Svgn Cal,1681.1299999999999,8.99,0.1550002672418401
Kenwood Yulupa Chard Cal,1393.4499999999998,8.99,0.1550002672418401
Kenwood Yulupa Cuvee Brut,1477.0600000000002,2.99,0.05155181302036728
Kenwood Yulupa Merlot Cal,988.9,8.99,0.1550002672418401
Kenwood Yulupa Pnt Nr,1177.69,8.99,0.1550002672418401
Keo Othello Cyprus Red,75.91,7.99,0.13775885820492795
Keo St John Commandaria Cyp,719.73,23.99,0.41362140279552206
Kermit Lynch Cotes du Rhone,33224.28,13.454617583988565,0.23197656520077733
Kesseler Rsl R Kabinett,11.99,11.99,0.20672449435257648
Kesselstatt Josephshofer Kab,1522.95,14.411052631578947,0.24846685307352165
Kesselstatt Piesp G Kab Rsl,314.79,14.99,0.2584487214633129
Kesselstatt Piesporter Gold,929.6899999999999,29.989999999999995,0.5170698570169948
Kesselstatt Rsl RK QbA Mosel,8358.32,14.756009852216748,0.2544144016147743
Kesselstatt Schwartzhof GG,263.88,21.99,0.3791385847216978
Kessler Blended Whiskey,25.98,12.99,0.22396590338948863
Ketel One 325 Commemorative,15596.619999999999,28.99,0.4998284479800827
Ketel One Citroen Vodka,173093.05,35.773196979232225,0.6167803216769723
Ketel One Oranje,3587.27,21.21784810126582,0.36582559799699343
Ketel One Vodka,5070083.56,24.097111935683365,0.41546816349137444
Kettmeir Muller Thurgau Alto,3798.1,19.99,0.3446557666478735
Kettmeir Pnt Grigio Alto Adi,3438.2799999999997,19.99,0.3446557666478735
Kibo Junmai Sake,197.67000000000002,5.99,0.10327604013110368
Kijafa Cherry,19040.170000000002,7.99,0.13775885820492795
Kikkoman Plum Wine,7012.2,8.99,0.1550002672418401
Kilbeggan Irish Whiskey,20272.54,13.077628865979381,0.22547674851127988
Kilchoman Machir Bay Whiskey,133.98,66.99,1.1550019913827436
Killibinbin Seduction Cab Sv,19121.41,12.24693730729702,0.2111544555645272
Kim Crawford Chard Unoaked,32639.95,15.531557305336833,0.26778593248155313
Kim Crawford Pnt Gr Homstead,1553.47,29.13285714285714,0.5022915064139273
Kim Crawford Pnt Gr Marlboro,9359.92,15.466878612716762,0.26667078068611777
Kim Crawford Pnt Nr,1104.3799999999999,18.033478260869565,0.310922575053915
Kim Crawford Svgn Bl Marlbro,482171.72,15.035032657270541,0.25922514792733337
Kim Crawford Svgn Bl Sptfire,35574.689999999995,26.837607052896722,0.4627181607709104
Kinahan's Irish Whiskey,7667.62,32.76472527472528,0.5649100304435918
King Est Domaine Ore Pnt Nr,77.94,12.99,0.22396590338948863
King Est Domaine Pnt Gris,1470.4499999999998,26.32333333333333,0.4538513572149837
King Est Pnt Gris Ore,50540.92,18.067777777777778,0.31151394705469804
King Est Pnt Nr Ore,27331.52,26.158224299065417,0.45100464481948105
King Estate Dom Pnt Nr 12,3761.43,65.99,1.1377605823458317
King Rabbit Malbec Pay D'Oc,143.82,7.99,0.13775885820492795
King Robert II Scotch Whisky,246.86999999999998,18.99,0.3274143576109614
Kingfish Silver Rum,3352.71,25.990000000000002,0.44810422086934637
Kinky Blue Liqueur,166553.03999999998,6.305919629057187,0.10872293967846819
Kinky Flame Whisky,11588.929999999998,8.38018087855297,0.14448612633044144
Kinky Gold Liqueur,35099.03,17.566413959085438,0.3028697283803151
Kinky Liqueur,204108.22,6.504414206642067,0.1121452658822182
Kinky Pink Liqueur,24732.670000000002,7.445409687641467,0.12836935387201473
Kinky Vodka,25890.05,3.6099435559736595,0.06224051344870697
Kinsella Est Cab Svgn 10,4829.58,114.99,1.9825896251545259
Kiona Est Red Mountain Rsv R,125.97,41.99,0.7239667654599405
Kir-Yianni Akakies Yianakoho,395.78,17.99,0.31017294857404926
Kir-Yianni Paranga VdP Maced,209.85999999999999,14.99,0.2584487214633129
Kirk & Sweeney 12Yr Old Rum,69477.3,33.56998836532868,0.5787939007710131
Kirk and Sweeney 18 Yr Rum,27161.23,40.12278008298755,0.6917732631088598
Kirk and Sweeney 23 Yr Rum,10187.74,45.106959064327484,0.7777075316393215
Kirkland Signature Cab Svgn,311.76,12.99,0.22396590338948863
Kirkland Signature Chard,171.38,7.79,0.1343105763975455
Kirkland Signature Chard 12,319.8,15.99,0.275690130500225
Kirkland Signature Supr Brdx,7.99,7.99,0.13775885820492795
Kismet Wine Papa's All-Black,2518.74,19.99,0.3446557666478735
Kistler Chard Sonma Mountain,2089.62,54.99,0.9481050829397982
Kistler Hyde Chard,875.88,72.99,1.2584504456042165
Kistler Les Noisetiers Sono,2034.63,54.99,0.9481050829397982
Kistler Pinot Noir RRV,3189.42,54.99,0.9481050829397982
Kitaya Ai No Hime Sprkl Sake,2989.28,10.99,0.18948308531566435
Klassen Chard Calaveras Cty,29.97,9.99,0.17224167627875223
Klinker Brick Cab Svgn Lodi,5385.83,16.99,0.29293153953713713
Klinker Brick Farrah Syrah,7315.839999999999,17.492793296089385,0.3016004044160315
Klinker Brick Marisa Znfdl,2274.35,34.99,0.6032769022015555
Klinker Brick Old Ghst Znfdl,5706.4800000000005,38.097526881720434,0.6568550442624976
Klinker Brick Old Vine Znfdl,164001.51,16.054738886491155,0.27680632012281325
Knappogue Castle Irish 12 Yr,6678.33,39.99,0.6894839473861163
Knappogue Castle Irish Whsky,90656.19,32.65589434661724,0.5630336318962142
Knob Creek 2001 Bourbon,26907.93,129.99,2.241210760708208
Knob Creek Bourbon,1240620.1099999999,23.601884894825343,0.4069297515138017
Knob Creek Rye,162245.21,33.629529058116226,0.5798204662097043
Knob Creek Single Barrel Rsv,182518.12,42.52485383874076,0.7331883992686326
Knob Creek Smoked Maple,185815.88,29.924247768343132,0.515936195895909
Kono Svgn Bl,10515.83,12.944248366013072,0.2231770807538129
Korbel Brut,351434.29,14.367564330605953,0.2477170534881259
Korbel Brut Rose,2596.05,13.557567567567567,0.2337515679780063
Korbel California Brandy,125.91,13.99,0.24120731242640073
Korbel Natural,14568.77,15.876315789473685,0.27373005452550236
Korbel Organic Brut,71140.53,13.383165750196387,0.23074463490792893
Korbel Sweet Cuvee,20739.57,13.4946403712297,0.23266661444639905
Korbel Sweet Rose,52288.090000000004,13.489272197962155,0.23257405957531227
Korbel X Dry,222205.4,13.86690044139284,0.23908490258419138
Kosta Browne Pnt Nr RRV,9299.0,92.99,1.6032786263424592
Kosta Browne Pnt Nr Sonoma C,10693.85,92.99,1.6032786263424592
Kracher Auselese Cuvee,23.98,11.99,0.20672449435257648
Kracher Beerenauslese Cuvee,119.88,9.99,0.17224167627875223
Kracken Black Rum,38626.259999999995,17.78485609308022,0.30663597856341507
Kraken Black Spiced Rum,546076.19,14.84003165558721,0.25586305589470343
Kringle Cream,5684.66,17.07108108108108,0.294329491621211
Kris Artist Cuvee Pnt Grigio,39.96,9.99,0.17224167627875223
Kris Heart Rosso,4978.0,12.437470817120621,0.21443952174263442
Kris Pnt Grigio Alto Adige,308789.51,11.348977540637797,0.1956723639288654
Kris Pnt Nr delle Venezie,19482.18,12.302820512820514,0.21211796076925157
Kronan Swedish Punsch,179.94,29.99,0.5170698570169948
Kru 82 Vodka,7440.09,14.927304075235112,0.25736775537949397
Kru Peach Mango Vodka,4304.48,12.11087912087912,0.20880862071967574
Krug Grande Cuvee Brut,16872.82,142.99,2.465349078188066
Krug Grande Cve Brut,2719.68,84.99,1.465347354047162
Krug Rose Champagne,467.98,233.99,4.0343173005470705
Krupnik Spiced Honey Liqueur,25575.8,22.866765083440306,0.3942552501545745
Krupp Bros Chard,65.99,65.99,1.1377605823458317
Krupp Bros The Doctor Red,1999.8,99.99,1.7239684896008443
Krupp Bros Veraison Red,5753.82,49.45428571428572,0.8526615686283203
Krupps Brothers Veraison,5119.36,79.99,1.3791403088626015
Krupps The Water Witch Red,283.96,70.99,1.2239676275303921
Kuentz Bas Alsace White,1806.71,14.017777777777777,0.24168624045520387
Kuhl Coconut Water Vodka,59.95,11.99,0.20672449435257648
Kuhl Tangerine Vodka,47.96,11.99,0.20672449435257648
Kuleto Native Son Napa Red,76175.55,13.99,0.24120731242640073
Kumeu River Village Chard,1295.28,17.99,0.31017294857404926
Kunde Cab Svgn Sonoma Cnty,540.63,14.323333333333332,0.24695444877203812
Kunde Cab Svgn Sonoma Valley,15061.929999999998,21.21297297297297,0.365741543915989
Kunde Chard Sonoma Cnty,870.33,12.99,0.22396590338948863
Kunde Chard Sonoma Valley,51729.74,16.47537234042553,0.28405863355670496
Kunde Magnolia Lane Svgn Bl,8003.41,14.26576601671309,0.24596190711903107
L Aubry Fils Brut 1er Cru,4318.92,39.99,0.6894839473861163
L Aubry Fils Rose Brut 1 Cru,2013.6200000000001,52.99,0.913622264865974
L Bernard Cotes du Rhone,7883.68,12.465059382422803,0.2149151874817509
L Einaudi Dolcetto Dogliani,5792.78,17.99,0.31017294857404926
L Martini Cab Svgn Napa,97287.56,29.99,0.5170698570169948
L Martini Cab Svgn Sonoma,288466.55,13.315808671713697,0.2295833039662775
L Martini Fndrs Sig Cab Svgn,199.9,19.99,0.3446557666478735
L Martini RSV Cab Svgn Alex,33412.68,25.082753623188403,0.43246201498948106
L'Ardi Dolcetto D'Acqui,3777.67,11.418571428571429,0.19687226061719812
L'Argentier Rose d'Aramon,2682.21,14.979690721649485,0.25827097497839624
L'Ecole No 41 Apogee Pepper,2399.52,49.99,0.8618980377552377
L'Ecole No 41 Cab 12 Walla W,2966.31,42.99,0.7412081744968526
L'Ecole No 41 Cab Svgn Clmba,20747.29,30.893292181069956,0.5326438869906666
L'Ecole No 41 Chard Columbia,474.80999999999995,24.99,0.4308628118324342
L'Ecole No 41 Chenin Bl OV,1122.3899999999999,18.296122448979588,0.3154509309322876
L'Ecole No 41 Perigee Seven,449.91,49.99,0.8618980377552377
L'Ecole No 41 Red Columbia V,1898.1,21.698333333333334,0.3741098404192651
L'Eglise Saint-Hilaire Borde,2166.14,11.586638655462185,0.19976997642172115
L'Enclos de Viaud Lalande Po,3148.95,29.990000000000002,0.5170698570169949
L'Excellence Blanc 2015,1658.34,9.99,0.17224167627875223
L'Oiseliniere Musc Sevre Ill,170.91,18.99,0.3274143576109614
L'Opale de la Presquile Rose,149.9,14.99,0.2584487214633129
L.A. Cetto Cab Svgn,431.64,11.99,0.20672449435257648
L.A. Cetto Nebbiolo Priv Rsv,63.48,5.29,0.09120705380526518
L.A. Cetto Svgn Bl,431.64,11.99,0.20672449435257648
LAN Crianza Rioja,139.9,13.99,0.24120731242640073
LAN Rioja Reserva,809.52,17.99,0.31017294857404926
LAN Rsva Rioja,188.92,23.389999999999997,0.40327655737337476
La Atalaya Almansa Red,970.4,15.865,0.273534954370611
La Bastarda Pnt Gr Sicily,69086.85,7.375316810848726,0.1271608539126572
La Basttistina Gavi,123.91999999999999,15.789999999999997,0.2722418486928425
La Belle Orange Liqueur,51887.46,16.99,0.29293153953713713
La Cana Albarino,7275.26,15.275714285714285,0.26337483833100206
La Caplana Gavi di Gavi,6654.65,15.3259375,0.26424075731165053
La Caravedo Puro Quebranta,3886.56,26.99,0.4653456299062585
La Carraia Orvieto Clsc,5497.9400000000005,10.896666666666667,0.18787388713888586
La Carraia Sangiovese Umbri,14777.74,12.07078335373317,0.2081173131976636
La Chapelle Mission Haut Bri,2295.72,81.99,1.4136231269364257
La Chapelle de la Mission Ha,2369.7,78.99,1.3618988998256891
La Clarence Haut Brion 10,10610.460000000001,196.49000000000004,3.3877644616628655
La Clarence de Haut Brion PL,4402.63,118.99,2.0515552613021746
La Clarte de Haut Brion 10,7769.3,110.99,1.9136239890068776
La Collection Koi Fish,59.98,29.99,0.5170698570169948
La Collection NH Summer,53985.27,27.293548795944233,0.4705792388597952
La Collection Ski Boot,119.96,29.99,0.5170698570169948
La Cote Blanche Mcon V Chard,22540.82,13.962222222222222,0.2407283843975976
La Crema Chard Sonoma Coast,1188.81,9.99,0.17224167627875223
La Crema Chard Sonoma Cst,658288.13,16.808359163325022,0.28979979557421687
La Crema Chardonnay Monterey,100054.27,16.25036419992251,0.2801791761696574
La Crema Pnt Gris Monterey,60306.619999999995,17.051035422343322,0.29398387621949906
La Crema Pnt Nr Anderson Vly,147.96,36.99,0.6377597202753799
La Crema Pnt Nr Monterey,61101.229999999996,19.252613195342818,0.3319421791303574
La Crema Pnt Nr Sonoma Coast,701.46,12.99,0.22396590338948863
La Crema Pnt Nr Sonoma Cst,323546.95999999996,20.803223140495867,0.35867687945144505
La Crema Pnt Nr Williamette,10032.56,29.19472440944882,0.5033581852632302
La Crema Russian Rive Pnt Nr,395.88,32.99,0.5687940841277314
La Croix Beaucaillou 11 St J,1299.74,49.99,0.8618980377552377
La Croix Belle Champ du Coq,4360.15,8.99,0.1550002672418401
La Croix Belle No 7 Rose 15,4672.25,16.99,0.29293153953713713
La Croix de Beaucaillou 11 S,1349.73,49.989999999999995,0.8618980377552374
La Croix de Carbonnieux Blnc,1117.57,25.99,0.4481042208693463
La Croix de Carbonnieux Roug,1253.34,18.99,0.3274143576109614
La Dame Montrose St Estep 11,1403.73,51.99,0.8963808558290619
La Demoiselle Sociando Haut,424.83,24.99,0.4308628118324342
La Demoiselle de By Medoc,59.96,14.99,0.2584487214633129
La Fee NV Absinthe,559.7199999999999,19.99,0.3446557666478735
La Fiera Montplciano D'Abruz,8.49,8.49,0.146379562723384
La Fleur d'Amelie Brdx Rose,4871.25,12.99,0.22396590338948863
La Font de Notre Dame Rastea,1011.56,22.99,0.39637999375860994
La Garenne Entre Mer Wh,1549.59,10.99,0.18948308531566435
La Gr Comtadine Vacqueyras C,19030.48,19.99,0.3446557666478735
La Jota Cab Svgn Howell Mtn,2339.64,64.99,1.1205191733089195
La Jota Howell Mtn Merlot,1429.78,64.99,1.1205191733089195
La Joya Svgn Blanc,83.93,11.99,0.20672449435257648
La Lecciaia Brunello di Mont,1405.63,37.99,0.6550011293122919
La Maialina Gertrude Red,37460.58,13.668774928774928,0.23566893958049803
La Maialina Gilfredo Verment,4302.69,13.014590163934425,0.22438987246416678
La Maldita Garnache Rioja,11030.05,10.10404958677686,0.17420805185486285
La Marca Prosecco,617978.78,10.875852541715174,0.1875150222968518
La Merika Cab Svgn CC,566.64,15.847142857142858,0.2732270720663804
La Merika Chard CC,29.97,9.99,0.17224167627875223
La Merika Pnt Grigio Montery,4674.8,8.99,0.1550002672418401
La Merika Pnt Nr CC,15.99,15.99,0.275690130500225
La Monacesca Verd di Mattell,779.61,19.99,0.3446557666478735
La Mondotte 08 St Emilion,1887.92,235.99,4.068800118620895
La Mura Blanco,1258.1999999999998,6.99,0.12051744916801582
La Mura Rosso,838.8,6.99,0.12051744916801582
La Noble Chard Unoaked,629.55,13.99,0.24120731242640073
La Perla Rioja Blanca,107.91,11.99,0.20672449435257648
La Petite Maison Ventoux Bl,160.77,6.99,0.12051744916801582
La Pettegola Vermentino,269.84999999999997,17.99,0.31017294857404926
La Pinta Pomegranate Liqueur,244.93,34.99,0.6032769022015555
La Pommeraie de Brown Pessac,1007.64,27.99,0.4825870389431706
La Posta Angel Plucci Malbec,34675.23,15.206748768472908,0.26218577563880124
La Puerta Alta Malbec Bonrda,191.88,15.99,0.275690130500225
La Puerta La Rioja Malbec,21989.54,8.99,0.1550002672418401
La Quintinye Blanc Vermouth,2798.25,15.989999999999998,0.275690130500225
La Quintinye Rouge Vermouth,3198.0,15.990000000000002,0.27569013050022506
La Roche Trouee Red 14,1079.1000000000001,11.99,0.20672449435257648
La Roquete Chat du Pape Red,582.89,52.989999999999995,0.9136222648659739
La Scolca Black Label Gavi,431.88,35.99,0.6205183112384678
La Terre Cab Svgn,113.88,9.49,0.16362097176029614
La Terre Chard Cal,518.1,6.347142857142857,0.10943368621571514
La Terre Merlot,184.23000000000002,7.308181818181819,0.12600335204339697
La Terre Wh Znfdl,110.37,8.49,0.146379562723384
La Vieille Ferme Red B/B,499.79999999999995,24.99,0.4308628118324342
La Vieille Ferme Red Ventoux,141699.28,7.316361694553222,0.12614438463778768
La Vieille Ferme Rose Vntoux,145815.63,7.404344849546251,0.12766133820138054
La Vieille Ferme Wh Rhone,113786.72,7.30326573722011,0.12591859188067756
La Volpe Pnt Grigio,1127.1599999999999,13.656666666666666,0.23546017608076336
La Volpe Prosecco,415.74,15.99,0.275690130500225
LaBelle Winery 2013 Dry Rsl,11975.44,13.99,0.24120731242640073
LaBelle Winery Americus,7196.4,19.99,0.3446557666478735
LaBelle Winery Blueberry,20509.739999999998,19.990000000000002,0.34465576664787356
LaBelle Winery Cranberry,64023.96,15.990000000000002,0.27569013050022506
LaBelle Winery Granite Red,31020.6,15.99,0.275690130500225
LaBelle Winery Grnt St Apple,11182.54,14.99,0.2584487214633129
LaBelle Winery Holiday 3 Pak,4139.99,40.99,0.7067253564230284
LaBelle Winery Raspberry,12903.93,15.99,0.275690130500225
LaBelle Winery Riesling,20643.09,15.99,0.275690130500225
LaBelle Winery Seyval Blanc,19472.010000000002,14.99,0.2584487214633129
LaLuca Prosecco,12664.99,12.632857142857143,0.21780825730487713
LaMarca Prosecco,727.7199999999999,25.99,0.4481042208693463
LaMuse Verte Absinthe,459.90000000000003,45.99,0.792932401607589
Label 5 Scotch 12 Yr,4446.61,31.990000000000002,0.5515526750908192
Laboure-Roi Pouilly Fuisse,639.36,9.99,0.17224167627875223
Lacoste Borie Pauillac,7291.13,38.99,0.6722425383492041
Ladera Stile Blocks Cab Napa,1749.65,49.99,0.8618980377552377
Ladoix Bois Roussot,293.94,48.99,0.8446566287183254
Ladoucette Comte Lafond Sanc,209.94,34.99,0.6032769022015555
Lady Lola White,23771.4,10.911195652173914,0.1881243873209077
Ladyburn 41 Yr Old Scotch,5999.97,1999.99,34.4826456597339
Lafite Rsv Speciale Bl Brdx,485.71999999999997,17.35363636363636,0.29920114282328697
Lagar Da Condesa Albarino,1987.83,16.99,0.29293153953713713
Lagar de Bezana Aluvion Red,343.88,27.99,0.4825870389431706
Lagar de Bezana Cab Svgn Rsv,13.99,13.99,0.24120731242640073
Lagaria Venezie Pnt Grigio,36689.4,11.99,0.20672449435257648
Lagavulin 8Yr 200th Ltd Edtn,32170.05,64.99,1.1205191733089195
Lagavulin Distillers Edition,97978.29,91.53591836734692,1.5782082101408266
Lagavulin Single Malt 16-Yr,550740.5599999999,72.22643829695267,1.245285565957056
Lagler Gr Velt Smaragd Stein,1529.1499999999999,17.99,0.31017294857404926
Lagler Rsl Smaragd Elmerberg,2133.0299999999997,21.99,0.3791385847216978
Lago Rose,9937.35,12.99,0.22396590338948863
Laguna Chard,2672.09,13.99,0.24120731242640073
Laird's Jersey Lightning,259.87,19.99,0.3446557666478735
Lairds Apple Jack,56976.51,15.385733725634424,0.26527172849667713
Lake Chalice Cracklin Savie,186.89,16.99,0.29293153953713713
Lake Chalice Pnt Nr,43.98,21.99,0.3791385847216978
Lake Chalice Svgn Bl,31.98,15.99,0.275690130500225
Lake Sonoma Cab Svgn AV,527.78,23.99,0.41362140279552206
Lake Sonoma Chard RRV,21459.55,17.24,0.2972418917963651
Lake Sonoma Znfdl Dry Creek,2218.89,19.99,0.3446557666478735
Lamberti Prosecco Extra Dry,558.4000000000001,3.49,0.06017251753882334
Lamberti Prosecco X Dry,23979.920000000002,11.988178506375228,0.20669308923593363
Lamberti Rose Sparkling,11018.99,8.640458715596331,0.1489736829821488
Lamole Chianti Clsco Racolto,16741.079999999998,18.74355450236967,0.3231652899810115
Lamole Grand Selezione Blk,1035.72,36.99,0.6377597202753799
Lan Rioja 2011 Ltd Edition,4364.03,44.99,0.775690992570677
Lancaster Est Cab Svgn,55146.21,39.99,0.6894839473861163
Lancers Rose,2485.85,5.990000000000001,0.10327604013110368
Landhaus Mayer Gruner Veltli,24705.77,12.264626865671643,0.2114594484761464
Landhaus Mayer Zweig Burgenl,699.39,11.39,0.19637964893042922
Landmark 12 Overlook Chard S,2249.25,29.99,0.5170698570169948
Landmark Grand Detour Pnt Nr,149.95,29.99,0.5170698570169948
Landmark Overlook Chard,67928.32,17.09236220472441,0.2946964081787108
Landmark Overlook Pnt Nr,2083.25,27.90304347826087,0.4810877859834391
Lange Pnt Gris Willamette,940.4399999999999,16.75923076923077,0.2889527528363113
Lange RSV Willamette Pnt Nr,6001.0599999999995,31.112448979591836,0.5364224589972023
Lange Three Hills Cve Pnt Nr,3503.19,43.35363636363637,0.7474777777830025
Lange Willamette Chard,10751.29,16.027470725995318,0.2763361786140203
Lange Willamette Pnt Nr,64029.09,23.074362139917696,0.39783451592016017
Lanson Black Label Brut,1730.5600000000002,39.351111111111116,0.6784686027236446
Lanson Extra Age Brut,569.9399999999999,94.99,1.6377614444162834
Lanson Rose Label Brut,899.82,49.99,0.8618980377552377
Laphroaig 10 Yr Single Malt,346877.52,45.052105477499495,0.7767617785116784
Laphroaig 15 Yr Single Malt,74140.94,81.84051546391753,1.4110458029051347
Laphroaig 18 Yr Single Malt,3429.59,81.24,1.4006920701587415
Laphroaig 25 Yr Cask Strenth,12999.710000000001,447.99,7.723978834446267
Laphroaig 30 Year,1999.98,999.99,17.241236622821766
Laphroaig 32 Yr Old Scotch,16799.86,1199.99,20.68951843020419
Laphroaig Cairdeas Islay,33454.479999999996,73.88818181818182,1.2739363657210068
Laphroaig Cask Strength 10Yr,48105.2,71.19961538461537,1.2275816921169755
Laphroaig Lore,31731.54,128.99,2.2239693516712964
Laphroaig Quarter Cask,87046.90000000001,57.61877583465819,0.9934288823714901
Laphroaig Triple Wood,53814.99,76.8035313531353,1.3242010995387112
Laphroiag Select Single Malt,89080.95,49.484859492803295,0.8531887036495459
Lapierre Raisins 14 Gaulois,2056.53,13.99,0.24120731242640073
Laroche Chablis St Martin,351.84,21.99,0.3791385847216978
Las Brisas Rueda Wh,2996.69,12.973050847457626,0.22367367611767652
Las Pizarras Garnacha,419.4,6.99,0.12051744916801582
Las Rocas Garnacha San Alej,59693.32,11.62012729844413,0.200347367813464
Las Rocas Garnacha Vinas Vi,59.96,14.99,0.2584487214633129
Las Rocas Spanish Red,30673.61,7.99,0.13775885820492795
Las Valles Carinena Red,1851.94,8.99,0.1550002672418401
Las Valles Viura-Chard,1447.3899999999999,8.99,0.1550002672418401
Latour 07 Bonnes Mares AC,639.96,159.99,2.758453031815572
Latour 07 Clos Vougeot Rouge,404.97,134.99,2.327417805892769
Latour 07 Echezeaux Rouge,479.97,159.99,2.758453031815572
Latour 11 Beaune Vignes Fran,149.97,49.99,0.8618980377552377
Latour 11 Corton-Chrl Bl AC,7583.21,95.99,1.6550028534531955
Latour 11 Merslt-Blgny P Cru,1449.71,49.99,0.8618980377552377
Latour 12 Cuvee Bourg Rouge,35962.009999999995,19.99,0.3446557666478735
Latour 13 Cuvee Bourgog Blnc,7419.36,15.99,0.275690130500225
Latour Beaujolais Villages,8482.22,14.68035532994924,0.25311001105086806
Latour Grand Ardeche Chard,19144.82,14.655511265164645,0.2526816643677773
Latour L'Ardeche Chard,558.5699999999999,12.99,0.22396590338948863
Latour Macon Village Chamery,29613.06,14.17450184501845,0.2443883842044288
Latour Meursault AC Blanc,25316.03,63.6925641025641,1.098149550302054
Latour Pinot Noir Valmoissin,25370.78,13.226518448438979,0.22804381470380086
Latour Pouilly Fuisse,61188.34,22.10335740072202,0.38109302603490736
Lauders,969.2099999999999,9.79,0.16879339447136976
Lauders Scotch,137384.41,15.0446004156433,0.2593901095630044
Laurent Reverdy Sancerre,323.76,13.49,0.23258660790794466
Lavau 13 Red Rhone Gigondas,2274.0899999999997,24.99,0.4308628118324342
Lavergne Brdx Rouge,9867.65,7.99,0.13775885820492795
Laya Tinto Almansa,9310.79,9.182307692307692,0.15831592282586165
Layer Cake Barosa Shiraz,68437.41,15.392365668950594,0.26538607254410085
Layer Cake Cab Svgn,127990.3,14.26766423357664,0.24599463505241634
Layer Cake Centrl Cst Pnt Nr,27231.14,16.166845943482222,0.2787392037483207
Layer Cake Garnacha,7191.57,16.22050847457627,0.27966442139686915
Layer Cake Malbec Mendoza,178565.6,14.139193915020108,0.24377962574108075
Layer Cake Primitivo Puglia,34630.61,16.177153053132432,0.27891691284178827
Layer Cake Sea of Stones Red,16461.83,16.19718232044199,0.27926224563218194
Layer Cake Virgin Chard,50555.68,13.181611479028698,0.2272695552755901
Lazzaroni Amaretto,3618.1899999999996,19.99,0.3446557666478735
Lazzaroni Dry Marsala,3308.32,8.99,0.1550002672418401
Lazzaroni Sambuca,3778.1099999999997,19.99,0.3446557666478735
Lazzaroni Sweet Marsala,3335.29,8.99,0.1550002672418401
Le Capitaine Vouvray Loire,191.88,15.99,0.275690130500225
Le Cengle CdProvence Rose,4728.36,12.990000000000002,0.22396590338948866
Le Cirque Rose,20565.3,13.99,0.24120731242640073
Le Cirque Rouge,2210.58,15.616086956521738,0.2692433427733796
Le Clarence de Haut Brion 12,1741.8700000000001,133.99,2.310176396855857
Le Gr Bouqueteau Chinon Roug,7211.49,15.99,0.275690130500225
Le Grande Courtage Brut,4844.68,7.397876712328767,0.12754981840190702
Le Grande Courtage Rose,1676.32,8.325802469135802,0.14354856593090337
Le Haut Medoc de Lascombes,5283.49,34.99,0.6032769022015555
Le Macchiole Bolgheri Rosso,1349.5,26.99,0.4653456299062585
Le Macchiole Paleo Rosso,959.9,95.99,1.6550028534531955
Le Mistral Red,16243.5,24.99,0.4308628118324342
Le Paradou Gren Vin de Franc,203.76,8.49,0.146379562723384
Le Petit Cheval St Emilion,719.85,239.95,4.137076098407066
Le Petit Haut Lafitte Brdx,1691.53,35.99,0.6205183112384678
Le Petit Mout Roths 11 Pauil,2099.86,149.99,2.586038941446451
Le Pive Rose Gris,26937.03,14.99,0.2584487214633129
Le Preare Valpo Clsc Ripasso,16.99,16.99,0.29293153953713713
Le Prelat CdR Blanc,2277.29,13.52061224489796,0.2331144061437685
Le Prelat CdR Rouge,5406.97,13.449363957597173,0.23188598527923623
Le Ragose Valpo Clsco 09,1630.98,15.99,0.275690130500225
Le Reviseur XO Cognac,999.9,99.99,1.7239684896008443
Le Sec Richettes Cote d Rhon,14.97,4.99,0.08603463109419154
Le Val Grenache Rose,7835.87,10.989999999999998,0.18948308531566432
Le Volte Red Toscana,666.77,28.99,0.4998284479800827
LeCompte Calvados 12 Yr Old,1049.85,69.99,1.2067262184934802
LeCompte Calvados 18 Yr Old,1689.8700000000001,129.99,2.241210760708208
LeCompte Calvados 25 Yr Old,379.98,189.99,3.275695302922936
LeCompte Calvados 5 Yr Old,2015.64,55.99,0.9653464919767103
LeSalette 12 Amarone Valpo,341.94,56.989999999999995,0.9825879010136225
Leaf Vodka Alaskian Glacial,6230.79,14.955635738831615,0.2578562331802575
Leblon Cedilla Acai Liqueur,89.97,29.99,0.5170698570169948
Leblon Natural Cane Cachaca,59355.7,26.733060038734664,0.4609156229361544
Lecciaia Brunello M Reserve,12277.19,43.59439560439561,0.751628806332349
Lee Family Farm Albarino Mon,1313.27,17.99,0.31017294857404926
Lee Family Farm Rio Tinto S,730.5699999999999,16.99,0.29293153953713713
Leese Fitch Svgn Bl,533.54,11.411052631578947,0.19674262596278522
Leese-Fitch Cab Svgn,153305.12,10.711349108246512,0.18467875131244213
Leese-Fitch Chard,843.28,11.790000000000001,0.20327621254519404
Leese-Fitch Merlot,179.84,11.24,0.19379343757489237
Leese-Fitch Pnt Nr,13243.55,10.591436265709156,0.18261128494547674
Leeuwin Siblings Svgn Bl/Sem,43.98,21.99,0.3791385847216978
Leflaive Macon Verze,6010.33,35.99,0.6205183112384678
Leflaive Meursault 12,275.94000000000005,45.99,0.792932401607589
Legacy Red Alexander Valley,1377.74,52.99,0.913622264865974
Legaris Crianza Ribera del,94.74000000000001,15.79,0.27224184869284257
Legend of the Vine Cab Svgn,783.3800000000001,2.99,0.05155181302036728
Lemelson Theas Slctn Pnt Nr,17413.969999999998,28.84070422535211,0.4972543784618958
Leoville Poyfre St Julien 09,1847.94,307.99,5.310181569278568
Lepanto Solera Gran Reserva,783.84,48.99,0.8446566287183254
Leroux Apple Schnapps,29.96,7.49,0.12913815368647188
Leroux Apricot Brandy,74626.86,7.462604986876641,0.12866582505964047
Leroux Blackberry Brandy,243566.02,6.011819061441703,0.10365223149422159
Leroux Cherry Brandy,95.88,7.99,0.13775885820492795
Leroux Polish Blackberry Bdy,422.53,8.99,0.1550002672418401
Les Darons Lang J Carrel Rou,37089.97,13.237256766642284,0.22822895844031255
Les Dauphins Cotes du Rhone,486.15,8.143846153846154,0.1404113826721452
Les Dauphins Rose,55.96,13.99,0.24120731242640073
Les Embruns Rose,1104.15,12.99,0.22396590338948863
Les Fiefs Lagrange St Jul 11,127.96,31.99,0.5515526750908192
Les Fiefs de Lagrange 11 Jul,494.85,32.99,0.5687940841277314
Les Fiefs de Lagrange St Jul,191.94,31.99,0.5515526750908192
Les Hauts Calas Chinian 14,1478.52,9.99,0.17224167627875223
Les Hauts de Lagarde Blanc,688.47,12.99,0.22396590338948863
Les Hauts de Lagarde Rouge,22152.29,10.737243426632741,0.18512520584747114
Les Lauzeraies Tavel,637.42,10.99,0.18948308531566435
Les Pagodes d Cos St Estephe,844.8699999999999,64.99,1.1205191733089195
Les Pasquets Entre Deux Mers,789.21,9.99,0.17224167627875223
Lexington Bourbon,61932.28,25.057904250122128,0.43203357678413457
Leyda Lot 21 Pnt Nr,759.8100000000001,39.99,0.6894839473861163
Leyda Pnt Nr Leyda Vly,3969.56,12.847988165680473,0.22151741926590343
LiDestri Bloody Mary,35.96,8.99,0.1550002672418401
LiDestri Red Sangria,4351.16,8.99,0.1550002672418401
LiDestri Spicy Bloody Mary,71.92,8.99,0.1550002672418401
LiDestri White Sangria,197.78,8.99,0.1550002672418401
Liberty Creek Cab Svgn Tetra,432.71000000000004,3.225294117647059,0.055608615146699555
Liberty Creek Chard Tetra Pk,87.73,3.2400000000000007,0.05586216527959533
Liberty Creek Merlot Tetra P,85.24000000000001,3.080909090909091,0.053119213841904746
Liberty Creek Moscato,40.370000000000005,3.1263636363636365,0.053902914252673476
Liberty Creek Pink Moscato,215.73,7.99,0.13775885820492795
Liberty Creek Prem RSV Chard,12587.9,7.091152368758003,0.1222614585328251
Liberty Creek Prem RSV Merlo,407.49,7.99,0.13775885820492795
Liberty Creek RSV Cab Svgn,375.53,7.99,0.13775885820492795
Liberty Creek Vyd Pnt Noir,231.71,7.989999999999999,0.13775885820492795
Liberty Creek Vyds Moscato,287.64,7.99,0.13775885820492795
Liberty Creek Vyds Sweet Red,87.89,7.99,0.13775885820492795
Liberty Crk Pnt Grigio,35.88,2.99,0.05155181302036728
Liberty Crk Prm RSV Wh Znfdl,1733.83,7.99,0.13775885820492795
Liberty Crk Vyd Pnt Grigio,990.73,7.91,0.13637954548197498
Liberty School Cab Svgn,234406.21,13.665880092236742,0.23561902851964817
Liberty School Chard Cntrl C,10495.92,12.990000000000002,0.22396590338948866
Liberty School Cuvee Red CC,118.83,6.99,0.12051744916801582
Liberty School Merlot CC,24180.77,14.02479125248509,0.24180716264140265
Liberty School Pnt Nr CC,56137.25,12.014,0.20713828816946236
Librandi Ciro Blanco DOC,71.39,6.49,0.11189674464955975
Licor 43 Liqueur Gift Pack,2534.68,19.251363636363635,0.3319206349728816
Licor 43 Vanilla Liqueur,119411.18999999999,18.751456825856245,0.32330153717258553
Lidestri Pink Limoncello,28948.559999999998,18.81097186700767,0.3243276603409259
Light Horse Cab Svgn,14639.85,12.068260869565218,0.20807382201633484
Light Horse Chard,233.83,13.99,0.24120731242640073
Light Horse Pnt Nr,44.97,14.99,0.2584487214633129
Lila Pnt Grigio 4 Pk Cans,1747.41,10.990000000000002,0.18948308531566438
Lila Rose 4 Pk Cans,65.94,10.99,0.18948308531566435
Lila Svgn Bl 4 Pk Cans,2198.0,10.99,0.18948308531566435
Lillet Rose French Aperitif,1277.29,17.99,0.31017294857404926
Lillet White French Aperiti,86729.79,17.99,0.31017294857404926
Lima Loureiro Vino Verde DOC,1640.4,10.293571428571429,0.17747567545067197
Lincourt Courtney's Chard,461.58,10.99,0.18948308531566435
Lincourt Lindsays Pnt Nr,47503.31,14.99,0.2584487214633129
Lincourt Steel Chard,119730.15,9.99,0.17224167627875223
Lindemans Bin 40 Merlot,29041.47,11.40799100449775,0.19668983919795985
Lindemans Bin 45 Cab Svgn,92108.89,10.488013631937683,0.180828133012948
Lindemans Bin 50 Shiraz,102342.18,10.16605140186916,0.1752770505099002
Lindemans Bin 65 Chard,216686.68,10.307570303712035,0.17771703578302783
Lindemans Bin 85 Pnt Grigio,19894.02,11.4182,0.19686585666527012
Lindemans Bin 90 Moscato,2377.14,12.803559322033898,0.22075140339955585
Lindemans Bin 99 Pnt Nr,5577.24,8.219508196721312,0.1417159029019242
Lindemans Cawarra Shiraz/Cab,3480.42,13.49,0.23258660790794466
Line 39 Cab Franc Cntrl Cst,492.54999999999995,10.90304347826087,0.18798383235593283
Line 39 Cab Svgn Lake Cnty,132793.46,9.862300781899851,0.17003996182579367
Line 39 Chard,40901.58,9.574322274881517,0.16507480659245133
Line 39 Lk Cnty Petite Sirah,13834.76,9.707777777777778,0.16737576750611258
Line 39 Merlot,211.79,10.085238095238095,0.1738837152346486
Line 39 Pnt Grigio,135.88,11.59,0.19982793073781163
Line 39 Pnt Nr,95742.8,9.700465674507921,0.16724969654271682
Line 39 Svgn Bl Lake County,52274.45,9.78784946236559,0.16875631617236567
Linie Aquavit,25642.879999999997,25.32643410852713,0.43666340991151936
Linkwood 15 Yr Old Sngl Malt,4719.41,79.99,1.3791403088626015
Lions de Suduiraut Sauternes,2050.92,18.99,0.3274143576109614
Liparita Cab Svgv,1209.78,54.99,0.9481050829397982
Liquore Strega,353.88,29.49,0.5084491524985387
Listel Grain de Gris Rose,16160.75,9.938616600790514,0.1713557540752745
Litigation Wheat Whiskey,3914.13,44.99,0.775690992570677
Little Black Dress Chard,136.85,9.275714285714287,0.15992638410952928
Little Black Dress Divalicio,5899.66,9.300185185185185,0.1603482968968082
Little Black Dress Merlot,13432.47,9.25590909090909,0.15958491464483718
Little Black Dress Pnt Grigi,163.84,10.066923076923077,0.17356793851236083
Little Black Dress Pnt Nr,125.88000000000001,10.39,0.17913823989351707
Little Black Dress Vodka,689.3100000000001,9.99,0.17224167627875223
Little Penguin Cab Svgn Ausl,2267.73,9.99,0.17224167627875223
Little Penguin Chard Ausl,44517.21,12.461451021477213,0.21485297425473515
Little Penguin Merlot Ausl,7275.09,12.36674418604651,0.2132200949664829
Little Penguin Shiraz Ausl,16417.9,12.547522123893806,0.21633696133775757
Little Yering Pnt Nr Yarra V,719.52,14.99,0.2584487214633129
Live-A-Little Ravishing Red,1582.56,10.99,0.18948308531566435
Live-A-Little Wicked White,791.28,10.99,0.18948308531566435
Livingston Burgundy Calif,19707.53,11.96389885807504,0.20627447388831777
Livingston Cab Svgn Cal,285.7,10.256666666666666,0.1768393853552621
Livingston Cellars Moscato,111.86,7.99,0.13775885820492795
Livingston Cellars Pinot Nr,215.73,7.99,0.13775885820492795
Livingston Cellars Red Rose,53307.54,11.99,0.20672449435257648
Livingston Chablis Blush Ca,2623.69,11.244545454545456,0.19387180761596928
Livingston Chablis Cal,49241.71,11.914924924924925,0.20543009427473025
Livingston Chianti Cal,153.8,7.790000000000001,0.13431057639754554
Livingston Clrs Pnt Grigio,255.68,7.99,0.13775885820492795
Livingston Clrs Red Rose,497.37,7.931176470588236,0.13674465767334487
Livingston Clrs Rhine Calif,350.46000000000004,6.49,0.11189674464955975
Livingston Clrs Wh Znfdl Cal,31701.56,11.99,0.20672449435257648
Livingston Merlot Cal,33569.0,12.936569178852643,0.22304468074690895
Livingston Nat Flvrs Chard,30999.72,12.883292682926829,0.2221261188885986
Livingston Rhine Calif,465.40999999999997,7.906666666666666,0.1363220741185186
Livingston Sangria Natural,569.28,7.937368421052632,0.13685141562403785
Livingston Wh Znfdl Cal,341.57,7.955517241379311,0.13716432685882754
Livio Felluga Pinot Grigio,847.64,24.156666666666666,0.41649497096834076
Livon Pnt Grigio,4789.85,15.262300469483568,0.26314356523862226
Llopart Rose Cava Brut Rsva,4800.04,23.99,0.41362140279552206
Llord's Amaretto,65.89,5.99,0.10327604013110368
Llord's Blue Curacao,95.84,5.99,0.10327604013110368
Llord's Coffee Liqueur,13.98,6.99,0.12051744916801582
Llord's Orange Curacao,1880.86,5.99,0.10327604013110368
Llord's Peach,227.62,5.989999999999999,0.10327604013110367
Llord's Triple Sec,41.94,6.99,0.12051744916801582
Lobstah White,1108.95,10.74,0.1851727330564363
Lobster & Shrimp Muscadet,8856.77,9.709769673704415,0.16741011059854266
Lobster Reef Svgn Bl,25171.12,11.515862068965516,0.1985496883436957
Locations CA Red,3934.3599999999997,23.99,0.41362140279552206
Locations E Red Spanish,14348.199999999999,18.396320541760723,0.31717848723464565
Locations F Red France,299.84999999999997,19.99,0.3446557666478735
Locations OR Red,4534.11,23.99,0.41362140279552206
Loch Lomond 12 Yr,731.88,60.99,1.051553537161271
Loch Lomond Original Scotch,1087.6599999999999,31.99,0.5515526750908192
Loch Lomond Single Grain Sco,251.91,27.99,0.4825870389431706
Lock & Key Meritage,779.4,12.99,0.22396590338948863
Lock Stock & Barrel Rye,16053.369999999999,98.80818181818181,1.7035922789208569
Lockwood Pnt Nr,26806.45,7.99,0.13775885820492795
Loft Cab Svgn,24312.769999999997,19.93111570247934,0.3436405183884686
Loft Chard,347.83,20.70428571428571,0.35697105881709645
Loimer Lois Gruner Veltliner,4834.65,14.426842105263157,0.24873908584778867
Lokoya Diamond Mtn Cab Svgn,974.97,324.99,5.6032855229060745
Lokoya Howell Mtn Cab Svgn,1949.94,324.99,5.6032855229060745
Lokoya Mt Veeder Cab Svgn,3574.8900000000003,324.99,5.6032855229060745
Lokoya Spring Mtn Cab Svgn,4549.860000000001,324.99,5.6032855229060745
Lombardo Marsala Ambra Dry,97.13,2.0057894736842106,0.03458263675772218
Lombardo Marsala Fine IP 421,76.93,10.99,0.18948308531566435
Long Barn Chardonnay,22242.29,10.825164835164836,0.18664109481507446
Long Barn Pnt Nr,13.99,13.99,0.24120731242640073
Long Lake Cab Svgn Cal,209.64999999999998,5.99,0.10327604013110368
Long Lake Chard Cal,35.94,5.989999999999999,0.10327604013110367
Long Lake Merlot Cal,89.85000000000001,5.99,0.10327604013110368
Long Lake Pnt Grigio Cal,17.97,5.99,0.10327604013110368
Long Meadow Ranch Cab Svgn,503.88,41.99,0.7239667654599405
Looking Glass Cab Svgn,39.48,3.29,0.05672423573144092
Looking Glass Wh Znfdl,39.48,3.29,0.05672423573144092
Lord Calvert Canadian,113264.19,13.212156398104264,0.22779619271937132
Lord Calvert Ducks Decanter,5299.469999999999,99.99,1.7239684896008443
Loredona Moscato Monterey,19934.72,5.99,0.10327604013110368
Los Amantes Mezcal,36598.14,41.384805194805196,0.7135323542765625
Los Amantes Reposado Mezcal,39155.48,52.102107623318396,0.8983137492188504
Los Cardos Malbec Mendoza,40077.840000000004,7.99,0.13775885820492795
Los Dos Moscato & Chard,159.85,10.656666666666666,0.18373594897002696
Lost Angel Moscato,779.22,9.99,0.17224167627875223
Lot No 40 Canadian Rye,3299.42,56.59,0.9756913373988577
Louis Cheze Cote Rotie Demo,115.98,57.99,0.9998293100505348
Louis Jadot Chmble-Musgny 11,99.98,49.99,0.8618980377552377
Louis Jadot Les Drazeys 11,73.98,36.99,0.6377597202753799
Louis Jadot Nuits St Geo 11,899.88,74.99,1.2929332636780408
Louis Latour 12 Beaune Vigne,279.96,69.99,1.2067262184934802
Louis Latour 12 Bourgogne Ga,25370.84,11.99,0.20672449435257648
Louis Latour 12 Marsannay Bl,23348.32,19.99,0.3446557666478735
Louis Latour 13 Pnt Nr Bourg,167.88,13.99,0.24120731242640073
Louis Latour 14 Beaune Bl AC,359.88,29.99,0.5170698570169948
Louis Latour 14 Chass-Mont B,649.9,64.99,1.1205191733089195
Louis Latour 14 St Veran Bla,28110.420000000002,15.99,0.275690130500225
Louis M Martini Cab Svgn,7479.37,10.49,0.1808623807972083
Louis de Grenelle Rose,734.51,14.99,0.2584487214633129
Louis de Sacy Brut Gr Cru,794.85,52.99,0.913622264865974
Loukatos Mastic Liqueur,485.72999999999996,17.99,0.31017294857404926
Loukatos Mavrodaphne Patras,12231.34,10.49,0.1808623807972083
Loukatos Retsina,6316.34,9.482518703241896,0.16349198366276313
Loukatos Tentoura,35.98,17.99,0.31017294857404926
Loukatos Tsipouro Brandy,139.93,19.99,0.3446557666478735
Love Lane Cab Svgn,1668.47,10.859158878504674,0.18722720002111512
Love Lane Carmenere,2897.33,10.829779005524863,0.18672064961361765
Love Lane Svgn Bl,4360.13,11.027037037037038,0.1901216560207352
Love Noir Pnt Nr,16781.38,9.046218057921635,0.1559695457737278
Love Oregon Pnt Nr,659.61,16.813529411764705,0.28988893794238796
Love Oregon Rsl,978.34,14.70794871794872,0.25358575994008126
Lower East Side Cab Svgn,3908.88,34.84294117647059,0.6007414008725979
Loyal Dog Winery Naked Apple,1111.26,15.023333333333333,0.2590234350978766
Lucano Amaro,2188.54,14.99,0.2584487214633129
Lucano Limencello,945.14,10.99,0.18948308531566435
Lucanto Montepulciano d'Abru,577.66,16.99,0.29293153953713713
Luce Brunello Montalcino 10,2183.79,103.99,1.7929341257484928
Luce Brunello Montalcino 11,311.96999999999997,103.99,1.7929341257484928
Luce Della Vite Lucente Tosc,7218.509999999999,28.990000000000002,0.4998284479800828
Luce Della Vite Toscana,3099.69,99.99,1.7239684896008443
Lucien Boillot & Fils Volnay,65.99,65.99,1.1377605823458317
Lucienne Doctor's Vyd Pnt Nr,767.84,47.99,0.8274152196814133
Lucienne Smith Vyd Pnt Nr,1799.6000000000001,44.99,0.775690992570677
Lucky Duck Cab Svgn,90.96,3.79,0.06534494024989698
Lucky Duck Malbec,45.48,3.79,0.06534494024989698
Lucky Duck Moscato,227.4,3.79,0.06534494024989698
Lucky Duck Riesling,125.07,3.79,0.06534494024989698
Lucky Duck Shiraz,56.85,3.7900000000000005,0.065344940249897
Lugny Les Charmes Macon,53034.02,15.603456464379947,0.2690255752920255
Lugny Macon Vllgs Vielle Rsv,191.88,15.99,0.275690130500225
Luiano Chianti Clsc,18926.95,15.712454672245467,0.2709048579781253
Luiano Ottantuno Chianti,3197.22,40.99,0.7067253564230284
Luiano Rosato,385.0,10.12225806451613,0.1745219916675051
Luiano Sangiovese,15119.39,11.99,0.20672449435257648
Luigi Bosca Chard,4748.16,13.725119047619046,0.23664039158031386
Luigi Bosca La Linda Malbec,23483.95,10.679465408805031,0.18412903140876158
Luigi Bosca Los Miradores Ma,1033.62,26.955517241379308,0.464751098560158
Luigi Bosca Malbec,20776.899999999998,17.221132075471697,0.2969165821918951
Luigi Bosca Malbec 13,1329.3,18.99,0.3274143576109614
Luigi Bosca Malbec SV DOC,418.83,24.74,0.42655245957320614
Luigi Bosca RSV Cab Svgn,9960.349999999999,17.556298342541435,0.30269532089781936
Luigi Bosca RSV Pnt Nr,4267.94,14.230540540540542,0.24535457027582017
Luigi Bosca de Sangre,2899.77,23.54769230769231,0.4059953949522725
Luksusowa Potato Vodka,485688.56999999995,20.476139807162532,0.35303750191228833
Lulu B Cran Cosmo,76.93,10.99,0.18948308531566435
Luna di Luna Chard/Pnt Grig,31191.649999999998,19.213540145985398,0.3312685047040667
Luna di Luna Chard/Pnt Grigo,79616.07,10.083623481781377,0.17385587702360483
Luna di Luna Merlot/Cab Ca'M,13726.7,10.30948051948052,0.17774997059444103
Luna di Luna Prosecco,1495.12,16.99,0.29293153953713713
Lunadoro Toscana Memoria IGT,399.75,15.99,0.275690130500225
Lunazul Blanco Tequila,40011.14,13.924720908230842,0.24008180890365058
Lunazul Reposado Tequila,64238.23,13.766040212231221,0.2373459301176592
Lunetta Rose Brut,215.82,11.99,0.20672449435257648
Lustau Pedro Ximenez San Emi,107.96,26.99,0.4653456299062585
Luxardo Amaretto di Saschira,349.85999999999996,24.99,0.4308628118324342
Luxardo Angioletto Hazelnut,1258.2,15.74,0.27137977824099696
Luxardo Maraschino Cherries,31504.41,18.99,0.3274143576109614
Luxardo Maraschino Liqueur,41955.88,29.722081911262798,0.5124505716606891
Luxardo Sambuca Dei Cesari,299.88,24.99,0.4308628118324342
Luxury Edition Pnt Nr Rose S,623.52,12.99,0.22396590338948863
Luxury Edition Prosecco,740.43,12.99,0.22396590338948863
Luzon Jumilla Red,2275.32,8.49,0.146379562723384
Lyeth Estate Meritage N Cst,58140.95,12.147388316151202,0.2094380906889702
Lynch Bages 09 Pauillac,2619.96,654.99,11.292950505087077
Lyrarakis Assyrtiko,431.72999999999996,15.990000000000002,0.27569013050022506
Lyrarakis Okto Syrah Blend,9190.01,15.393076923076922,0.26539833556742204
Lyrarakis Okto White,959.4,15.99,0.275690130500225
Lyric by Etude Pnt Nr,2204.45,14.132857142857144,0.24367037086024537
M & R Asti,381845.67,11.98942177432678,0.20671452492722883
M & R Asti 4 Pak,48919.2,11.99,0.20672449435257648
M & R Bianco Vermouth,964.21,7.463333333333333,0.12867838277882088
M & R Extra Dry Vermouth,77345.09,5.29,0.09120705380526518
M & R Prosecco Frizzante,25410.920000000002,11.146467854376452,0.19218081159409675
M & R Sparkling Rose,8902.21,11.446659619450317,0.1973565406052479
M & R Sweet Vermouth,311904.1,7.786814498933903,0.13425565387067742
M & R X Dry Vermouth,192004.21,8.49377358490566,0.14644462464427804
M Abbona Dogliani Papa Celso,2698.92,24.99,0.4308628118324342
M Chiarlo 10 Chiarlo Rosso,8401.59,9.99,0.17224167627875223
M Chiarlo Barbera D'Asti,30266.87,11.261079590228526,0.1941568794123529
M Chiarlo Barberesco Anni 09,12735.449999999999,27.99,0.4825870389431706
M Chiarlo Barolo Cerequio,879.89,79.99,1.3791403088626015
M Chiarlo Barolo Tortoniano,128.97,42.99,0.7412081744968526
M Chiarlo Gavi Wh,1208.9,10.99,0.18948308531566435
M Chiarlo Moscato D'Asti Ni,19764.86,10.994315659679408,0.18955749336946112
M Chiarlo Rovereto Gavi 13,16901.43,15.99,0.275690130500225
M D 20/20,8993.460000000001,3.9899999999999998,0.06879322205727942
M D 20/20 Banana Red,10385.970000000001,3.99,0.06879322205727942
M D 20/20 Coco Loco,2090.76,3.99,0.06879322205727942
M D 20/20 Electric Melon Red,10282.23,3.99,0.06879322205727942
M D 20/20 Habanero Lime Arit,2433.9,3.99,0.06879322205727942
M D 20/20 Orange Jubilee,12811.890000000001,3.99,0.06879322205727942
M Duffau Napoleon Armagnac,77774.82,36.65540642722117,0.6319908556259782
M Lynch Bordeaux Blanc Grave,3858.45,15.172926829268294,0.2616026377505529
M Lynch Bordeaux Rouge Medoc,7370.09,15.012284122562674,0.2588329311354446
M Molitor Spatlese Mosel,3944.5299999999997,26.80481481481481,0.4621527763809043
M Sullberg Cab Svgn,208.81,10.99,0.18948308531566435
M Sullberg Chard,65.94,10.99,0.18948308531566435
M by Michael Mondavi Cab Svg,9162.51,186.99,3.2239710758122
MJ Candice Red 13 Roussillon,1571.57,10.99,0.18948308531566435
MSH Cellars Svgn Bl Napa Vly,1918.4,11.989999999999998,0.20672449435257648
MU Creamy Vanilla Latte,142.89000000000001,12.99,0.22396590338948863
Ma Serenite Corbieres Langue,494.67,14.99,0.2584487214633129
Ma Terr Aglianico Vulture,167.88,13.99,0.24120731242640073
MacGavin's Highland Scotch,2500.6099999999997,17.99,0.31017294857404926
MacMurray Ranch C Cst Pnt Nr,186135.73,15.413392226148408,0.2657486000173864
MacMurray Ranch Chard Sonoma,35625.72,15.990000000000002,0.27569013050022506
MacMurray Ranch Pnt Nr RRV,37401.29,19.99,0.3446557666478735
MacMurray Ranch Selct Pnt Nr,3289.23,14.49,0.24982801694485685
MacMurray Ranch Sonma Pnt Nr,111365.36,19.606155402670982,0.33803774493871513
MacRostie Pnt Nr Sonoma Cst,16802.649999999998,22.99888888888889,0.3965332507278269
Macchia Mischievous Znfdl Lo,5247.5,20.99,0.36189717568478563
Macon Villages Eugene Blanc,29.98,14.99,0.2584487214633129
Macrostie Carneros Chard,24807.359999999997,19.65081081081081,0.33880766709616417
Mad Dogs & Englishmen Jumil,279.8,13.99,0.24120731242640073
Mad River 3 Pack Revolution,13497.300000000001,49.99,0.8618980377552377
Madame Fleur Rose Vin d Pays,63.92,7.99,0.13775885820492795
Madison's Ranch Cab Svgn,30175.77,12.99,0.22396590338948863
Madria Sangria,44019.96,8.798575286968266,0.15169983546468643
Madria Sangria Moscato,1306.33,7.626363636363637,0.13148925491877808
Madrigal Cab Svgn,14452.269999999999,19.987835497835498,0.3446184475806941
Madrigal Petite Sirah,6897.94,16.99,0.29293153953713713
Madrigal Znfdl,10534.47,13.99,0.24120731242640073
Maestro Dobel Diamond Tequla,66066.98,36.969575805184604,0.637407578378318
Magellan Gin,1481.4299999999998,25.99,0.4481042208693463
Maggio Cab Svgn,333.65999999999997,9.353636363636364,0.16126987052798994
Maggio Chardonnay,131.88,10.99,0.18948308531566435
Maggio Petite Sirah,26.97,8.99,0.1550002672418401
Maggy Hawk Afleet Pnt Nr,1924.65,54.99,0.9481050829397982
Maggy Hawk Jolie Pnt Nr,109.98,54.99,0.9481050829397982
Maggy Hawk Stormin Pnt Nr,439.92,54.99,0.9481050829397982
Magnificent Wine Co House Re,17952.6,11.708913270637408,0.20187816307678821
Magnolia Court Chardonnay Ce,55.92,6.989999999999999,0.1205174491680158
Magnolia Court Merlot Paso R,258.63,6.99,0.12051744916801582
Magnolia Grove Cab Svgn,107.82,5.989999999999999,0.10327604013110367
Maimai Hawke's Bay Svgn Bl,69.95,13.99,0.24120731242640073
Maimai Hawke's Bay Syrah,50.97,16.99,0.29293153953713713
Maipe Malbec Mendoza,6970.87,11.324190231362467,0.19524499579072493
Maison Bouachon Les Barianne,489.51000000000005,9.99,0.17224167627875223
Maison L'Envoye The Attache,3772.98,36.99,0.6377597202753799
Maison L'Envoye Two Messenge,4574.24,25.99,0.4481042208693463
Maison N Perrin Crozes-Hermi,49.98,24.99,0.4308628118324342
Maison Nicolas Merlot,77.94,12.99,0.22396590338948863
Maison Rouge VSOP Cognac,1158.4499999999998,21.087560975609755,0.36357926437131366
Maker's Mark 46,62422.67999999999,20.062546230440965,0.34590656588099233
Maker's Mark Combo Pack,32120.82,34.99,0.6032769022015555
Makers 46,212185.04,40.988686284813454,0.706702706122139
Makers Mark,2097444.4,25.200717988595127,0.4344958868652382
Makers Mark Cask Strength,55872.9,61.4095688225539,1.0587874948500584
Malamatina Retsina,4967.55,5.866651982378855,0.10114934650540526
Malfy Gin Con Limone,19909.42,26.357231638418078,0.4544358117586078
Malibu 50ml Sampler Pack,27667.16,5.544635761589404,0.09559733312625374
Malibu Black,129385.26999999999,17.904305824388526,0.30869546024025085
Malibu Cosmo Light RTD,610.59,14.968260869565217,0.25807390822338
Malibu Island Spiced Rum,587.03,12.489999999999998,0.2153451988710325
Malibu Light Bl Hawaiian RTD,73573.73,18.309946896780616,0.31568928389153456
Malibu Mango Rum,3354.02,16.83126984126984,0.29019480794397645
Malibu Melon Rum,16.99,16.99,0.29293153953713713
Malibu Passion Fruit Rum,95147.06,13.06435572454584,0.2252479008506194
Malibu Peach Sparkler RTD,5284.7300000000005,10.053694267515924,0.17333985519830075
Malibu Pineapple Rum,114342.17,13.054610866372983,0.22507988576485446
Malibu Red,9010.81,14.828616714697405,0.25566624622969014
Malibu Rum,2035825.0,13.451758502824173,0.23192727061295232
Malibu Rum Punch RTD,87156.15,18.243987005316004,0.3145520424227629
Malibu Rum Sparkler RTD,7117.89,10.028560411311055,0.17290651210279767
Malibu Rum Traveler,162655.16,12.890911326486329,0.22225747503851434
Malibu Tropical Banana Rum,62351.02,13.019084158415842,0.2244673552612305
Man Cab Svgn Western Cape,16536.52,8.32,0.14344852318710896
Man Chenin Blanc,12876.49,9.008092105263158,0.15531220062902104
Man Svgn Bl,35560.13,6.990343642611684,0.12052337405084639
Manabito Ginjo Sake,5652.99,28.147894736842105,0.4853093666858409
Manero Rosso di Toscana IGT,167.88,13.99,0.24120731242640073
Manifesto! Cab Svgn,675.48,12.99,0.22396590338948863
Manifesto! Chard No Cst,4548.94,8.99,0.1550002672418401
Manifesto! Svgn Bl,131.88,10.99,0.18948308531566435
Manifesto! Znfdl,64.95,12.99,0.22396590338948863
Manischewitz Blackberry Kshr,17597.420000000002,8.546835637480799,0.14735948919706413
Manischewitz Concord Kosher,39193.29,8.58269762495569,0.14797780039199535
Manischewitz Cream Peach,119.76,4.99,0.08603463109419154
Manischewitz Cream White Cnd,1839.89,8.693703703703704,0.14989170160127355
Manon Rose de Provence,1682.84,16.85206896551724,0.29055341415273545
Mantane Primitivo Puglio,6205.78,14.837826086956522,0.25582502878378277
Manteo Red Blend Sonoma Cnty,407.76,16.99,0.29293153953713713
Mapple Jack Liquer,4144.84,35.67085106382979,0.6150157338862616
Mapuche Cabernet Svgn,21.98,10.99,0.18948308531566435
Mapuche Svgn Blanc,833.28,11.545555555555556,0.19906164589172665
Marc Bredif Vouvray,16979.85,18.56324840764331,0.32005655884998613
Marcarini Barolo Brunate,1979.67,59.99,1.034312128124359
Marcarini Barolo La Serra,831.84,51.99,0.8963808558290619
Marcarini Ciabot Camerano,662.6099999999999,16.99,0.29293153953713713
Marcarini Fontanazza Alba,111.93,15.99,0.275690130500225
Marcarini Nebb Langhe Lasarn,1234.35,18.99,0.3274143576109614
Marcati Limoncello,12224.54,12.695357142857143,0.21888584536968414
Marcel Lapierre Morgon,2443.06,25.99,0.4481042208693463
Marchesi Barolo Cannubi 11,2203.71,75.99,1.3101746727149528
Marchesi Barolo Gavi de Gavi,296.81,15.523333333333333,0.2676441396163327
Marchesi Barolo Ruvei B Alba,179.9,17.99,0.31017294857404926
Marchesi Bassini Chianti Rsv,413.64,11.49,0.19810378983412041
Marchesi Bassini Sangiovese,359.64,9.99,0.17224167627875223
Marchesi Di Barolo Sbirolo N,227.88,18.99,0.3274143576109614
Marchesi Di Barolo Zagara Mo,14755.91,11.15089108910891,0.19225707439338535
Marchesi di Barolo Barb DOCG,14178.3,30.389999999999997,0.5239664206317597
Marchesi di Barolo Barbaresc,986.79,46.99,0.8101738106445011
Marchesi di Barolo Monferrat,16897.2,12.33005376344086,0.21258750038260169
Marchesi di Barolo Sarmsa 07,1139.85,75.99,1.3101746727149528
Marco Barbanera Chianti DOCG,479.20000000000005,5.99,0.10327604013110368
Marcus James Cab Svgn Mendza,14911.35,8.052385321100918,0.13883446904392796
Marcus James Chard,39464.04,8.062072072072072,0.13900148227966033
Marcus James Chard Mendoza,59.88,4.99,0.08603463109419154
Marcus James Malbec Mendoza,9518.18,8.058613138686132,0.13894184539432192
Marcus James Merlot Mendoza,14334.22,8.073243243243244,0.1391940890112439
Marcus James Rsl,223.72,7.99,0.13775885820492795
Margaret's Cab Svgn,143.88,11.990000000000002,0.2067244943525765
Margaret's Chard,59.95,11.99,0.20672449435257648
Margaride's Chard Arinto,23891.88,7.0092131747484,0.12084871137275065
Margaritaville Coconut,999.8100000000001,14.489999999999998,0.2498280169448568
Margaritaville Gold Tequila,120455.98,15.463214285714285,0.2666076025254231
Margaritaville Island Lime,507.15,14.49,0.24982801694485685
Margaritaville Silver,113673.46999999999,20.496309554468194,0.35338525677575644
Margaritaville Spiced Rum,56.97,18.99,0.3274143576109614
Margaritaville Tangerine Teq,376.74,14.49,0.24982801694485685
Marie Brizard Anisette,159.92,19.99,0.3446557666478735
Marie Brizard Cassis d Dijon,7374.3099999999995,19.983377483443707,0.3445415851310728
Marie Brizard Chocolat Royal,11475.88,16.515948103792415,0.28475821688989833
Marie Brizard Orange Curacao,10206.73,16.648848614072495,0.28704960894885156
Marietta Clrs ARME Red,4015.1099999999997,21.019850746268656,0.36241184461126064
Marietta Clrs Angeli Cuvee,4588.219999999999,25.628095238095238,0.4418644728369401
Marietta Clrs Christo Red,4224.36,16.000256410256412,0.2758669654647062
Marietta Old Vine Cve Cal Rd,17838.51,12.282717086834735,0.21177134937878744
Marilyn Meritage Red,3380.31,48.99,0.8446566287183254
Marilyn Merlot Napa,4158.4,25.99,0.4481042208693463
Marina Cvetic Mntlcno Abruzo,1043.64,28.99,0.4998284479800827
Mark West Black Pnt Nr,90162.59,11.074648058252427,0.1909425371121748
Mark West Chard Sonoma Cnty,175833.73,9.475631709331132,0.16337324218371294
Mark West Pnt Grigio CA,19209.03,10.182660550458715,0.17556341563448757
Mark West Pnt Nr RRV,34295.74,16.978590057049715,0.29273481604364343
Mark West Pnt Nr Santa Lucia,409.71999999999997,15.906666666666666,0.27425334641381566
Mark West Pnt Nr Sonoma,675519.62,9.84763965963744,0.1697871834199273
Mark West Pnt Nr Willamette,607.74,23.189999999999998,0.3998282755659923
Markham Cab Svgn,12492.93,40.76102803738318,0.7027775571575672
Markham Merlot,39727.02,23.424911242603546,0.4038784763870894
Marques de Caceres Albarino,6843.71,12.836153846153845,0.22131337892227135
Marques de Caceres Blanco Wh,34616.21,8.515360433604336,0.14681681233250982
Marques de Caceres Gran RSV,28393.87,25.595006954102917,0.44129398419829896
Marques de Caceres RSV Red,77100.84999999999,17.13700996677741,0.29546619850684935
Marques de Caceres Rioja Re,147412.15,11.317367111111112,0.19512735558356328
Marques de Caceres Rose,46849.840000000004,8.605615903443379,0.14837294380582344
Marques de Gelida Cava Spai,363.72,12.99,0.22396590338948863
Marques de Grinon 10 Cab Svg,999.7500000000001,39.99,0.6894839473861163
Marques de Grinon 10 Caliza,557.6899999999999,17.99,0.31017294857404926
Marques de Murrieta RSV Rioj,1178.53,25.156666666666666,0.4337363800052529
Marques de Riscal Rioja Red,116302.31999999999,15.665573627650305,0.27009656271218235
Marquis d Gelida Brut Rsv,2903.33,17.561428571428568,0.30278377327251543
Marquis de Calon St Estephe,927.68,28.989999999999995,0.49982844798008264
Marquis de Chasse Ginestet,101.9,10.24,0.17655202853798024
Marquis de Chasse Red Gines,205.82,10.656666666666666,0.18373594897002696
Marquis de Riscal Rueda Wh,211.75,8.101111111111111,0.1396745703201404
Marquis de la Tour Brut,29.94,4.99,0.08603463109419154
Martell Cordon Bleu,110015.01,111.34881104033971,1.9198103969203346
Martell VS Cognac,56753.28,22.96358722358722,0.39592460027667664
Martell VSOP Cognac,14959.33,32.046818181818175,0.5525323006042799
Martin Codax Albarino,49554.29,13.88842559674962,0.23945602659228069
Martin Codax Tempranilo Ergo,12921.07,10.879044943820224,0.18757006380735528
Martin Ray 14 Rose of Pnt Nr,10852.76,14.990000000000002,0.25844872146331294
Martin Ray Cab Svgn Napa,17574.28,18.078467614533963,0.3116982549027492
Martin Ray Chard RRV,21644.55,17.373647798742137,0.29954616816136126
Martin Ray RRV Pnt Nr,109.94999999999999,21.99,0.3791385847216978
Martin/Weyrich Moscato Alleg,12052.99,10.047441253263708,0.17323204442186466
Martinelli Belle Vigna Pnt N,4171.93,38.99,0.6722425383492041
Martinelli Bondi Home Pnt Nr,6110.03,62.99,1.0860363552350953
Martinelli Guiseppe & Luisa,439.92,54.99,0.9481050829397982
Martinelli Vellu Ranch Znfdl,2483.54,53.99,0.9308636739028862
Martinotti Metodo Brut,4.49,4.49,0.07741392657573548
Martinshof Gruner Veltliner,12199.28,13.99,0.24120731242640073
Marzadro Le Diciotto Lune,4179.24,54.99,0.9481050829397982
Mas Alta Black Slate Priorat,611.64,16.99,0.29293153953713713
Mas Belles Eaux Les Cot Roug,50.97,16.99,0.29293153953713713
Mas Carlot Grenache Syrah,831.36,12.99,0.22396590338948863
Mas Carlot Marsanne Roussann,272.79,12.99,0.22396590338948863
Mas De Daumas Gassac 15 Rose,5109.16,17.99,0.31017294857404926
Mas De Daumas Gassac Red 13,2355.38,37.99,0.6550011293122919
Mas Doix 12 Salanques Priora,2099.4,34.99,0.6032769022015555
Mas Donis Montsant Old Vines,9963.880000000001,12.299368191721133,0.21205843788905035
Mas Janeil Cotes Roussillon,53796.05,10.99,0.18948308531566435
Mas la Chevaliere Chard,359.64,9.99,0.17224167627875223
Mas la Chevaliere Rose,1896.54,12.99,0.22396590338948863
Maschio Prime Arance,100.98,50.49,0.8705187422736937
Masciarelli Montepulciano,214213.21,9.52510496183206,0.16422623076646786
Masciarelli Rose d'Abruzzo,10207.8,11.086118299445472,0.19114030023233614
Masciarelli Trebbiano Abruzo,12866.94,10.673690280065898,0.18402946005192938
Masi Amarone Costasera Valp,23696.05,59.99,1.034312128124359
Masi Bonacosta Valpolicella,2863.22,5.99,0.10327604013110368
Masi Brolo Campofiorin,144.95,28.99,0.4998284479800827
Masi Campo Torbe Amarone 00,3719.69,119.98999999999998,2.0687966703390863
Masi Campofiorin,75564.45999999999,16.13730528200537,0.2782298811205773
Masi Campolongo di Torbe Ama,2793.78,126.99,2.1894865335974716
Masi Frescaripa Bardolino Cl,1546.71,11.99,0.20672449435257648
Masi Masianco Pnt Grg/Verd,9605.53,14.8643961352657,0.25628313385481183
Masi Mazzano Amarone 03,4199.72,149.99000000000004,2.5860389414464517
Masi Modello Delle Venezie,7185.27,10.707344753747323,0.18460971059859282
Masi Passo Doble,6650.4,11.900994764397906,0.20518991867913405
Masi Rsvra di Costasera Amar,1679.72,59.99,1.034312128124359
Masi Serego Alighieri Amaron,1405.81,73.99,1.2756918546411287
Masi Serego Alighieri Vaio A,1763.72,62.99,1.0860363552350953
Masi Soave 2012 Classico,51121.74,7.444858125537404,0.12835984416416932
Masi Tupungato Corbec,167.88,13.99,0.24120731242640073
Maso Canali Pinot Grigio Tr,49688.38,17.99,0.31017294857404926
Maso Canali Pnt Grigio Coll,2469.94,11.99,0.20672449435257648
Mason Clrs Svgn Bl Pomelo,20022.78,10.790813008130081,0.186048820914003
Masroig Sola Fred Monstant R,83.93,11.99,0.20672449435257648
Massenez Creme de Cassis,1781.1899999999998,21.99,0.3791385847216978
Masseria Prosecco,959.04,9.99,0.17224167627875223
Masseto 13 Red,1709.97,569.99,9.827430736949546
Massimo Malbec Mendoza,19375.47,10.49187265917603,0.18089466808004895
Massolino Barbera D'Alba,5343.03,17.99,0.31017294857404926
Massolino Barolo Margheria,2441.6299999999997,65.99,1.1377605823458317
Massolino Barolo Parussi,989.8499999999999,65.99,1.1377605823458317
Massolino Barolo Serralunga,7878.03,39.99,0.6894839473861163
Massolino Dolcetto D'Alba,3890.7099999999996,16.99,0.29293153953713713
Massolino Nebbiolo Langhe,2161.06,22.99,0.39637999375860994
Master's London Dry Gin,4528.49,29.99,0.5170698570169948
Mastersons 10 Yr Old Rye,1679.79,79.99,1.3791403088626015
Mastroberardino Radici Taura,934.83,54.99,0.9481050829397982
Matanzas Creek Chard Sonoma,543.79,25.75923076923077,0.44412543416852046
Matanzas Creek Merlot Sonoma,1188.53,24.525714285714283,0.4228578719224392
Matanzas Creek Svgn Bl Sonom,25680.519999999997,17.736882793017458,0.3058088512741825
Match Book Lake Cnty Cab Svg,16366.09,11.681806331471137,0.20141080125088384
Mate Brunello di Montalcino,309.94,51.989999999999995,0.8963808558290617
Mateus Rose,6848.59,14.300077519379846,0.24655348577117972
Matrix Pnt Nr RRV,5310.82,24.42670886075949,0.42115087889392033
Matua Pnt Nr Marlboro,13376.76,13.087560975609756,0.22564799207601666
Matua Rose Wine,6235.84,14.99,0.2584487214633129
Matua Svgn Bl Marlboro,157800.27,11.736911196911198,0.20236088677585995
Matusalem Gran Reserva Rum,20711.34,27.318743545611014,0.4710136318443827
Maurice's Mentholated Mint,33329.31,1.6950140581068416,0.029224430699136408
Mayacamas 09 Cab Svgn Mt Vee,209.96999999999997,69.99,1.2067262184934802
Mayacamas 14 Chardonnay Mt V,1259.72,44.99,0.775690992570677
Mayfair London Dry Gin,411.82,23.13285714285714,0.3988430521924545
Maynard's 10 Yr Tawny Port,9615.189999999999,19.99,0.3446557666478735
Mayu Carmenere Syrah,11937.81,12.99,0.22396590338948863
Mayu Pedro Ximenez,9534.66,12.99,0.22396590338948863
Mayu Svgn Bl,1221.06,12.99,0.22396590338948863
Maz Caz Blanc,863.46,15.99,0.275690130500225
Maz Caz Rose,814.49,15.847142857142858,0.2732270720663804
Maz Caz Rouge,575.64,15.99,0.275690130500225
Mazis Chambertin Gr Cru,2203.81,115.99,1.9998310341914385
Mazzei Castello Font Gr Slzn,1151.76,47.99,0.8274152196814133
Mazzei Siepi,3059.64,84.99,1.465347354047162
Mazzei Zisola Notto Rosso,1367.28,18.99,0.3274143576109614
Mazzel Castello Fonterutoli,2907.09,9.99,0.17224167627875223
Mazzocco Cab Svgn Sonoma,99.94999999999999,19.99,0.3446557666478735
Mazzocco Znfdl Sonoma,41.97,13.99,0.24120731242640073
McClelland Highland Sgl Malt,125199.8,36.65446159500184,0.6319745653872134
McClelland Highland Single,62414.02,20.163863636363637,0.34765342071906397
McClelland Islay Single Mal,40166.03999999999,20.138148148148147,0.3472100494681568
McClelland Islay Single Malt,110955.58,36.53569420035149,0.6299268481557985
McCormick Blended Whiskey,9491.58,7.29,0.12568987187908945
McCormick Cherry Vodka,188.73,6.989999999999999,0.1205174491680158
McCormick Gin,3375.27,7.29,0.12568987187908945
McCormick Gold Label Bourbon,3995.29,9.49,0.16362097176029614
McCormick Gold Rum,524.25,6.99,0.12051744916801582
McCormick Grape Vodka,13.98,6.99,0.12051744916801582
McCormick Irish Cream Liquer,545.48,10.49,0.1808623807972083
McCormick Long Island Iced,8248.2,6.99,0.12051744916801582
McCormick Scotch,494.07,11.49,0.19810378983412041
McCormick Silver Rum,5550.06,6.99,0.12051744916801582
McCormick Triple Sec,3112.2000000000003,3.99,0.06879322205727942
McCormick Vanilla Vodka,83.88,6.99,0.12051744916801582
McCormick Vodka,10261.32,6.990000000000001,0.12051744916801582
McIvor 12 Yr Old Scotch,307.78000000000003,13.99,0.24120731242640073
McManis Barbera Jamie Lynn,113.91,12.74,0.21965555113026058
McManis Cab Svgn Cal,43440.01,12.105448968209704,0.20871499723636944
McManis Merlot Cal,10689.44,11.212903885480571,0.1933262623811519
McManis Petite Sirah Cal,1061.1299999999999,12.284117647058824,0.21179549701049183
McManis Pnt Nr Cal,17345.39,11.891049475262369,0.2050184478811579
McManis River Jct Chard Cal,617.46,11.39,0.19637964893042922
McManis Viognier River Junct,155.87,11.99,0.20672449435257648
McNab Ridge Cab Svgn,53.97,17.99,0.31017294857404926
McNab Ridge Petite Sirah,467.74,17.99,0.31017294857404926
McWilliams Hanwood Cab Svgn,945.72,7.3954054054054055,0.1275072095883856
McWilliams Hanwood Est Chard,2369.61,6.99,0.12051744916801582
McWilliams Hanwood Shiraz,9988.460000000001,10.505901060070672,0.18113653747800723
Meander Cab Svgn Napa Vly,8458.63,62.52333333333333,1.0779903643512028
Medici Ermete Solo Lambrusco,215.88,17.99,0.31017294857404926
Medlock Ames Cab Svgn,19.99,19.99,0.3446557666478735
Medlock Ames Red 10,95.94,15.99,0.275690130500225
Meeker Mendocino Cab Svgn,509.49,9.99,0.17224167627875223
Meerlust Rubicon Stellenbos,929.6999999999999,30.99,0.534311266053907
Meinklang Pnt Nr,215.88,17.99,0.31017294857404926
Meiomi Chard,55900.79,15.917916921197312,0.2744473166539479
Meiomi Pnt Nr,503067.48,19.754852786540482,0.3406014973567279
Melee Grenache,143.94,23.99,0.41362140279552206
Meletti Amaro,35.98,17.99,0.31017294857404926
Meletti Cioccolato,224.91,24.99,0.4308628118324342
Meletti Limone,139.92999999999998,19.99,0.3446557666478735
Melini Borghi D'Elsa Chiant,57378.62,7.117938517179024,0.12272328947427535
Melini Chianti DOCG Riserva,28069.5,11.87767323121809,0.20478782258621292
Melini Orvieto Clsc Orzalume,159.8,7.99,0.13775885820492795
Melsheimer Handwerk Mosel Rs,1493.85,12.99,0.22396590338948863
Memoires 15 Rose,179.88,14.99,0.2584487214633129
Menage A Trois Vodka,19342.4,10.878989898989898,0.18756911475692026
Menage A Trois Znfdl,12.99,12.99,0.22396590338948863
Menage a Trois Cab Svgn,39084.41,11.30139489194499,0.19485197201969295
Menage a Trois Chard,30668.32,9.566881429344884,0.16494651593097373
Menage a Trois Merlot,155.88,12.99,0.22396590338948863
Menage a Trois Midnight,196130.54,11.010090113967665,0.18982946718817906
Menage a Trois Moscato,21983.7,7.5519369369369365,0.13020603375069503
Menage a Trois Pnt Grigio,41533.37,9.545555555555556,0.16457882781790237
Menage a Trois Pnt Nr,359.76,14.99,0.2584487214633129
Menage a Trois Prosecco,119.92,14.99,0.2584487214633129
Menage a Trois Red,509372.48,9.411168287316347,0.16226180195683695
Menage a Trois Rose Blend,22850.97,9.507446176688939,0.1639217684287204
Menage a Trois Silk Soft Red,133363.09,11.201830131445906,0.19313533525826607
Menage a Trois White,55806.58,9.566776649746192,0.16494470938305397
Mer Soleil Chard Central Cst,104150.58,28.33251482799525,0.48849247719384437
Mer Soleil Silver Chard,41059.46,19.99,0.3446557666478735
Mer Soliel Reserve Chard SB,441.73999999999995,16.99,0.29293153953713713
Mercat Brut Nature,314.79,14.99,0.2584487214633129
Mercer Cab Svgn,1059.47,19.99,0.3446557666478735
Mercer Canyons Cab Svgn,237.85999999999999,16.99,0.29293153953713713
Mercer Canyons Chard,2277.77,5.618571428571429,0.09687208820310776
Mercer Canyons Red,546.24,5.69,0.09810361742003004
Mercer Canyons Rsl,167.88,13.99,0.24120731242640073
Mercer Merlot,1739.1299999999999,19.99,0.3446557666478735
Mercer Pnt Gris,89.92999999999999,5.29,0.09120705380526518
Mercer Rsl,89.94,14.99,0.2584487214633129
Meridian Cab Svgn Cal,384.65,10.99,0.18948308531566435
Meridian Pnt Grigio Cal,131.88,10.99,0.18948308531566435
Meridian Santa Barbara Chard,25180.48,8.255041888804266,0.14232855382171808
Merieau 12 Les Hex PN VdP,506.61,12.99,0.22396590338948863
Merieau 13 Bois Jacou Gamay,2520.06,12.99,0.22396590338948863
Merieau L'Arpent des Vaudons,1675.71,12.989999999999998,0.22396590338948857
Merlo Family Vyds Pnt Nr,431.76,17.99,0.31017294857404926
Mermelada Sassy Red,23.98,11.99,0.20672449435257648
Merriam Cab Franc Windacre V,594.83,34.99,0.6032769022015555
Merriam Cab Svgn Dry Creek,14383.82,27.770327868852455,0.4787995818760456
Merriam Cuvee Pnt Nr RRV,574.77,24.99,0.4308628118324342
Merriam Danielle Svgn Bl RRV,10108.94,16.623858267716535,0.2866187401653543
Merriam Gloeckner Cab Svgn,1287.77,55.99,0.9653464919767103
Merriam Jones Vyd Cab Franc,4246.82,35.99,0.6205183112384678
Merriam Merlot RRV,8952.57,26.083023255813952,0.44970807287278
Merriam Pnt Nr Cuvee RRV,14156.89,23.107333333333333,0.3984029857522743
Merriam Vyd Block 8 Cab Svgn,134.95,26.99,0.4653456299062585
Merriam Vyds Miktos Red,4489.09,49.597843137254905,0.8551367008780172
Merriam Vyds Rose of Pnt Nr,7836.08,19.99,0.3446557666478735
Merriam Vyds Simoneau Chard,39.96,9.99,0.17224167627875223
Merry Edwards Flax Vyd Pnt N,69.99,69.99,1.2067262184934802
Merry Edwards Georg Pnt Nr,79.99,79.99,1.3791403088626015
Merry Edwards Olivet Lane,319.96,79.99,1.3791403088626015
Merry Edwards Pinot Noir RRV,19355.44,54.24233644859813,0.9352143098280882
Merry Edwards Pnt Nr Sonoma,17706.15,45.99,0.792932401607589
Merry Edwards RRV Pnt Nr,237.93,33.99,0.5860354931646434
Merry Edwards Svgn Bl RRV,26959.530000000002,36.307808219178085,0.6259977727406097
Merry Irish Cream Liqueur,35.97,11.99,0.20672449435257648
Merry Wh Chocolate Liqueur,30399.61,14.167892918825562,0.24427443700464246
Merryvale Cab Svgn,42652.81,34.99,0.6032769022015555
Merryvale Profile Napa,4994.7300000000005,184.99,3.189488257738376
Merryvale Starmont Cab Svgn,12665.64,29.078967971530247,0.50136238116842
Merum Monastrell Jumilla,455.62,11.99,0.20672449435257648
Metaxa 5 Star,1868.89,16.397407407407407,0.282714408256004
Metaxa Amphora,51872.46,24.19766129032258,0.41720177604310665
Metaxa Ouzo,45723.17999999999,18.438772678762003,0.31791042189317575
Metcalf's Blueberry Liqueur,2871.31,16.99,0.29293153953713713
Metcalf's Raspberry Liqueur,4944.089999999999,16.99,0.29293153953713713
Metcalfe's Maple Liqueur,48259.659999999996,21.653919952913476,0.37334409116073436
Metcalfe's Raspberry Liqueur,3388.87,29.99,0.5170698570169948
Metcalfe's Vermont Maple,60193.59,21.983460999532927,0.37902584313995247
Metze's Slct Indiana Bourbon,8848.82,74.99,1.2929332636780408
Meukow 90,45522.439999999995,23.68945778466305,0.40843963152803797
Meukow VS Cognac,131418.29,18.36746524409958,0.31668098124478805
Mezcal De Amor Amaras,19785.81,47.01201257861636,0.810553338516383
MezzaCorona Pnt Grigio,762835.95,10.061134163948452,0.17346812949588625
MezzaCorona Pnt Nr,72530.69,10.431864726488817,0.17986004676712922
MezzaCorona Pnt Nr Dolomiti,6089.14,8.131943127962087,0.14020615773410106
Mezzacorona Cab Svgn,16064.55,11.102965340179718,0.1914307669526968
Mia Dolcea Pink Moscato,143.88,11.99,0.20672449435257648
Mica Cab Svgn,9008.68,68.04882352941176,1.173257600951239
Michael David Chard,6523.92,15.99,0.275690130500225
Michael David Inkblot Tannat,215.94,35.99,0.6205183112384678
Michael David Svgn Bl,55544.4,9.990000000000002,0.17224167627875225
Michel Chapoutier Vigne Rose,6987.63,15.99,0.275690130500225
Michel Torino Don David Cab,87.48,7.290000000000001,0.12568987187908948
Michele Chiarlo Arneis,1141.3,16.341351351351353,0.28174792286454553
Michele Chiarlo Barolo Anniv,29.99,29.99,0.5170698570169948
Michter's 10 YO Bourbon,13198.9,119.99,2.0687966703390868
Michter's 20 YO Bourbon,2699.95,539.99,9.310188465842183
Michter's American Whiskey,38089.57,40.40902313624679,0.6967084966740769
Michter's Small Batch Bourbn,108431.79000000001,43.046949806949804,0.7421900694130474
Michter's Straight Rye,64537.93,42.89272052761748,0.7395309393226105
Mickey Finn Apple Whiskey,50.98,25.49,0.4394835163508902
Middle Sister Drama Queen Pi,71732.46,9.693703703703704,0.16713311063818567
Middle Sister Malbec,14801.19,9.997751937984496,0.17237533061237167
Middle Sister Mischief Maker,20952.99,10.4999573257468,0.18103405912332263
Middle Sister Pnt Nr Goodie,13176.83,9.99752688172043,0.17237145032526663
Middle Sister Rebel Red,27327.24,10.618792057363486,0.1830829373389176
Middle Sister Smarty Pants C,14912.14,10.051262959472195,0.1732979360218241
Middle Sister Sweet & Sassy,32433.54,10.678721804511278,0.1841162106229714
Midleton Rare Irish Whiskey,88949.22,153.9617741935484,2.654517924919671
Midnight Moon,47196.39,19.99,0.3446557666478735
Midnight Moon Apple Pie,223042.94,17.600635421360973,0.3034597546092489
Midnight Moon Blackberry,44977.5,19.99,0.3446557666478735
Midnight Moon Blueberry,45177.399999999994,19.99,0.3446557666478735
Midnight Moon Cherry,29525.23,19.99,0.3446557666478735
Midnight Moon Cranberry,52734.89,12.45589259796807,0.21475713920141365
Midnight Moon Moonshine,42088.5,19.573178726035867,0.3374691805681711
Midnight Moon Peach,7850.78,18.890990099009898,0.3257072874092869
Midnight Moon Raspberry,22768.609999999997,19.99,0.3446557666478735
Midnight Moon Strawberry,51318.299999999996,19.965077881619937,0.3442260742108165
Midori Melon Liqueur,195806.78,18.591607267645003,0.32054550555509587
Migration Duckhorn Chard,10526.49,29.989999999999995,0.5170698570169948
Mija Sangria,22448.86,9.012912047302292,0.15539530322125197
Milagro Anejo Tequila,50323.46,37.1758407079646,0.6409638759371069
Milagro Reposado Tequila,89568.5,26.791053027453927,0.4619155037759363
Milagro Silver Select Barrel,37137.79,51.61698412698413,0.8899495365851342
Milagro Silver Tequila,420683.99,31.460678673402153,0.5424264295869846
Milagro Tequila Anejo SBR,34330.549999999996,77.10989795918367,1.3294832915088417
Milagro Tequila Reposado SBR,28244.99,56.37144329896907,0.9719231119186253
Milbrandt Merlot Columbia Vy,27.98,13.99,0.24120731242640073
Milbrandt Rsl Columbia Vly,425.65999999999997,13.444545454545455,0.23180290749717594
Milbrandt Traditions Cab Svg,5382.29,14.534,0.25058663894248095
Mile Marker Pnt Gris,671.52,13.99,0.24120731242640073
Mile Marker Pnt Nr,8094.19,16.760833333333334,0.2889803832995115
Milestone Cab Svgn,139.86,9.836153846153847,0.16958915181153497
Milestone Chard,3117.9700000000003,10.258595041322314,0.17687263325147654
Milestone Red,3993.08,10.214719101123595,0.17611615021963134
Millet Roger Sancerrre,41673.63,25.46816826411075,0.43910710646243795
Mimosa by St Clair Winery,335.76,13.99,0.24120731242640073
Miner Cab Svgn Napa Vly,2399.5,47.99,0.8274152196814133
Miner Chard Napa,1979.34,29.99,0.5170698570169948
Miner Gary's Vyd Pnt Nr,1025.82,56.99,0.9825879010136225
Miner Svgn Bl Napa,2164.8599999999997,18.99,0.3274143576109614
Miodula Honey Vodka,7325.17,19.182982456140348,0.3307416470742251
Miolo  Lote 43,359.88,29.99,0.5170698570169948
Miolo Chardonnay,149.9,14.99,0.2584487214633129
Mionetto Frizzante Prosecco,12696.289999999999,18.927777777777777,0.3263415588264424
Mionetto IL Lambrusco Sprklg,167.88,13.99,0.24120731242640073
Mionetto IL Moscato,747.0600000000001,8.521914893617021,0.1469298204586046
Mionetto Il Prosecco Spklg,56780.76,12.302786339025406,0.2121173715648718
Mionetto Il Prosecco Veneto,1574.03,7.99,0.13775885820492795
Mionetto Il Spriz,1668.33,9.99,0.17224167627875223
Mionetto Moscato Dolce Spklg,95.94,15.99,0.275690130500225
Mionetto Organic Prosecco,67.96,16.99,0.29293153953713713
Mionetto Prosecco Brut,499270.01,11.259076082004556,0.1941223361075546
Mionetto Prosecco DOC Brut,23915.6,28.462118959107805,0.4907270350312295
Mionetto Prosecco Extra Dry,38763.13,12.310237212750186,0.2122458351264431
Mionetto Prosecco Superiore,12655.089999999998,18.335415778251598,0.31612840329468844
Mirafiore Barolo,49823.880000000005,38.056210045662105,0.656142683791905
Mirafiore Dolcetto D'Alba,679.68,21.323333333333334,0.3676443120304231
Mirafiore Nebbiolo Langhe,1154.65,32.99,0.5687940841277314
Mirassou Cab Svgn Cal,31828.14,9.99,0.17224167627875223
Mirassou Chard Cntrl Coast,36723.24,9.99,0.17224167627875223
Mirassou Merlot Cal,28571.4,9.99,0.17224167627875223
Mirassou Moscato,21158.82,9.99,0.17224167627875223
Mirassou Pnt Grigio Cal,23666.31,9.99,0.17224167627875223
Mirassou Pnt Nr,13309.619999999999,18.035544554455445,0.3109582008668195
Mirassou Pnt Nr Cntrl Coast,123816.07,9.297377777777777,0.16029989323736382
Mirassou Sunset Red,1334.33,7.99,0.13775885820492795
Mirassou Svgn Bl Cal,149.85,9.99,0.17224167627875223
Miraval Cotes de Prvnce Rose,165657.54,20.158745414526777,0.347565175362833
Mitolo Jester McLaren Shiraz,1087.32,15.99,0.275690130500225
Mixed Up Red,25.47,8.49,0.146379562723384
Moet & Chandon Brut Imprl Ro,111649.14,53.79462341536167,0.9274951062909018
Moet & Chandon Grand Vintage,47361.16,53.68150521609538,0.9255447891478327
Moet & Chandon Imperial,1055234.52,34.35192094437489,0.5922755202056363
Moet & Chandon Nectar Imp Rs,1533634.52,52.247797078562975,0.9008256407090871
Moet & Chandon Nectar Imper,59051.16,45.99,0.792932401607589
Moet Nectar Imperial Rose,43015.07,26.184331983805667,0.4514547780910944
Mohua Pinot Noir,17722.28,16.557233384853166,0.28547003330787063
Mohua Svgn Bl Marlboro,122141.45,11.703631156930127,0.20178709199378148
Moillard CdR Violettes Rouge,11323.38,13.113134328358209,0.2260889127111979
Moillard Ch D'Eau Pnt Nr,351.77,14.923333333333334,0.2572992941941854
Moillard Ch d'Eau VDP Rose,2230.6,15.897692307692306,0.27409861581989464
Moillard Chard Tradition,75.96,18.99,0.3274143576109614
Moillard Pnt Nr Bourgogne,3607.2499999999995,20.64034965034965,0.35586871098656464
Mojoshot Blue Lagoon RTD,316.8,0.99,0.01706899494654301
Mojoshot Sourberry RTD,162.36,0.99,0.01706899494654301
Moletto Prosecco,15469.230000000001,3.99,0.06879322205727942
Moletto Prosecco Della Marc,65065.64,8.997356805044667,0.15512710892682002
Molletto Grappa di Barbera,38860.5,28.744491017964073,0.4955955271985654
Mollydooker Blue Eyed Boy,1839.5900000000001,44.762727272727275,0.7717724905168333
Mollydooker Carnival of Love,8733.97,84.83848484848484,1.4627350193445996
Mollydooker Enchanted Path,2319.71,79.99,1.3791403088626015
Mollydooker Gigglepot Cab Sv,479.88,39.99,0.6894839473861163
Mollydooker Maitre D Cab Svg,7978.929999999999,25.99,0.4481042208693463
Mollydooker Scooter Merlot,6681.29,24.919447852760737,0.42964639340344957
Mollydooker The Boxer Shiraz,8862.58,25.925483870967742,0.446991871899223
Mollydooker Two Left Feet,6221.07,25.641408450704226,0.44209401138112703
Mollydooker Velvet Glove Shi,1529.91,169.99,2.9308671221846936
Mollydooker Violinist Verdel,467.78,20.99,0.36189717568478563
Mommessin Bjls Nouveau,9286.55,10.99,0.18948308531566435
Mommessin Dom Presle Bjls Fl,779.6099999999999,19.99,0.3446557666478735
Mommessin Gr Mise CdBrouilly,324.87,24.99,0.4308628118324342
Mommessin Les Gr Mises Amour,1091.58,25.99,0.4481042208693463
Mommessin Les Gr Morgon C Py,299.88,24.99,0.4308628118324342
Mommessin Morgon Les Charmes,574.77,24.99,0.4308628118324342
Mommessin Moulin-A-Vent Gran,824.67,24.99,0.4308628118324342
Mommy's Time Out Delicious R,65.94,10.99,0.18948308531566435
Mommy's Time Out Moscato,323.64,8.99,0.1550002672418401
Mommys Time Out Garganega/P,30781.15,9.094935526900846,0.15680950358364146
Momokawa Diamond Sake,179.88,14.99,0.2584487214633129
Momokawa Silver Sake,899.04,7.6775,0.1323709178808929
Mon Plaisir Minervois Charmi,479.68,14.99,0.2584487214633129
Monadnock Moonshine,6435.78,28.99,0.4998284479800827
Monastero Lunanuova Chianti,71.98,35.99,0.6205183112384678
Moncigale Rose Cd Provnce 14,2278.19,12.462727272727273,0.21487497862457133
Monjardin El Cerezo Chard,1260.97,12.310987654320988,0.21225877379652358
Monkey 47 Dry Gin,61239.880000000005,37.99,0.6550011293122919
Monkey Bay Svgn Bl,133882.26,10.057935731749913,0.1734129840180744
Monkey Shoulder Scotch,128154.43,30.90296,0.5328105738113342
Monsanto 09 Il Poggio Chiant,749.85,49.99,0.8618980377552377
Monsanto Chianti Clsc RSV,72431.09999999999,22.045897149245388,0.38010233033583485
Monsanto Monrosso Chianti,359.76,14.99,0.2584487214633129
Mont Gras RSV Colch Carmener,2587.41,9.99,0.17224167627875223
Mont Gravet Colombard,1011.0799999999999,10.99,0.18948308531566435
Mont Gravet Rose,350.73,12.99,0.22396590338948863
Mont Redon CdP Red,13797.27,36.99,0.6377597202753799
Mont Redon Cotes du Rhone,26789.25,10.022374100719425,0.172799851391458
MontGras RSV Cab Svgn,119.88,9.99,0.17224167627875223
Montanya Platino Rum,725.67,21.989999999999995,0.3791385847216977
Monte Alban Mezcal,26783.37,18.35651583710407,0.3164921980400668
Monte Degli Angeli,671.72,24.52333333333333,0.42281682094854184
Monte Faliesi Falanghina,14428.95,8.99,0.1550002672418401
Monte Velho Tinto Alentejo R,21474.46,10.99,0.18948308531566435
Monte Velho White Alentejo,3835.51,10.989999999999998,0.18948308531566432
Monte d Fra Valpo Sup Ripaso,1079.6,26.99,0.4653456299062585
Monte del Fra Amarone Valpol,14082.9,47.65911764705883,0.8217103416912586
Montebuena Rioja,194.85,12.99,0.22396590338948863
Montelobos Mezcal,46485.490000000005,37.19579710144928,0.6413079522800778
Montelvini CabMerlot,221.99,221.99,3.8274203921041243
Montepulciano D'Abruz Sensi,107.88,8.99,0.1550002672418401
Monteru Sauternes French Bra,164.97,54.99,0.9481050829397982
Monteru Sherry French Brandy,274.95,54.989999999999995,0.948105082939798
Monteru Triple Toast Brandy,659.88,54.99,0.9481050829397982
Montes Alpha Apalta Cab Svgn,7198.53,20.865675675675675,0.35975364915587227
Montes RSV Colchagua Malbec,9157.95,12.990000000000002,0.22396590338948866
Montes Spring Harvest Svgn B,239.52,4.99,0.08603463109419154
Montes Twins Red,3087.94,14.99,0.2584487214633129
Montevina Cab Svgn,93.9,9.49,0.16362097176029614
Montevina Pnt Grigio Cal,503.44,8.99,0.1550002672418401
Montezuma Blue,9974.51,6.79,0.11706916736063339
Montezuma Blue Tequila Liqu,39600.36,9.99,0.17224167627875223
Montezuma Tequila Gold,934.8299999999999,7.990000000000001,0.13775885820492795
Montezuma Tequila White,3795.25,7.99,0.13775885820492795
Montezuma Triple Sec,78.12,2.79,0.04810353121298486
Montgras RSV Svgn Bl Casabln,29590.6,5.99,0.10327604013110368
Montignana 09 Chianti Clsco,662.49,12.99,0.22396590338948863
Montinore Pnt Gris Ore,8614.88,14.107647058823531,0.24323571348956688
Montinore Pnt Nr Ore,21345.969999999998,17.752039660056656,0.30607017701852346
Montsarra Brut Cava,734.51,14.99,0.2584487214633129
Moobuzz Pnt Nr,114.92999999999999,16.41857142857143,0.2830793058017588
Mooiplaas The Bean Pinotage,27089.17,13.707241379310345,0.23633215538837732
Moon Nero d'Avola,63.96,15.99,0.275690130500225
Moonlight Meadery Apple Pie,24291.3,12.99,0.22396590338948863
Moonlight Meadery Desire,17795.28,13.99,0.24120731242640073
Moonlight Meadery Last Apple,1838.85,15.99,0.275690130500225
Moonlight Meadery Red Dress,8027.82,12.99,0.22396590338948863
Moonlight Meadery Sensual,14885.36,13.99,0.24120731242640073
Moonlight Meadery Sumptuous,12314.52,12.99,0.22396590338948863
Moonlight Meadery Wild,16055.64,12.99,0.22396590338948863
Moonstone Asian Pear Sake,8367.03,6.990000000000001,0.12051744916801582
Moonstone Coc Lemongras Sake,3809.55,6.99,0.12051744916801582
Moonstone Plum Sake,461.68,1.99,0.03431040398345515
Morande Edicion Limitada,284.81,14.99,0.2584487214633129
Morecello Blackberry Cello,6256.87,19.99,0.3446557666478735
Morel Bjls-Vlgs Emeringes,951.35,14.585238095238097,0.2514700559007532
Morel Cru Bjls Brouilly,384.78,17.49,0.30155224405559317
Morellino d Scansano Rsv,47213.04,10.99,0.18948308531566435
Morgan Winery Albarino,67.96,16.99,0.29293153953713713
Morgan Winery Cd Crows Monte,17703.19,14.990000000000002,0.25844872146331294
Morgan Winery Double L  Rsl,3333.5499999999997,22.990000000000002,0.39637999375860994
Morgan Winery Double L Chard,7040.04,35.940819672131155,0.6196703730891114
Morgan Winery Double L Pnt N,8875.09,46.563426573426575,0.8028190837126714
Morgan Winery Garys Vyd Pnt,223.93,31.99,0.5515526750908192
Morgan Winery Highland Chard,47274.939999999995,21.465229357798165,0.3700907994289329
Morgan Winery Metalico Chard,37717.799999999996,16.99,0.29293153953713713
Morgan Winery Svgn Bl Mont S,15034.97,14.99,0.2584487214633129
Morgan Winery Syrah G-17 Mon,8061.499999999999,17.926666666666662,0.3090809926683781
Morgan Winery Twelve Clones,95421.01999999999,27.31948643969994,0.47102644038524105
Morrigan Irish Whiskey,1635.21,21.033478260869565,0.36264680216465145
Mortlach Single Malt Scotch,19488.16,106.20019108280255,1.8310409342568272
Moscato Pink Bubbly 480 Plt,10539.41,10.99,0.18948308531566435
Moschofilero Boutari Mantnia,9890.93,13.99,0.24120731242640073
Moshin Vyds Chard,202.93,28.99,0.4998284479800827
Moshin Vyds Pnt Nr RRV,2953.79,24.381304347826084,0.42036804111431375
Moshin Vyds Pnt Nr Sonoma Cs,319.92,39.99,0.6894839473861163
Mother's Apple Pie Liqueur,6337.95,8.99,0.1550002672418401
Mother's Holiday Nog,6104.21,8.99,0.1550002672418401
Mother's Pumpkn Spice Liquer,13880.56,8.99,0.1550002672418401
Motto Cab Svgn Backbone,13996.36,11.03043126684636,0.19018017732524298
Motto Znfdl Unabashed,265.78000000000003,12.49,0.21534519887103257
Moulin Gassac Guilhm Rose 15,5840.6900000000005,7.99,0.13775885820492795
Moulin de Gassac Guilhem Red,5696.87,7.990000000000001,0.13775885820492795
Mount Gay 1703 Old Cask Slct,10728.96,103.01083333333332,1.7760519127331829
Mount Gay Black Barrel Rum,52705.229999999996,28.093092783505153,0.4843645037923368
Mount Gay Eclipse,679528.3,27.563390749127628,0.47523169434994933
Mount Gay Eclipse Silver Rum,1214.51,32.76777777777778,0.5649626598973064
Mount Gay Extra Old Rum,54170.65,40.59484720758694,0.6999123654969567
Mount Royal Light Canadian W,659.4,10.99,0.18948308531566435
Mount Veeder Cab Svgn,60749.2,30.629360639360637,0.5280933353223133
Mount Veeder Cab Svgn Napa,1134.92,154.15666666666667,2.657878145766918
Mourvedre Bunnell Family,55.98,27.99,0.4825870389431706
Moutard Champagne,173.97,57.99,0.9998293100505348
Mouton Cadet Red Brdx,68651.97,11.169815910585141,0.1925833649814076
Mouton Cadet Rose,44977.74,11.15516373991457,0.19233074091359761
Mouton Cadet Ryder Cup Red B,12045.38,14.055104166666666,0.24232979999390802
Mouton Cadet Sauvignon Blanc,20190.87,11.210525869380833,0.19328526203287996
Mouton Cadet White Brdx,38801.05,11.158539325842698,0.1923889407713237
Movendo Moscato,40750.56,8.970933852140078,0.15467153998782893
Mr Boston Amaretto Liqueur,277.92,5.79,0.09982775832372126
Mr Boston Apricot Brandy,105634.89,13.116587823039861,0.22614845582561113
Mr Boston Blackberry Brandy,231536.2,9.486891229610125,0.16356737217840248
Mr Boston Blue Curacao,2712.37,6.422978723404255,0.11074120340559647
Mr Boston Butterscotch,4.49,4.49,0.07741392657573548
Mr Boston Coffee Brandy,165412.13,11.765277959450621,0.2028499697318551
Mr Boston Cr de Cacao Brown,1181.18,6.49,0.11189674464955975
Mr Boston Cr de Cacao White,1259.06,6.49,0.11189674464955975
Mr Boston Creme de Banana,2102.76,6.49,0.11189674464955975
Mr Boston Creme de Menthe Gr,1200.65,6.49,0.11189674464955975
Mr Boston Creme de Menthe-Wh,240.13,6.49,0.11189674464955975
Mr Boston Dark Rum,130627.43000000001,10.75053042121685,0.18535429235596698
Mr Boston Holiday Nog,12440.07,4.99,0.08603463109419154
Mr Boston Light Rum,290202.84,9.32219661335842,0.16072780493342956
Mr Boston Melon Liqueur,273.46999999999997,6.340000000000001,0.10931053329402295
Mr Boston Peach Schnapps,4216.110000000001,4.49,0.07741392657573548
Mr Boston Peppermint Schnaps,473.77,6.49,0.11189674464955975
Mr Boston Rock & Rye,21899.64,8.99,0.1550002672418401
Mr Boston Triple Sec,80.91,2.79,0.04810353121298486
Mr Boston Wild Cherry Brandy,1459.1399999999999,8.79,0.15155198543445764
Mt Beautiful Pnt Nr,12902.42,19.648314350797264,0.33876462460792633
Mt Beautiful Svgn Bl,12957.38,15.046497175141244,0.2594228123693531
Mt Brave Cab Svgn Mt Veeder,6959.03,71.71881355932203,1.2365334002183113
Mt Brave Malbec Mt Veeder,143.98,71.99,1.2412090365673045
Mt Monster Cab Svgn,1535.04,15.99,0.275690130500225
Mt Tabor Galilee Chard,8036.2699999999995,16.99,0.29293153953713713
Mud House Svgn Bl,23188.63,11.44925925925926,0.19740136205854253
Muga 2014 Rose Rioja,4490.79,13.989999999999998,0.24120731242640073
Muga Rioja RSV,45144.11,21.633446379468374,0.3729910979065201
Muga Seleccion Esp Rioja,279.92,34.99,0.6032769022015555
Mulderbosch Faithful Hound,239.88,19.99,0.3446557666478735
Mulderbosch Rose Cab Svgn,1357.93,12.779473684210526,0.22033613306592817
Mulderbosch Svgn Bl Stelnbch,3764.04,19.218571428571426,0.3313552511051127
Mumm Brut Cve Napa,2059.64,6.958918918918919,0.11998156753578748
Mumm Brut Prestige,210520.44999999998,17.144583690987123,0.29559678018388175
Mumm Cordon Rouge Brut,66646.34,37.60964285714286,0.6484432362321807
Mumm Napa Bl de Blanc,37761.92,17.23858757062147,0.29721753952371416
Mumm Napa Brut Rose,167619.57,17.245463379947854,0.2973360881647702
Mumm Napa Cuvee M Sparkling,30731.8,17.18682959048877,0.2963251590173219
Murai Nigori Genshu Sake,4502.16,9.337692307692308,0.16099497253775108
Mureda Cab Svgn Organic,1339.51,8.99,0.1550002672418401
Mureda Svgn Bl Organic,530.41,8.99,0.1550002672418401
Mureda Tempranillo Organic,1312.54,8.99,0.1550002672418401
Murphy-Goode All In Claret,994.53,21.275714285714283,0.3668232925524748
Murphy-Goode Cab Svgn Alex V,3414.5,22.81758620689655,0.3934073370281078
Murphy-Goode Cab Svgn Cal,41579.08,12.725785953177258,0.21941048093491985
Murphy-Goode Chard Sonoma,38262.61,12.629206253758268,0.217745310832575
Murphy-Goode Homefront Red,2495.94,7.911363636363635,0.13640305649429801
Murphy-Goode Liars Dice Znfd,705.64,19.389999999999997,0.3343109212257262
Murphy-Goode Merlot Alexandr,12018.39,12.522467532467532,0.2159049848787245
Murphy-Goode Pnt Nr,1137.1599999999999,12.74,0.21965555113026058
Murphy-Goode Svgn Bl,33438.0,11.961839799749688,0.20623897282149947
Murrieta's Well The Spur,10245.42,22.362670807453416,0.3855639545491185
Murrieta's Well The Whip Wh,10786.369999999999,19.069320113314447,0.32878194812947004
Muxagat Barroca Tinto Doura,967.52,20.18512195121951,0.34801994402092956
My Big Fat Greek Red Wine,287.76,11.99,0.20672449435257648
My Big Fat Greek Retsina,199.8,9.99,0.17224167627875223
Myers Original Dark Rum,713687.5599999999,23.531763727121465,0.4057207637792732
Myers Platinum Rum,92.94,15.49,0.26706942598176897
Myers Platinum White Rum,79.92,9.99,0.17224167627875223
Mystos Longboard Vyd 13 Pnt,4179.24,54.99,0.9481050829397982
NH 1761 Walpole Rose,3266.2799999999997,18.99,0.3274143576109614
NH Barnett Hill Dry White,3757.65,15.99,0.275690130500225
NH Winter Warmer Red,4459.95,17.49,0.30155224405559317
NY Yankees Cab Svgn,2302.83,19.607977528089886,0.338069160948379
Naked Ryan Patrick Vyd Chard,130.89,11.823333333333332,0.20385092617975775
Nanbu Bijin Southern Beauty,535.68,17.41857142857143,0.3003207148386709
Nanna's Short Cake Znfdl,7955.19,13.791033591731267,0.23777685119683425
Nantucket Vyd Chard,14.99,14.99,0.2584487214633129
Napa Cellars Cab Svgn Napa,60070.96,23.99,0.41362140279552206
Napa Cellars Chard,16157.489999999998,16.99,0.29293153953713713
Napa Cellars Merlot,629.6999999999999,20.99,0.36189717568478563
Napa Cellars Pnt Nr Napa,12908.199999999999,18.982094861660077,0.3272780618873494
Napa Cellars Svgn Bl,14950.23,15.345783308931185,0.26458292702110153
Napa Highlands Meritage,32947.02,9.99,0.17224167627875223
Napa River Chard Napa Cnty,167.76,6.99,0.12051744916801582
Nardi Brunello di Montalcino,649.87,49.99,0.8618980377552377
Nardi Brunllo d Montlcino 10,2649.5,52.99,0.913622264865974
Nardi Casale 08 Bosco Brunel,33643.979999999996,27.99,0.4825870389431706
Nardi Rosso di Montalcino,12.99,12.99,0.22396590338948863
Nardi Rosso di Montalcino 13,1319.3999999999999,21.99,0.3791385847216978
Nardini Acqua di Cedro,1174.53,24.99,0.4308628118324342
Nardini Tagliatella Liqueur,849.66,24.989999999999995,0.4308628118324341
Nasiakos Agiorgitiko Rd,809.46,14.99,0.2584487214633129
Nasiakos Nemea Rd,1784.15,20.99,0.36189717568478563
Nassua Royale Liqueur,701.64,19.49,0.3360350621294174
Natale Verga Prosecco,146.85999999999999,10.49,0.1808623807972083
Nathanson Creek Cab Svgn,30951.76,8.125298057602143,0.1400915873579462
Nathanson Creek Chard,65531.09,8.108279569892474,0.13979816465015413
Nathanson Creek Merlot,33440.79,8.1081598062954,0.13979609975698926
Nathanson Creek Wh Znfdl,7171.15,8.07955223880597,0.13930286498435293
Nativa Terra Cab Svgn Orgnic,119.88,9.99,0.17224167627875223
Natura Chard Casablanca,10375.34,9.897216494845361,0.17064195791450265
Natura Colchagua Carmenere,13393.59,10.072781456953642,0.17366894523876147
Natura Malbec Ville de Rapel,13972.03,9.876167146974064,0.17027903749789333
Natura Pnt Nr,12455.09,9.55360946745562,0.16471768860731867
Natura Rose,440.6,10.99,0.18948308531566435
Natura Valle Cab Svgn Cntrl,8249.77,10.131809290953544,0.17468666826931675
Natura Valle Svgn Bl Casabla,17887.49,9.676153846153847,0.16683052636562903
Nautical Gin,33745.32,28.834410876132928,0.4971458722537958
Navardia Rioja Organic,233.82,12.99,0.22396590338948863
Navarro Vyds Chard,1739.1299999999999,19.99,0.3446557666478735
Navarro Vyds Late Harvest Ge,911.52,18.99,0.3274143576109614
Navarro Vyds Pnt Nr l'Ancien,2219.2599999999998,29.99,0.5170698570169948
Naveran Cava Brut,521.71,17.99,0.31017294857404926
Neal Cab Svgn Napa,12193.44,47.53666666666667,0.8195991142513465
Neal Family Svgn Bl Napa Vly,4903.349999999999,18.42850267379679,0.3177333525367594
Neal Family Vyds Znfdl Napa,4699.11,24.688113207547172,0.4256578581609136
Neal Fifteen Forty Cab Svgn,3007.68,93.99,1.6205200353793712
Neal One Lane Bridg Cab Svgn,187.98,93.99,1.6205200353793712
Neal Petite Syrah Rutherford,303.92,37.99,0.6550011293122919
Neil Ellis Sincerely Shiraz,119.88,9.99,0.17224167627875223
Neil Ellis Sincerely Svgn Bl,4544.45,9.986124031007753,0.1721748491119425
Neirano Brachetto D'Acqui,16.49,16.49,0.28431083501868104
Neirano Pitul Moscato d'Asti,515.5699999999999,11.99,0.20672449435257648
Neirano Prosecco,547.78,4.49,0.07741392657573548
Neirano Prosecco Sparkling,38.97,12.99,0.22396590338948863
Nero D'Avola Donnafugata Scl,191.88,15.99,0.275690130500225
Netzl Rosanna Rose,391.71999999999997,13.99,0.24120731242640073
Neveu Sancerre Cd Embouffant,5412.15,18.99,0.3274143576109614
New Age Valentin Bianchi Whi,11894.53,7.124703196347031,0.12283992207481446
New Amsterdam 100* Vodka,13340.73,12.99,0.22396590338948863
New Amsterdam Apple Vodka,25816.09,3.188576753642833,0.054975556055145494
New Amsterdam Citron Vodka,2580.63,7.66857142857143,0.13221697672877764
New Amsterdam Coconut Vodka,68119.69,10.419604628736742,0.17964866540695315
New Amsterdam Gin,563484.4299999999,14.663612137333136,0.25282133481839
New Amsterdam Mango Vodka,69115.6,7.372357873553581,0.127109837664437
New Amsterdam Orange,503.58,11.99,0.20672449435257648
New Amsterdam Orange Vodka,272.79,12.99,0.22396590338948863
New Amsterdam Peach Vodka,91287.45,10.206411014599889,0.17597290710156205
New Amsterdam Pineapple,143.88,11.99,0.20672449435257648
New Amsterdam Pineapple Vdka,70838.75,10.400014170996695,0.17931089831183666
New Amsterdam Red Berry,75662.14,10.396976744186047,0.17925852879377457
New Amsterdam Red Berry Vdka,111.92,13.99,0.24120731242640073
New Amsterdam Vodka,756457.69,14.453204400745008,0.24919360896734322
New Harbor Svgn Bl Marlboro,55559.91,10.500301109350238,0.1810399864370497
Newhall Farm Ice Cider,32.99,32.99,0.5687940841277314
Newman's Own Common Good Red,79.92,9.99,0.17224167627875223
Newport Vyds Great White RI,36059.77,9.973774038461539,0.1719619178388504
Newton Chard Napa/Sonoma,43223.46,17.66231075697211,0.3045231242980093
Newton Claret Napa,14427.16,17.35480686695279,0.29922132394974454
Newton Merlot Napa Unfilterd,221.94,36.99,0.6377597202753799
Newton Red Label Cab Svgn,14389.249999999998,17.45938775510204,0.30102444581976934
Newton Unfiltered Cab Svgn,868.77,37.49,0.646380424793836
Newton Unfiltered Chard,5179.6900000000005,40.04263157894737,0.6903913899670063
Nexo Rioja,119.88,9.99,0.17224167627875223
Neyers Conn Vly Cab Svgn,8645.37,53.37947368421053,0.9203373399645609
Neyers Merlot Napa,8210.84,25.979583333333334,0.4479246228585452
Neyers Vineyard Left Bank Rd,1829.3899999999999,29.99,0.5170698570169948
Neyers Vyd Chard Carneros,28625.5,27.29131826741996,0.47054078140513966
Neyers Vyd Pnt Nr Roberts Rd,2127.44,37.99,0.6550011293122919
Neyers Vyds Chard Novillero,449.90000000000003,44.99,0.775690992570677
Nicholson Ranch Chard Son Ct,29436.03,19.68672131147541,0.33942681472684283
Nicholson Ranch Est Chard,39588.590000000004,14.99,0.2584487214633129
Nicholson Ranch Pnt Nr Sonom,5848.7,44.99,0.775690992570677
Nickel & Nickel Merlot Harri,1322.79,62.989999999999995,1.0860363552350951
Nickel & Nickel Stiling Vyd,1268.73,46.99,0.8101738106445011
Nickel Branding Irn Cab Svgn,2914.72,103.99,1.7929341257484928
Nickel Carpenter Cab Svgn,99.99,99.99,1.7239684896008443
Nickel Rock Cairn Cab Svgn,3109.7,103.85363636363635,1.7905830245161865
Nickel&Nickel Truchard Chard,1785.6200000000001,46.99,0.8101738106445011
Nicolas Catena Zapata Mendza,7509.31,108.03878048780489,1.8627408062394053
Nicolas Feuillatte Brut,36761.85,32.94212765957447,0.5679686975249004
Nicolas Feuillatte Brut Rose,2351.4700000000003,44.080909090909095,0.7600169843553023
Nicolas Perrin Cote Rotie 11,239.96,59.99,1.034312128124359
Nicolas Perrin St Joseph,493.80999999999995,25.99,0.4481042208693463
Nicolas Potel Pnt Nr Bourgog,1616.98,15.883939393939393,0.27386149620843125
Nicolas Potel Wh Burgundy,132.92999999999998,18.99,0.3274143576109614
Nicole Chanrion Cote de Brou,4941.65,21.06407407407407,0.36317431709492726
Nicolis Amarone Valpo Clsc,5707.9400000000005,53.864999999999995,0.928708497773272
Nicolis Recioto Valpo Clsc,219.78000000000003,9.99,0.17224167627875223
Nicolis Valpo Clsc,19646.14,14.183255512321661,0.2445393097629765
Nicolis Valpo Seccal Ripasso,16976.629999999997,23.037151277013752,0.39719294821221673
Niebaum Coppola Edizne Znfdl,975.8000000000001,48.27571428571429,0.8323413365491025
Night Harvest Cab Svgn,98.84,6.590000000000001,0.11362088555325098
Night Harvest Chard,3853.66,6.021358885017422,0.10381671149463055
Nigl Gruner Veltliner Freiht,1439.28,19.989999999999995,0.34465576664787345
Nikka Coffey Grain Whisky,46018.6,62.19900321543408,1.072398456125512
Nikka Coffey Malt Whisky,14092.89,66.90256830601092,1.1534945457838879
Nikka Miyagikyo Single Malt,4927.36,76.99,1.327416081751865
Nikka Pure Malt whiskey,49549.719999999994,68.0603125,1.1734556869925636
Nikka Taketsuru 17 Yr Whisky,3229.8100000000004,169.99000000000004,2.930867122184694
Nikka Taketsuru Pure Malt 21,5799.71,199.99,3.4481093932920577
Nikka Whisky Taketsuru 12 Yr,18747.219999999998,67.53945054945054,1.1644752930513766
Nikka Yoichi Single Malt,6929.099999999999,76.99,1.327416081751865
Nine Walks Svgn Bl,12.99,12.99,0.22396590338948863
Niner Twisted Spur 10 Red,96660.26999999999,17.99,0.31017294857404926
Niner Wine Est Red Paso Robl,203.88,16.99,0.29293153953713713
Ninety Cellars Lot 105 Chard,415.68,12.99,0.22396590338948863
Ninety Cellars Lot 106 Pnt N,175.89000000000001,15.99,0.275690130500225
Ninety Cellars Lot 129 Znfdl,76.93,10.99,0.18948308531566435
Ninety Cellars Lot 92 Merlot,142.87,10.99,0.18948308531566435
Ninety Cellars Lot 96 Chard,779.4,12.99,0.22396590338948863
Ninety+Cellars Lot 104 Vacqu,67.96,16.99,0.29293153953713713
Ninety+Cellars Lot 112 Svgn,359.64,9.99,0.17224167627875223
Ninety+Cellars Lot 113 B Red,22827.8,10.411633554083885,0.17951123284839948
Ninety+Cellars Lot 118 Svgn,38.97,12.99,0.22396590338948863
Ninety+Cellars Lot 123 Chard,237.83,13.99,0.24120731242640073
Ninety+Cellars Lot 130 Chard,27.98,13.99,0.24120731242640073
Ninety+Cellars Lot 131 PN RV,161.91,17.99,0.31017294857404926
Ninety+Cellars Lot 132 Rose,203.82999999999998,11.99,0.20672449435257648
Ninety+Cellars Lot 2 Svgn Bl,115066.86,9.31689135045958,0.1606363347257423
Ninety+Cellars Lot 21 Fusion,76.93,10.99,0.18948308531566435
Ninety+Cellars Lot 23 Malbec,85790.81,9.537339699863574,0.16443717488932869
Ninety+Cellars Lot 28 Pnt Nr,191.88,15.99,0.275690130500225
Ninety+Cellars Lot 30 CDR,98.91,10.99,0.18948308531566435
Ninety+Cellars Lot 33 Rose,681.38,10.99,0.18948308531566435
Ninety+Cellars Lot 35 Tempo,15057.86,10.702344280860702,0.1845234954001766
Ninety+Cellars Lot 37 Shiraz,17389.05,9.795709023941068,0.16889182608833928
Ninety+Cellars Lot 42 Pnt Gr,69633.05,9.547823129251702,0.16461792398351896
Ninety+Cellars Lot 50 Prosco,39554.19,8.663878205128205,0.1493774679806035
Ninety+Cellars Lot 50 Prosec,450.59000000000003,10.99,0.18948308531566435
Ninety+Cellars Lot 53 Cab Sv,56539.57,9.855377023292538,0.16992058647157215
Ninety+Cellars Lot 66 Rsl Mo,13624.9,10.454367816091954,0.18024803173957119
Ninety+Cellars Lot 71 Malbec,494.67,14.99,0.2584487214633129
Ninety+Cellars Lot 77 Moscto,95.92,11.99,0.20672449435257648
Ninety+Cellars Lot 78 Cab Sv,1343.04,13.989999999999998,0.24120731242640073
Ninety+Cellars Lot 83 Pnt Nr,558.57,12.989999999999998,0.22396590338948857
Ninety+Cellars Lot 90 Rosso,458.83,26.99,0.4653456299062585
Ninety+Cellars Lot 94 Cab Sv,250.86999999999998,19.275714285714283,0.33234047447865056
NinetyCellars Lot 122 Chard,681.38,10.99,0.18948308531566435
NinetyCellars Lot 50 Prosec,259.87,19.99,0.3446557666478735
Nino Franco Prosecco Rustic,26874.079999999998,16.88309576837416,0.29108835995189924
Nino Negri Sforzato Valtl,740.87,56.99,0.9825879010136225
Nino Negri Vigneto Fracia 09,34.99,34.99,0.6032769022015555
Nisia 13 O V Verdejo Rueda,5609.76,8.99,0.1550002672418401
No. 14 Bourbon,89.98,44.99,0.775690992570677
No. 3 London Dry Gin,17325.31,36.81215743440234,0.6346934638577366
Nobilo Chard,18168.33,11.835916795069338,0.20406788279064858
Nobilo Icon Pnt Nr Marlboro,9557.55,14.926768149882903,0.2573585152712833
Nobilo Icon Svgn Bl Marlboro,41630.49,14.165831202046036,0.2442388901023284
Nobilo Svgn Bl MarlborougH,157501.83,10.91853144243329,0.1882508666813786
Noble Vines 1 Red Blend,24762.95,12.373233532934131,0.2133319804505548
Noble Vines 181 Merlot Lodi,37650.2,10.614217118997912,0.18300405895523808
Noble Vines 242 Svgn Bl,23829.5,10.600226320201173,0.18276283787043035
Noble Vines 337 Cab Svgn,142137.78,12.312704339051464,0.21228837186014915
Noble Vines 446 Chard Monter,38485.28,10.55601466992665,0.1820005667238504
Noble Vines 667 Pnt Nr Mntry,46126.46,12.338560079443893,0.21273416125620723
Nodus Red,155.88,12.99,0.22396590338948863
Noilly Prat Extra Dry Vermou,43606.35,9.99,0.17224167627875223
Noilly Prat Sweet Vermouth,31748.22,9.99,0.17224167627875223
Nomad Outland Whiskey,6858.160000000001,37.10678832116788,0.6397733154913696
Nora Albarino Rias Baixas,9577.8,15.465195822454309,0.2666417670108795
North by Northwest Rose,29590.760000000002,7.0249726775956285,0.1211204274075581
Northstar Cab Svgn,1499.49,29.40860465116279,0.5070457819955343
Northstar Merlot Columbia,9481.8,29.435454545454544,0.5075087120056163
Northstar Merlot Walla Walla,2557.31,37.193703703703704,0.6412718591532693
Nortico Alvarinho,629.55,13.990000000000002,0.24120731242640078
Norton Malbec Mendoza,5539.38,11.99,0.20672449435257648
Norton RSV Malbec Mendoza,18933.03,18.99,0.3274143576109614
Nostor Sants Priorat Red,193.98,96.99,1.6722442624901075
Nostor Templari Priorat Red,1805.5700000000002,41.99,0.7239667654599405
Nostor Tinto Priorat,7242.49,16.073018867924528,0.2771214927598932
Notarious Cab Svgn,399.90000000000003,39.99,0.6894839473861163
Notarious Petite Syrah,79.98,39.99,0.6894839473861163
Notarious Syrah,39.99,39.99,0.6894839473861163
Notorious Pink Grenache Rose,1205.33,17.99,0.31017294857404926
Notre Dame Cousignac 13 Gigo,34792.659999999996,17.99,0.31017294857404926
Notre Dame Cousignac Blnc 13,199.8,9.99,0.17224167627875223
Notre Dame Cousignac CdR 13,54815.13,9.99,0.17224167627875223
Notre Dame Cousignac Vent 14,36201.21,6.99,0.12051744916801582
Notre Dame Luberon Rose,7332.66,9.989999999999998,0.17224167627875217
Nova 06 Marilyn Merlot Napa,1043.6399999999999,28.99,0.4998284479800827
Nova Norma Jeane Merlot,5246.5,14.99,0.2584487214633129
Nova Norma Jeanne 08 Merlot,44.97,14.99,0.2584487214633129
Novellum Chardonnay RSV VDP,4982.58,11.24242718446602,0.19383528565507907
Novelty Hill Cab Svgn CV,19610.92,21.631952983725135,0.37296534965965694
Novelty Hill Svgn Bl,49500.45,9.99,0.17224167627875223
Novy Four Mile Creek Red,2266.11,11.99,0.20672449435257648
Nozzole Chianti Clsc RSV,59229.27,17.600492845786963,0.3034572964054587
Nozzole La Forra Chianti Gra,480.87,36.99,0.6377597202753799
Nozzole Le Bruniche Chardon,129.9,12.99,0.22396590338948863
Nozzole Vineto Il Pareto,1322.79,62.99,1.0860363552350953
Nuvo Lemon Sorbet Liqueur,124.94999999999999,24.99,0.4308628118324342
Nuvo Sparkling Vodka Liqueur,71.96,17.99,0.31017294857404926
NxNW Cab Svgn Columbia Vly,1799.25,23.989999999999995,0.41362140279552195
NxNW Red Columbia Valley,8916.63,13.953855421686749,0.24058412896723527
Nyers Vyds Sage Canyon Red,132.92999999999998,18.99,0.3274143576109614
Nyers Vyds Vista Luna Znfdl,3100.5899999999997,21.99,0.3791385847216978
O Leflaive Bourgne Setill 14,2988.7,22.99,0.39637999375860994
O Leflaive Ch-Mnt 14 St Marc,1329.81,69.99,1.2067262184934802
O Leflaive Pulgny Montrcht12,405.93,57.99,0.9998293100505348
O Leflaive Rully 14 Le Cloux,1014.65,28.989999999999995,0.49982844798008264
O Leflv Ruly Cr Ls Cloux,1304.55,28.99,0.4998284479800827
O Lflv Bour Les Setilles,1799.25,23.99,0.41362140279552206
O Pinot Pinot Noir,174.92999999999998,24.99,0.4308628118324342
O Wines Chard,11842.52,10.192412868632708,0.17573155934118348
O Wines Red,13.99,13.99,0.24120731242640073
O'Shaugnessey Cab Svgn Howel,33566.27,89.99,1.551554399231723
OR-G Liqueur,280.87,20.418571428571425,0.3520449419494072
OTWC Pnt Nr Willamete Vly,139.92999999999998,19.99,0.3446557666478735
Oak Leaf Cab Svgn Cal,179.4,2.99,0.05155181302036728
Oak Leaf Chard Cal,107.64000000000001,2.99,0.05155181302036728
Oak Leaf Merlot Cal,358.8,2.99,0.05155181302036728
Oak Leaf Moscato,35.88,2.99,0.05155181302036728
Oak Leaf Pnt Grigio Cal,71.76,2.99,0.05155181302036728
Oak Leaf Svgn Bl Cal,215.28000000000003,2.99,0.05155181302036728
Oak Leaf Sweet Red,20.93,2.99,0.05155181302036728
Oak Ridge OZV Znfdl Lodi,971.28,13.418571428571429,0.23135507869102237
Oakhurst Happy Camp Cab Svgn,2055.13,10.99,0.18948308531566435
Oakhurst Happy Camper Chard,989.1,10.99,0.18948308531566435
Oakhurst Happy Camper Merlot,659.4,10.99,0.18948308531566435
Oban 14-Yr Single Malt,549291.81,59.75948884941781,1.030337791089602
Oban 18 Yr Single Malt,56854.46,102.77571428571427,1.7719981290608133
Oban Distiller's Edition,103267.09,79.99,1.3791403088626015
Oban Little Bay Single Malt,135382.58000000002,60.455527760829774,1.042338482666863
Oberon Cab Svgn Napa,93109.47,22.40300980898296,0.38625945577463
Oberon Chardonnay,5356.469999999999,16.798372093023254,0.2896276044100637
Obsidian Ridge Cab Svgn,86.97,28.99,0.4998284479800827
Occhio A Vento Vermentino,67.83,3.99,0.06879322205727942
Ocean Organic Vodka,12686.82,5.99,0.10327604013110368
Ocean Vodka,80679.08,30.00098901098901,0.5172593230503675
Ocho Tequila Plata Corrales,41.94,6.989999999999999,0.1205174491680158
Octave Vino Verde White,89.9,8.99,0.1550002672418401
Offley White Port,153.89000000000001,13.99,0.24120731242640073
Oh Schist Rsl,38657.03,9.206267042783262,0.15872901578766965
Oko Cab Svgn VdP L'Herault,143.88,11.99,0.20672449435257648
Oko Malbec Mendoza Organic,119.9,11.99,0.20672449435257648
Oko Organic Prosecco,38.97,12.99,0.22396590338948863
Old Beezer 10 Yr SB Bourbon,31316.050000000003,34.99,0.6032769022015555
Old Bushmills,134469.6,23.065924295774646,0.3976890355979001
Old Bushmills Irish Whiskey,129456.65000000001,41.34986869101354,0.7129299997243709
Old Camp Spicy Pecan Peach W,8835.58,19.99,0.3446557666478735
Old Crow,348058.25,12.270841352084876,0.21156659497835129
Old Ezra 7Yr Bourbon,9246.3,24.99,0.4308628118324342
Old Forester 100 Bourbon,41568.6,22.5742776203966,0.38921235416606925
Old Forester Birthday 2016,269.96999999999997,89.99,1.551554399231723
Old Forester Bourbon,439.79999999999995,21.99,0.3791385847216978
Old Forester Mint Julep,4348.55,29.99,0.5170698570169948
Old Forrester 1870 Craft,13378.45,37.98624060150376,0.6549363119850855
Old Grand Dad,143693.33,14.008970665729844,0.24153439343395153
Old Grand Dad Bonded,18904.32,19.905624999999997,0.34320102276038406
Old Mexico Blanco Tequila,1171.62,8.49,0.146379562723384
Old Mexico Gold Tequila,29570.67,8.49,0.146379562723384
Old New England Choc Egg Nog,8835.36,6.990000000000001,0.12051744916801582
Old New England Cinn Egg Nog,8534.79,6.99,0.12051744916801582
Old New England Egg Nog,45725.91,9.609869125520524,0.16568768438429246
Old New England Pumpkin Nog,8996.13,6.99,0.12051744916801582
Old Overholt,73156.56999999999,15.430333696046427,0.26604069482958465
Old Potrero 18th Century,20111.010000000002,50.77571428571429,0.8754448591413827
Old Pulteney Single Malt Sc,68916.1,38.532682926829274,0.6643577476311041
Old Smuggler,579.42,9.99,0.17224167627875223
Old Smuggler P E T,266925.97,16.94239903785289,0.2921108318782083
Old St Andrew 3 Mini Barrels,6172.53,24.99,0.4308628118324342
Old St Andrews Jumbo Golfbll,6838.29,39.99,0.6894839473861163
Old St Andrews Tumbler Pack,10884.720000000001,3.99,0.06879322205727942
Old St Nick's Egg Nog,5552.73,5.99,0.10327604013110368
Old Tahoe Honey Rye,9230.58,26.99,0.4653456299062585
Old Tahoe Straight Rye,10220.52,29.906666666666663,0.5156330729305855
Old Thompson,74.94,12.49,0.21534519887103257
Ole Smoky Apple Pie Moonshin,70921.61,1.99,0.03431040398345515
Ole Smoky Apple Pie Moonshne,65401.38,18.92849206349206,0.3263538741186116
Ole Smoky Apple Pie Pour Pak,10140.66,18.99,0.3274143576109614
Ole Smoky Blackberry M'Shine,83.96,20.99,0.36189717568478563
Ole Smoky Blue Flame,5779.629999999999,17.206450216450214,0.29666344625508345
Ole Smoky Charred Tennesse,987.4799999999999,18.99,0.3274143576109614
Ole Smoky Harley-Davidson,6347.33,17.28126213592233,0.2979533091595387
Ole Smoky Hunch Punch Lightn,15318.029999999999,19.21810218978102,0.33134716076719134
Ole Smoky Hunch Punch Moonsh,69930.59,1.9899999999999998,0.03431040398345514
Ole Smoky Margrita Moonshine,5012.049999999999,16.99,0.29293153953713713
Ole Smoky Moonshine Cherries,109616.68,19.191468788249693,0.33088796339734544
Ole Smoky Moonshine Peaches,15824.759999999998,17.160833333333333,0.2958769469142763
Ole Smoky Peach Moonshine,2430.48,15.99,0.275690130500225
Ole Smoky Pumpkin Pie,6228.719999999999,18.99,0.3274143576109614
Ole Smoky Shine Nog,6223.16,14.023980582524272,0.24179318554901427
Ole Smoky Strawberry Lightin,143.91,15.99,0.275690130500225
Ole Smoky Wh Lightin'Moonshn,37706.52,1.99,0.03431040398345515
Ole Smoky White Lightnin',70589.65,18.880753424657534,0.3255307927196001
Oliver Chanzy Mers Les Meur,479.92,59.99,1.034312128124359
Oliver Chanzy Rly 1 Cru Mar,3324.05,34.99,0.6032769022015555
Olivier & Lafont Ventoux Bl,5934.6,10.99,0.18948308531566435
Olivier & Lafont Ventx Rouge,6692.91,10.99,0.18948308531566435
Olivier Chablis Savary,350.73,12.99,0.22396590338948863
Olivier Chanzy Chard VdFranc,1693.8700000000001,14.99,0.2584487214633129
Olivier Chanzy Les Morgeots,4133.61,105.99,1.827416943822317
Olivier Chanzy Meursault,5339.11,59.99,1.034312128124359
Olivier Chanzy Nuits St Geor,2999.5,59.99,1.034312128124359
Olivier Leflaive Bourg Al 12,113.94,18.99,0.3274143576109614
Olmeca Altos Plata Blanco,337.87,25.99,0.4481042208693463
Olmeca Altos Plata Tequila,248577.62,26.395225125069484,0.45509087300270323
Olmeca Altos Reposado,66525.84,22.02275374039628,0.37970330535735886
Omaka Springs Svgn Bl,28091.26,14.99,0.2584487214633129
Once Upon A Vine Pnt Nr,10438.5,11.042790346907994,0.19039326527990555
Once Upon A Vine Red,515.57,11.99,0.20672449435257648
One Four Brut Rose 1/4,57.45,11.49,0.19810378983412041
One Roq RSV Vodka,1199.5,23.99,0.41362140279552206
OneHope Cabernet Sauvignon,195.86,13.99,0.24120731242640073
Onix Classic Priorat,239.88,19.99,0.3446557666478735
Oops Cheeky Little Svgn Bl,21138.74,8.429232409381664,0.14533184383734565
Oops Spicy Splendr Carmenere,16159.9,8.500714285714286,0.14656429210592237
Oops Voluptuous Beauty Valle,13186.41,8.500330578512397,0.1465576764531042
Ophir London Dry Gin,23020.43,22.46991071428571,0.3874129216478944
Opici Fish Bottle Bianco,19611.28,11.727855946398659,0.20220476149784153
Opici Homemade Barberone Bia,191.92,23.99,0.41362140279552206
Opici Lambrusco,120.89,10.99,0.18948308531566435
Opici Marsala Cal,937.3299999999999,13.99,0.24120731242640073
Opici Sangria,55872.770000000004,13.596855543896469,0.2344289480481254
Opici Toscano Twist Neck 12,4736.05,11.99,0.20672449435257648
Opici White Sangria,21567.920000000002,13.458213058419245,0.23203855624611847
Opolo Cab Svgn,1229.59,29.99,0.5170698570169948
Opus One 11,2529.8900000000003,229.98999999999998,3.9653516643994213
Opus One 12,158963.61000000002,248.7876878612717,4.2894502897638045
Opus One 2013,52468.020000000004,264.99,4.568800980691346
Orange Quattro di Amore,1593.9,14.49,0.24982801694485685
Orestiadi Ludovico,1259.55,27.99,0.4825870389431706
Orgullo Pueblo Viejo Anejo,44.99,44.99,0.775690992570677
Original Wondermint Schnapps,1253.34,18.99,0.3274143576109614
Orin Swift Abstract Red,13403.81,31.99,0.5515526750908192
Orin Swift D66 Grenache Cata,9950.310000000001,36.99,0.6377597202753799
Orin Swift Fragile Rose VDP,5091.17,17.99,0.31017294857404926
Orin Swift Machete Red,14762.79,45.99,0.792932401607589
Orin Swift Mannequin Chard,5595.07,28.99,0.4998284479800827
Orin Swift Palmero Cab Svgn,10161.58,41.99,0.7239667654599405
Orin Swift Papillon Red,17448.23,62.99,1.0860363552350953
Orleans Hill Syrah Lodi,10394.58,9.880052356020943,0.1703460239762645
Ornellaia Bolgheri 09,283.98,141.99,2.448107669151154
Ornellaia Bolgheri 10,5599.72,199.99,3.4481093932920577
Ornellaia Bolgheri 11,1599.92,199.99,3.4481093932920577
Ornellaia Bolgheri 12,5999.700000000001,199.99,3.4481093932920577
Ornellaia Ornus,99.99,99.99,1.7239684896008443
Oro de Oaxaca Mezcal,311.88,25.99,0.4481042208693463
Orogeny Pnt Nr Sonoma,1253.67,37.99,0.6550011293122919
Our Daily Chard,8254.05,7.857114093959732,0.135467717943647
Our Daily Red,71259.82,9.623746898263029,0.1659269567406673
Our Daily Red Cab Svgn,579.48,10.61962962962963,0.18309737826495615
OuterSpace Vodka,81795.02,10.403607275176828,0.17937284849071858
Outlier Pnt Nr,57.45,11.49,0.19810378983412041
Oyster Bay Chard Marlboro,127787.99,10.4463712608331,0.180110159859467
Oyster Bay Hawkes Bay Merlot,1519.05,15.99,0.275690130500225
Oyster Bay Pnt Nr Marlboro,52515.12,15.492072232089994,0.2671051541828519
Oyster Bay Svgn Bl Marlboro,890334.41,10.615134353741496,0.18301987337463507
Ozeki Dry Sake,4935.06,9.99,0.17224167627875223
Ozeki Hana Awaka Sprkl Sake,6041.28,8.99,0.1550002672418401
Ozeki Junmai Reishu Sake,1449.8,72.49,1.2498297410857606
Ozeki Nigori Unfiltered Sake,335.52,6.989999999999999,0.1205174491680158
Ozeki Platnm Junmai Dai Sake,69.93,9.99,0.17224167627875223
Ozeki Yamadanishiki Jun Sake,539.46,9.99,0.17224167627875223
P & J Cold Soaked Berries,989.29,13.925483870967742,0.24009496345627737
P & J Cold Soaked Peaches,10165.49,15.602040133779266,0.2690011557568076
P & J Cold Soaked Pineapples,10237.45,15.635098039215686,0.26957112062634053
P Jaboulet Hrmtg 10 Chapelle,951.96,237.99,4.103282936694718
P Jolivet Ply Fume 14 Griott,359.85,23.99,0.41362140279552206
P Michael Apres Midi Svgn Bl,7048.59,49.99,0.8618980377552377
P Michael L'Espirit Brdx,10798.800000000001,89.99,1.551554399231723
P Michael La Carriere Chard,1189.86,84.99,1.465347354047162
P Michael Les Pavots Est Brd,8459.550000000001,187.99,3.241212484849112
Pacific Rim Dry Rsl,773.45,4.99,0.08603463109419154
Pacific Rim Organic Riesling,1117.14,12.99,0.22396590338948863
Pacific Rim Rsl,34934.78,9.097891891891893,0.1568604754817145
Pacific Rim Sweet Rsl,69856.22,9.105354645354646,0.15698914386670748
Pacific Rim Vin de Glaci Rsl,3966.34,14.883617021276596,0.25661452901257753
Pacific Rim Yakima Gewurz,10237.32,11.780808240887481,0.20311773366656635
Pacifica Cab Svgn/Merlot 11,7321.929999999999,17.99,0.31017294857404926
Pacifico Sur Cab Svgn Curico,646.6,7.092325581395349,0.12228168637179289
Pacifico Sur Cab Svgn Rsv,269.73,9.99,0.17224167627875223
Pacifico Sur Chard Curico,503.01,7.29,0.12568987187908945
Pacifico Sur Merlot,116.64,7.290000000000001,0.12568987187908948
Pacifico Sur Pnt Nr Rsv,2387.58,9.80868131868132,0.16911548672810334
Pacifico Sur Rose Carmenere,153.09,7.29,0.12568987187908945
Pacifico Sur Rsv Malbec,9.99,9.99,0.17224167627875223
Pacifico Sur Svgn Bl,1550.14,7.166146788990826,0.12355446800754528
Paddy's Irish Whiskey,69846.45999999999,19.71406015037594,0.33989817483092105
Pahlmeyer Napa Red,3909.7700000000004,169.99000000000004,2.930867122184694
Palacios Bolo Godello Valdeo,1245.11,13.99,0.24120731242640073
Palagetto Brunello d Montlcn,12569.49,50.11154696132597,0.8639936786326524
Palagetto Sottobosco Rosso,3557.7799999999997,29.283478260869565,0.5048884267191766
Palagetto Vernaccia Gimigano,8012.49,14.562254335260116,0.25107378349376663
Palazzo Montanari Valpo Clsc,220.83,12.99,0.22396590338948863
Pali Charm Acres Sonom Chard,223.86,15.99,0.275690130500225
Pali Huntington Pnt Nr,1779.11,19.99,0.3446557666478735
Pali Pnt Nr Cargasacchi Vyd,1259.79,59.99,1.034312128124359
Pali Pnt Nr Rancho La Vina,1919.68,59.99,1.034312128124359
Pali Riviera Pnt Nr Sonoma,866.49,16.99,0.29293153953713713
Pali Summit Station R Pnt Nr,569.81,29.99,0.5170698570169948
Pali Tower 15 The Winery,38122.75,13.99,0.24120731242640073
Pali Wine Co Chard Durell Vy,799.84,49.99,0.8618980377552377
Pali Wine Co Pnt Nr Durell,1869.66,54.989999999999995,0.948105082939798
Pali Wine Co Pnt Nr Fiddlstx,419.93,59.99,1.034312128124359
Pali Winsdor Oaks Pnt Nr RRV,389.90000000000003,39.41857142857143,0.6796317136507379
Pallini Limoncello Liqueur,253399.66,16.92488998652896,0.2918089511624841
Pallini Raspicello Liqueur,299.88,24.99,0.4308628118324342
Palmaz Vyds Cab Svgn Napa,3599.64,99.99,1.7239684896008443
Pama Pomegranate Liqueur,79845.73999999999,18.92667711598746,0.32632258186630425
Pampero Ron Anejo Aniversari,46848.299999999996,21.609115549215407,0.372571600109921
Pancho Villa Rojo,888.0600000000001,7.79,0.1343105763975455
Panther Creek Pnt Gr William,239.85,15.99,0.275690130500225
Papa Pilar Double Barrel Rum,10597.35,39.99,0.6894839473861163
Papa's Pilar Blonde Rum,9178.58,26.703793103448273,0.46041101973362497
Papa's Pilar Dark Rum,31220.690000000002,37.61940275650842,0.6486115106493014
Papi Merlot,101.88,8.49,0.146379562723384
Pappy Van Winkle 15 Yr Old,1799.82,99.99,1.7239684896008443
Pappy Van Winkle Rsv 23 Yr,1619.94,269.99,4.655008025875907
Paraduxx Red Duckhorn Napa,39109.36,40.89181818181818,0.7050325635357678
Pardiac VS French Brandy,1305.0,13.05818181818182,0.22514145400564173
Parducci 13 True Grit Cab Sv,76133.58,13.99,0.24120731242640073
Parducci 13 True Grit Chard,24927.81,12.99,0.22396590338948863
Parducci Cab Svgn,7521.45,11.481071428571429,0.19794984868200513
Parducci Petite Sirah,14619.44,11.60786600496278,0.2001359658372304
Parducci Pnt Nr,14535.01,12.142777777777777,0.20935859851099362
Parducci Small Lot Pnt Gris,85.93,11.99,0.20672449435257648
Parducci Sustainable Red,155.88,12.99,0.22396590338948863
Parducci Sustainable White,89.88,7.49,0.12913815368647188
Parducci True Grit 11 Cab Sv,21138.78,15.99,0.275690130500225
Pares Balta Brut Cava Pendes,2737.37,16.7921978021978,0.2895211509364293
Parker Stn Snt Barbra Pnt Nr,23.98,11.99,0.20672449435257648
Parkers Heritage 24Yr Bourbn,6499.74,249.99000000000004,4.3101798451376645
Parrot Bay 90 Coconut Capt,167640.63,24.567734290063058,0.42358235600514926
Parrot Bay Pineapple Orange,197.89,17.99,0.31017294857404926
Partida Tequila Blanco,1011.77,43.99,0.7584495835337648
Pascal Jolivet Sancerre Rose,3998.0,19.99,0.3446557666478735
Pascual Toso Cab Svgn Argn,293.72,10.49,0.1808623807972083
Paso Creek Cab Svgn,19984.26,14.602107623318386,0.25176091033464515
Paso Robles Svgn Bl,29.16,7.29,0.12568987187908945
Paso a Paso Tempranillo,12611.960000000001,10.492762430939226,0.1809100089989677
Passadouro 12 Tinto Douro,4770.65,14.312033898305085,0.24675963059083006
Pastene Marsala,764.15,8.99,0.1550002672418401
Patch Block Chardonnay B/B,27.96,6.99,0.12051744916801582
Patricius Sarga Muskotaly,2317.22,8.792259887005649,0.15159094907069925
Patricius Tokaj Furmint,2496.64,10.684656488549619,0.18421853293798127
Patricius Tokaj Harslevelu,2344.48,9.977654320987654,0.17202881937706194
Patron Anejo Clsc Gift Set,1239.8,61.989999999999995,1.068794946198183
Patron Anejo Tequila,353800.9,32.896342182890855,0.5671792913934482
Patron Anejo Tequila #2 BTB,929.85,61.99,1.0687949461981832
Patron Anejo Tequila BTB,929.85,61.99,1.0687949461981832
Patron Burdeos Anejo Tequila,13499.73,499.99000000000007,8.620532104365699
Patron Citronge Lime Liqueur,54521.39,21.309148936170214,0.3673997530369917
Patron Citronge Mango Liquer,14526.019999999999,20.822427536231885,0.35900799029363645
Patron Citronge Orange,62627.58,12.974309623430964,0.22369537918911866
Patron Citronge Orange Liqu,210796.12999999998,21.343271645736944,0.36798807663007943
Patron Reposado Tequila,203261.68,30.107954677513074,0.5191035618598149
Patron Roca Anejo Tequila,35880.89,87.43082840236686,1.507430674921282
Patron Roca Reposado Tequila,23721.699999999997,72.05967213114754,1.2424102822788925
Patron Roca Silver Tequila,60981.06,68.23273072060682,1.1764284200594626
Patron Silver Tequila,2841673.06,35.68050955603924,0.6151822599011247
Patron XO Cafe Dark Cocoa,50823.579999999994,26.15642228739003,0.4509735755990964
Patron XO Cafe Incendio,4449.88,20.99,0.36189717568478563
Patron XO Cafe Liqueur,184025.3,21.40373589913736,0.3690305655550675
Patron XO Cafe Variety 3 Pak,8982.15,6.99,0.12051744916801582
Patz & Hall Hyde Vyd Chard,279.95,55.989999999999995,0.9653464919767103
Patz & Hall Pnt Nr Sonoma Cs,6038.49,39.99,0.6894839473861163
Patz & Hall Sonoma Cst Chard,6499.03,32.99,0.5687940841277314
Paul Buisse Svgn Bl Touraine,1007.16,11.990000000000002,0.2067244943525765
Paul D Gruner Veltliner,173.88,14.49,0.24982801694485685
Paul D Zweigelt Weinland,534.13,14.40304347826087,0.2483287639851253
Paul Dolan 12 Cab Svgn,39273.8,14.99,0.2584487214633129
Paul Dolan Deep Red 09 Mendo,69221.36,19.983511759935116,0.34454390024698517
Paul Dolan Svgn Bl 14 Potter,35054.91,9.99,0.17224167627875223
Paul Hobbs Beckstoffer Cab S,9899.720000000001,332.39000000000004,5.730871949779225
Paul Hobbs Cab Svgn Napa,12618.869999999999,107.7451020408163,1.8576773760095502
Paul Hobbs Chard RRV,7618.49,50.84714285714286,0.8766763883583053
Paul Hobbs Cross Cab Svgn,14597.08,49.99,0.8618980377552377
Paul Hobbs Crossbarn Chard,5527.889999999999,26.195607476635512,0.45164918347506655
Paul Hobbs Crossbarn Rose PN,1120.4099999999999,18.99,0.3274143576109614
Paul Hobbs Las Piedras Cab S,2449.8900000000003,224.99,3.879144619214861
Paul Hobbs Nathan Coombs Cab,2969.91,329.99,5.689492568090635
Paul Hobbs Pnt Nr Katherine,934.89,84.99,1.465347354047162
Paul Hobbs Pnt Nr RRV,2145.62,58.26272727272727,1.004531512515147
Paul Masson Carafe Wh Znfdl,1467.24,5.432857142857143,0.09367011223910979
Paul Masson Chablis,13125.27,10.124125636672325,0.174554191242956
Paul Masson Chablis Carafe,5159.599999999999,5.480476190476191,0.09449113171705797
Paul Masson Gr Amber Brandy,44388.52,8.956616654163541,0.154424691321253
Paul Masson Peach Brandy,1611.83,1.3414644351464435,0.02312873703483012
Paul Masson Red Berry Brandy,15166.3,1.512722283205269,0.026081463643993677
Paul Masson Rose,43175.08,10.879678228165483,0.18758098252178856
Paul Masson Rose Carafe,3350.23,5.343658536585366,0.0921322025828556
Paul Masson Ruby Burgundy,8454.25,10.904529914529913,0.18800946061165474
Paul Masson Ruby Burgundy Ca,668.76,5.413076923076924,0.093329073379039
Paul Masson Wh Znfdl,12164.56,7.896735751295337,0.13615085114449055
Pavao Vinho Verde Adegas Wh,31549.97,8.085468277945619,0.13940486583503797
Pavilion St Pierre Cdu Rhone,9021.97,9.991470588235293,0.17226703129204177
Pavillon du Ch Margaux 12 Ma,3695.78,167.99,2.8963843041108697
Paydirt Red Paso Robles,831.63,23.115,0.3985351698882239
Paydirt Svgn Blanc,1007.28,13.99,0.24120731242640073
Pazo de Galegos Albarino,230.89,20.99,0.36189717568478563
Peachy Canyon Westside Znfdl,14391.999999999998,17.99,0.31017294857404926
Pearl Cucumber Vodka,24807.03,1.7666373411534704,0.030459317018709867
Pearl Vodka,16417.170000000002,0.9899999999999999,0.01706899494654301
Pearl Vodka PET,11463.66,13.936969696969697,0.2402929952805039
Pearls of Simplicity Junmai,135.96,33.99,0.5860354931646434
Pecchenino 12 Siri d'Jermu D,1405.26,18.99,0.3274143576109614
Peligroso Cinnamon Tequila,2174.64,15.990000000000002,0.27569013050022506
Peligroso Reposado Tequila,4340.07,22.075106382978724,0.3806059386822861
Pellegrino Marsala Sweet,659.45,11.99,0.20672449435257648
Penalolen Cab Svgn Maipo,221.88,18.49,0.31879365309250535
Penasco Plata Tequila,4678.33,28.02076923076923,0.48311754383661404
Pendleton 1910,22342.32,25.74564681724846,0.44389122769605566
Pendleton Canadian Whisky,593.73,21.99,0.3791385847216978
Pendleton Limited Edition,2748.75,21.99,0.3791385847216978
Pendulum Red,135.92,16.99,0.29293153953713713
Penfld Bin 407 Cab Svgn Ausl,629.91,69.99,1.2067262184934802
Penfolds 08 Grange,3749.95,749.99,12.93088436359373
Penfolds B28 Shiraz/Kalimna,890.73,32.99,0.5687940841277314
Penfolds Bin 138 GSM,119.97,39.99,0.6894839473861163
Penfolds Bin 169 Cab Svgn,1399.96,349.99,6.034320748828877
Penfolds Bin 389 Cab/Shiraz,27000.79,63.25446280991736,1.0905960667159316
Penfolds Bin 8 Cab Svgn/Shir,22997.96,20.576647314949202,0.354770392965319
Penfolds Bin 9 Cab Svgn,17287.42,20.2552705061082,0.3492294039491137
Penfolds Grange 2005,7751.83,455.99,7.861910106741564
Penfolds Koonunga Cab/Merlot,155.88,12.99,0.22396590338948863
Penfolds Koonunga Hil Shiraz,26953.91,12.217876106194689,0.21065339950921796
Penfolds Koonunga Hill Chard,9925.18,12.653697104677061,0.21816756761092798
Penfolds Koonunga Hills Shir,48732.74,13.123210840606339,0.2262626459805334
Penfolds Rawsons Shiraz/Cab,3793.78,8.99,0.1550002672418401
Penfolds T Hyland Shiraz,12169.85,11.99,0.20672449435257648
Penfolds Tawny Port Club,383.76,15.99,0.275690130500225
Penley Est Phoenix Cab Svgn,7869.9,19.172978723404253,0.33056916862622615
Penn Dutch Egg Nog,8604.69,6.99,0.12051744916801582
Penn Dutch Pumpkin Cr Liquer,14881.710000000001,6.99,0.12051744916801582
Penner-Ash Dussin Pnt Nr,169.95,33.99,0.5860354931646434
Penner-Ash Viognier,251.91,27.99,0.4825870389431706
Penner-Ash Willamette Pnt Nr,14394.130000000001,37.18029850746269,0.6410407346816579
Penny Blue XO Mauritian Rum,2519.58,59.99,1.034312128124359
Penny Wise Svgn Bl,1309.52,6.987222222222223,0.12046955636513551
Pennywise Cab Svgn,540.53,11.615,0.20025896596373444
Pennywise Petite Sirah,309.72,11.39,0.19637964893042922
Pennywise Pnt Nr,5388.38,11.61453531598513,0.20025095415656113
Penya Rouge Vin d Pays,8818.32,11.931379310344827,0.20571379106420576
Pepe Lopez Premium Gold,99.9,9.99,0.17224167627875223
Pepe Lopez Premium Tequila,1318.8,10.99,0.18948308531566435
Pepe Lopez White,8701.289999999999,9.99,0.17224167627875223
Pepperjack Barossa Red,191.92,23.99,0.41362140279552206
Pepperwood Grove Cab Svgn,11075.07,7.402955465587045,0.12763738326423055
Pepperwood Grove Chard,8214.98,7.394109589041095,0.12748486788841182
Pepperwood Grove Merlot Cal,7290.25,7.40732283464567,0.12771268286058546
Pepperwood Grove Pnt Grigio,559.25,7.573333333333333,0.1305749377728812
Pepperwood Grove Pnt Nr,9378.43,7.467759472817134,0.12875469566011552
Perc Coffee Liqueur,6276.2699999999995,22.99,0.39637999375860994
Pere Anselme CDR Rose,10755.03,11.99,0.20672449435257648
Peregrine Pnt Nr,485.82,26.99,0.4653456299062585
Perez Cruz Cab Svgn Rsva,5996.25,15.99,0.275690130500225
Perez Cruz Carmenere Ltd Ed,2398.7999999999997,19.99,0.3446557666478735
Permafrost Alaskan Vodka,8187.660000000001,34.99,0.6032769022015555
Pernand-Vergelesses Fichots,146.97,48.99,0.8446566287183254
Pernod Anise Liqueur,40090.47,34.78256965944273,0.5997005108533416
Perrier Jouet BE Luxury Case,8801.22,112.83615384615383,1.9454542826134846
Perrier Jouet Belle Epoque,33581.26,123.07376963350785,2.1219652039660044
Perrier Jouet Blason Rose,42752.08,54.66054263565891,0.9424247737609706
Perrier Jouet Fleur Rose,7425.530000000001,157.99,2.7239702137417483
Perrier Jouet Gr Brut,12514.01,62.88090909090909,1.0841554742492503
Perrier Jouet Grand Brut,261139.72,34.71325246600907,0.5985053847680611
Perrin Chtnf du Pape,24406.6,29.093053435114506,0.5016052344075509
Perrin Cotes du Rhone RSV Rg,64958.47,10.130293637846657,0.17466053627414285
Perrin Gigondas,16026.65,30.074084084084085,0.5185195851041826
Perrusset Macon Villages,2830.23,15.99,0.275690130500225
Pertinace Barbera D'Alba,764.49,14.99,0.2584487214633129
Peter Lehmann Clancy's Baros,1836.81,15.186428571428573,0.2618354268098492
Peter Lehmann Layers Red,29027.670000000002,7.99,0.13775885820492795
Peter Lehmann Layers White,19623.44,7.99,0.13775885820492795
Peter Lehmann Shiraz,88448.17,8.860105421686747,0.15276070168546405
Peter Michael Belle Cote Cha,7115.16,84.78999999999999,1.4618990722397796
Peter Michael Danseuse Pnt N,2771.73,104.32333333333332,1.79868126209413
Peter Michael MaBelleFille C,2699.73,99.99,1.7239684896008443
Peter Paul Bacigalupi Chard,5891.31,34.55521739130435,0.5957806374028982
Peter Paul Bennett Vy Svgn B,13224.97,11.99,0.20672449435257648
Peter Paul Cab Svgn Napa,2919.1400000000003,33.77947368421053,0.5824057228410829
Peter Paul Live Free or Die,37666.81,23.230909090909087,0.40053360593568416
Peter Paul Pnt Nr Mill Sta,524.85,34.99,0.6032769022015555
Peter Vella Burgundy B/B,1828.78,14.989999999999998,0.2584487214633128
Peter Vella Cab Svgn Cal B/B,5300.879999999999,16.99,0.29293153953713713
Peter Vella Chablis B/B,41432.36,14.990000000000002,0.25844872146331294
Peter Vella Chard Cal B/B,189144.58,15.516727931659332,0.26753025318421814
Peter Vella Delicious Blush,24328.77,14.99,0.2584487214633129
Peter Vella Delicious Red B/,18362.75,14.99,0.2584487214633129
Peter Vella Merlot Calif B/B,47792.869999999995,16.99,0.29293153953713713
Peter Vella Moscato Sangria,119.92,14.99,0.2584487214633129
Peter Vella Sangria B/B,55133.22,14.990000000000002,0.25844872146331294
Peter Vella Wh Znfdl Cal,75144.87,14.99,0.2584487214633129
Petit Caillou St Julien,6638.71,28.99,0.4998284479800827
Petite Petit Phillips Lodi,84721.75,17.64971417535728,0.30430594148192114
Petrolo Inarno Toscana,227.76,9.49,0.16362097176029614
Petrone Limoncello,68301.81999999999,19.98405867062755,0.3445533297579401
Peychaud's Bitters,16651.63,4.99,0.08603463109419154
Pezzi King Cab Svgn Dry Crk,65.97,21.99,0.3791385847216978
Pezzi King Chard Sonoma,179.89999999999998,17.99,0.31017294857404926
Pezzi King Svgn Bl Dry Creek,2221.29,12.99,0.22396590338948863
Pezzi King Znfdl Dry Creek,5898.19,20.99,0.36189717568478563
Pfaffenheim Brut Excellence,19.99,19.99,0.3446557666478735
Phantom Bay Svgn Bl,431.52,8.99,0.1550002672418401
Philippe Herard Bl de Blanc,303.62,7.989999999999999,0.13775885820492795
Phillipine de St-Cyrille CdP,70569.12,25.312003577817528,0.4364146072289353
Phillips Earthquake Cab Svgn,220169.44999999998,24.479788797061524,0.42206605178735696
Phillips Earthquake Ld Znfdl,152217.69999999998,24.44445538266116,0.42145685393700955
Phillips Incognito Lodi Rd,8957.4,15.997025761124123,0.2758112645215616
Phillips Lust Znfdl Lodi,9526.32,56.773783783783784,0.9788600287894254
Phillips Rapture Cab Svgn,5209.08,56.676274509803925,0.9771788315118463
Phillips Seven Deadly Znfdl,362244.09,14.30990635451505,0.24672294873810213
Phillips Sixth Sense Syrah,12999.87,15.99,0.275690130500225
Phillips Union Cherry Whisky,137.94,22.99,0.39637999375860994
Phillips Union Vanilla Whsky,275.88,22.99,0.39637999375860994
Piazzo Barbaresco,9453.63,28.01202643171806,0.48296680566204525
Piazzo Barolo,253.93,36.39,0.6274148748532326
Piazzo Dolcetto,1167.84,10.071081081081081,0.17363962836282615
Piccini Chianti,18915.039999999997,17.298626974483597,0.2982527034440335
Piccini Memoro,2784.01,13.99,0.24120731242640073
Piccolo Fiore Rosso di Sicil,54.53,7.79,0.1343105763975455
Pichot Dom Moriette Vouvray,32850.41,13.365579598145287,0.2304414248670306
Picket Fence Cab Svgn Alexan,11101.11,11.97397435897436,0.20644818972057466
Picket Fence Chard RRV,10204.69,13.915339366515838,0.2399200579055453
Picket Fence Pnt Nr RRV,12968.94,16.11472647702407,0.27784059070833
Pico & Vine Cab Svgn Napa,1636.44,10.49,0.1808623807972083
Picpoul d Pinet HB Languedoc,32179.7,11.384495412844037,0.19628474209169391
Piehole Apple Pie,22134.86,13.519118136439268,0.2330886456086867
Piehole Pecan Pie,2115.18,4.9275,0.08495704302938453
Piero Broglia Gavi di Gavi,119.94,19.99,0.3446557666478735
Pieropan Soave Clsc,10199.85,19.862852233676975,0.34246356000056855
Pieropan Soave La Rocca,559.86,39.99,0.6894839473861163
Pierre Andre Bourgogne Chard,2123.75,16.99,0.29293153953713713
Pierre Andre Chablis,4604.38,28.564468085106384,0.49249167817714146
Pierre Andre Gevry-Chambertn,2345.4900000000002,45.99,0.792932401607589
Pierre Andre Meursault,4589.1,50.99,0.8791394467921497
Pierre Angulaire Brdx Blanc,1007.28,13.99,0.24120731242640073
Pierre Dupond Renjardire CdR,1907.43,8.79,0.15155198543445764
Pierre Luc Bouchard Muscadet,107.91,11.99,0.20672449435257648
Pietro Rinaldi Argante Nebbi,623.76,25.99,0.4481042208693463
Pietro Rinaldi Monpiano Barb,719.64,19.99,0.3446557666478735
Pietro Rinaldi di Como Dolce,407.76,16.99,0.29293153953713713
Pigmentum Rose Malbec Vigour,8321.06,11.99,0.20672449435257648
Pigs Nose Scotch,31523.519999999997,25.26057710501419,0.4355279423760074
Pike Creek Canadian Whisky,31877.05,22.911236291126617,0.39502199643665964
Piledriver Red Blend 13,47212.89,8.49,0.146379562723384
Pimms Blackberry & Elderflwr,6452.85,15.764809160305344,0.2718075231216837
Pimms Cup No 1,72967.73999999999,19.088206660973526,0.3291075788229553
Pinch 15-Yr by Haig & Haig,67732.56,36.70712328767124,0.6328825271711027
Pine Ridge Cab Svgn,114.99,114.99,1.9825896251545259
Pine Ridge Chn Bl/Viognier,42931.34,14.592322206095792,0.25159219595371357
Pine Ridge Forefront Cab Svg,8559.689999999999,20.021620553359682,0.34520094954232133
Pine Ridge Napa Vlly Cab Svg,13239.68,57.23087591240876,0.9867409411466013
Pinecroft Cab Svgn Cal,197.4,3.29,0.05672423573144092
Pinecroft Chard Cal,236.88,3.2900000000000005,0.05672423573144093
Pinecroft Pnt Grigio,125.02,3.29,0.05672423573144092
Pink Flamingo Rose,16101.92,12.386850393700788,0.21356675431683136
Pink Pegau Rose,9595.199999999999,19.99,0.3446557666478735
Pink Pigeon Rum,1707.3899999999999,27.99,0.4825870389431706
Pinnacle Atomic Hots,12.99,12.99,0.22396590338948863
Pinnacle Blueberry Vodka,140910.58,11.82043989035374,0.20380103914582165
Pinnacle Cake Vodka,85.41,9.49,0.16362097176029614
Pinnacle Caramel Apple Vodka,61867.62,11.222680099365169,0.19349481808356858
Pinnacle Cinnabon Vodka,155.88,12.99,0.22396590338948863
Pinnacle Citrus,9096.12,0.99,0.01706899494654301
Pinnacle Citrus Vodka,233895.03999999998,16.829389704169575,0.2901623917311853
Pinnacle Coconut,125.94,20.99,0.36189717568478563
Pinnacle Coconut Vodka,77.94,12.99,0.22396590338948863
Pinnacle CranApple Vodka,19878.63,10.059792412312097,0.1734449958070979
Pinnacle Double Espresso,2286.2400000000002,12.99,0.22396590338948863
Pinnacle Gin,27434.02,15.72231939163498,0.27107493964015417
Pinnacle Grape Vodka,112487.12,16.810227038183694,0.289832000368685
Pinnacle Habanero Vodka,1888.1100000000001,9.99,0.17224167627875223
Pinnacle Key Lime Whipped,389.7,12.99,0.22396590338948863
Pinnacle Marshmallow Vodka,12.99,12.99,0.22396590338948863
Pinnacle Mimosa Vodka,1638.3600000000001,9.99,0.17224167627875223
Pinnacle Orange Whipped,104.39,9.49,0.16362097176029614
Pinnacle Peach Vodka,1927.5,9.626029411764707,0.165966310489582
Pinnacle Pecan Pie,9123.39,9.497157464212679,0.163744376528454
Pinnacle Pineapple,11820.6,0.99,0.01706899494654301
Pinnacle Pineapple Vodka,65138.87,10.69773886727194,0.18444409158070862
Pinnacle Pomegranate Vodka,58063.66,10.688728139904612,0.1842887339444484
Pinnacle Pumpkin Pie,233.82,12.99,0.22396590338948863
Pinnacle Rainbow Sherbet,2936.41,9.506509433962265,0.16390561766420744
Pinnacle Raspberry,11016.72,0.99,0.01706899494654301
Pinnacle Raspberry Vodka,139522.73,11.734248326232501,0.20231497513327612
Pinnacle Red Berry Vodka,113.88,9.49,0.16362097176029614
Pinnacle Red Liquorice,836.46,15.49,0.26706942598176897
Pinnacle Salted Caramel,96774.28,11.188442136498516,0.192904507361194
Pinnacle Strawbery Shortcake,3289.04,9.510576131687243,0.16397573326311327
Pinnacle Strawbry Kiwi Vodka,93629.36,16.83208037825059,0.2902087827436011
Pinnacle Tropical Punch,197259.99,11.423990363556722,0.19696569069182399
Pinnacle Tropical Punch Vdka,52446.64,11.090375738056897,0.19121370447288524
Pinnacle Vanilla,2974.71,12.99,0.22396590338948863
Pinnacle Vodka,2010942.39,9.571176337901088,0.1650205662061674
Pinnacle Vodka 100 Proof,45590.409999999996,19.564857864813643,0.33732571719629934
Pinnacle Vodka Cane 4/50mls,48075.51,3.99,0.06879322205727942
Pinnacle Vodka Gift Pak,857.24,11.297692307692309,0.19478813425009886
Pinnacle Whipped,14695.56,0.99,0.01706899494654301
Pinnacle Whipped Vodka,463585.73,14.279606726624445,0.24620054045997403
Pinnacoli Primitivo Manduria,18.99,18.99,0.3274143576109614
Pinot Evil VDP Beaute Pnt Nr,119.88,9.99,0.17224167627875223
Pinotage Southern Right,614.59,14.99,0.2584487214633129
Pio II Chianti 07,83.88,6.99,0.12051744916801582
Piper Heidsieck Brut,48416.270000000004,45.11239221140473,0.7778012067504381
Piper Heidsieck Rare 2002,449.97,149.99,2.586038941446451
Piper Sonoma Bl de Bl Sonoma,13274.72,14.310610687022901,0.24673509242296798
Piper Sonoma Brut,72035.83,14.116924871675222,0.24339567605591084
Pirassununga Cachaca 51 Rum,5788.38,15.99,0.275690130500225
Pitagora Red Blend,118.94999999999999,23.79,0.41017312098813963
Pittyvaich 25 Yr Single Malt,1199.97,399.99,6.8963912006744845
Pitu Brazilian Rum Cachaca,3642.21,12.972558139534884,0.2236651811388448
Pizzolato Cab Svgn,90.93,12.99,0.22396590338948863
Pizzolato Fields Prosecco,167.88,13.99,0.24120731242640073
Pizzolato Merlot,64.95,12.99,0.22396590338948863
Pizzolato Moscato,1049.25,13.99,0.24120731242640073
Pizzolato Pnt Grigio,30133.89,6.99,0.12051744916801582
Placido Chianti,21919.22,11.662727272727274,0.20108185139504162
Placido Pinot Grigio Venezi,45452.58,11.4473732718894,0.19736884497886034
Placido Sangiovese Primever,10294.31,11.760975056689343,0.2027757816253018
Planeta Chardonnay di Sicil,3382.75,27.109999999999996,0.4674145989906879
Planeta La Segreta Bianco,2076.69,8.99,0.1550002672418401
Planeta La Segreta Rosso,1805.03,9.186078431372549,0.15838093568045028
Plantation Original Dark Rum,19081.81,14.610292887029289,0.2519020358143598
Plantaze Cab Montenegro,2077.11,10.99,0.18948308531566435
Plantaze Krstac Montenegro W,4504.08,11.49,0.19810378983412041
Plantaze Merlot Montenegro W,1857.31,10.99,0.18948308531566435
Plantaze Vranac Montenegro,2483.7400000000002,10.99,0.18948308531566435
Plantaze Vranac ProCorde Red,5733.25,13.49,0.23258660790794466
Platinum 7X Distilled Vodka,1076868.67,8.838244824482448,0.15238379418727357
Platte Valley Fireshine,9832.57,15.465806451612902,0.26665229511797267
Platte Valley KY Moonshine,56848.53999999999,16.99,0.29293153953713713
Pleasures Chard,55.96,13.99,0.24120731242640073
Pleasures Pnt Nr,13.99,13.99,0.24120731242640073
Plomari Ouzo,47849.829999999994,17.674179801517806,0.304727763349899
Plumpjack Est Cab Svgn,5567.5199999999995,115.99,1.9998310341914385
Plumpjack Merlot Napa,433.93,61.99,1.0687949461981832
Plumpjack Rsv Chard,2069.58,49.46826086956521,0.8529025199968485
Plumpjack Syrah Napa Valley,351.94,58.656666666666666,1.0113235827418094
Plungerhead Lodi Cab Svgn,23864.36,13.57168761220826,0.23399501744327594
Plungerhead OV Dry Crk Znfdl,16.99,16.99,0.29293153953713713
Plungerhead Znfdl Lodi,70100.23,14.095446927374303,0.24302536603294667
Plymouth Gin,124822.58,30.163541963015643,0.5200619649864162
Plymouth Navy Strength Gin,221.94,36.99,0.6377597202753799
Plymouth Sloe Gin,3604.81,30.189999999999998,0.5205181388243773
Podere Poggio 09 Scalette Ca,95.98,47.99,0.8274152196814133
Podere Poggio Scalette 07,53.99,53.99,0.9308636739028862
Poderi Le Ripi Amore e Folli,199.95000000000002,39.99,0.6894839473861163
Poderi Le Ripi Amore e Magia,36.99,36.99,0.6377597202753799
Poema Brut Cava Penedes,371.69,11.99,0.20672449435257648
Poema Cava Rose,179.85,11.99,0.20672449435257648
Poema Cava X-Dry Penedes,131.89,11.99,0.20672449435257648
Pofyros-Spiropooulos,149.94,24.99,0.4308628118324342
Poggio Al Lupo Tenuta Pnt,643.86,45.99,0.792932401607589
Poggio Altero Antico Brunllo,1025.82,56.989999999999995,0.9825879010136225
Poggio Amorelli Chianti Clsc,455.76,18.99,0.3274143576109614
Poggio Antico 10 Rsva BdMont,229.98,114.99,1.9825896251545259
Poggio Antico 11 Brun Altero,5444.28,75.94238095238094,1.3093536532370047
Poggio Antico 11 Brunello Mn,7471.71,57.99000000000001,0.9998293100505348
Poggio Antico 14 Rosso Monta,2719.2000000000003,33.99,0.5860354931646434
Poggio Antico Brunllo,1103.76,45.99,0.792932401607589
Poggio Antico Rosso Montlcin,147.96,36.99,0.6377597202753799
Poggio Antico Rsv Montalcino,515.94,85.99,1.4825887630840742
Point North Pnt Nr Oregon,137.94,22.99,0.39637999375860994
Pol Roger 02 Sir W Churchill,10386.53,220.99,3.8101789830672126
Pol Roger 06 Brut Vintage Ro,6071.3099999999995,87.98999999999998,1.5170715811578983
Pol Roger Brut,96260.04,38.26040816326531,0.6596633470620693
Pol Roger Brut 2004,12148.439999999999,76.93444444444444,1.3264582256942588
Pol Roger Brut Vintage,12158.48,79.99,1.3791403088626015
Pol Roger Rose 02 Brut,935.88,77.99,1.3446574907887772
Poland Spring Gin,33855.479999999996,5.99,0.10327604013110368
Poland Spring Vodka,18192.18,5.79,0.09982775832372126
Poli Sarpa Grappa,16252.050000000001,41.494,0.7154150265776321
Polka Dot Rsl Pfalz,31280.25,6.99,0.12051744916801582
Pomelo Rose,4939.88,11.99,0.20672449435257648
Pomino Benefizio Bianco,2851.38,45.99,0.792932401607589
Pomino Chard,5005.11,17.350759493670882,0.2991515415314661
Pomino Vinsanto,1529.66,44.99,0.775690992570677
Pommerey Brut Rose Champagne,1559.74,59.99,1.034312128124359
Pommery Brut Royale,96632.93000000001,32.567253218884126,0.5615053339554745
Pommery Cuvee Louise 2002,2624.79,124.99,2.1550037155236472
Pommery Falltime Extra Dry C,15952.09,32.37509316770186,0.5581922239124871
Ponte Vinho Verde,719.28,9.99,0.17224167627875223
Ponte Vinho Verde Rose,209.79,9.99,0.17224167627875223
Ponti Sweet Vermouth,5.79,5.79,0.09982775832372126
Ponzi Pinot Noir Rose,13693.15,19.99,0.3446557666478735
Ponzi Pnt Gris Willamette,15441.13,12.48157894736842,0.21520000805809011
Ponzi Tavola Pnt Nr,26047.329999999998,24.421059506531204,0.4210534760668761
Ponzi Willamette Pnt Nr,29985.9,37.0495009596929,0.6387856006595338
Poochi Poochi Sparkling Sake,1993.67,14.99,0.2584487214633129
PopCrush Red,32.97,10.99,0.18948308531566435
PopCrush Sparkling Wine,107.88,8.99,0.1550002672418401
PopCrush White,472.57,10.99,0.18948308531566435
Popcorn Chard,9158.84,11.576683417085428,0.19959833408480754
Popov Traveler,551.0799999999999,5.99,0.10327604013110368
Popov Vodka,204709.41,12.990000000000002,0.22396590338948866
Port Charlotte Scotch Barley,35374.15,60.50960784313726,1.0432708994866762
Port Dundas 12 Yr Scotch,2049.59,49.99,0.8618980377552377
Port Ellen 32 Yr Single Malt,3699.99,3699.99,63.79304102248452
Porta 6 Red,11927.97,8.50660516605166,0.14666585918340652
Porta Vita Bianco,827.31,11.99,0.20672449435257648
Porta Vita Blush Rosato,2841.63,11.99,0.20672449435257648
Porta Vita Rosso,11474.43,11.99,0.20672449435257648
Portal 40 Yr Old Tawny Port,189.99,189.99,3.275695302922936
Portillo Malbec,107.88,8.99,0.1550002672418401
Portillo Pnt Nr,1950.83,8.99,0.1550002672418401
Poseidons Vyd Molnar Pnt Nr,2778.6099999999997,19.99,0.3446557666478735
Pot de Vin Rouge Organic,179.88,14.99,0.2584487214633129
Pouilly Fume Minet Vls Vgns,9335.33,19.99,0.3446557666478735
Powers Signature Release,32031.99,39.99,0.6894839473861163
Prairie Organic Cucumber Vod,74104.83,19.91595391008689,0.34337910772409763
Prairie Organic Gin,5971.14,15.666829268292682,0.27011821172610095
Prairie Organic Kosher Vodka,7500.17,15.64743944636678,0.2697839038751236
Pratsch Organic Rose,12396.78,13.485555555555555,0.23250997942333615
Pravda Polish Vodka,63161.2,20.16693315858453,0.3477063436072223
Pravis Pnt Grigio Vignetti,2939.73,8.99,0.1550002672418401
Predator Cab Svgn,7169.92,14.1693893129771,0.2443002369482896
Predator Old Vine Znfdl Lodi,44781.25,15.588862918509161,0.2687739619983683
Prendo Pnt Grigio,1113.02,11.19,0.19293136712304676
Presidente Solera Brandy,7604.95,18.807073170731705,0.32426044132372134
Presidential 20-Yr Tawny Dec,8658.6,61.52153153153154,1.0607178897124225
Presqu'ile Pnt Nr Snta Maria,599.85,39.99,0.6894839473861163
Presswork Grenache Mclaren V,158.22,8.79,0.15155198543445764
Prichard's Single Malt,34.99,34.99,0.6032769022015555
Prichards Tennesse Whiskey,55.98,27.99,0.4825870389431706
Prima Perla Prosecco Treviso,14225.85,10.037477744807122,0.17306025949712195
Primal Roots Red Cal,21219.08,9.28316960859555,0.16005492438082738
Primarius Pnt Nr,208.89,18.99,0.3274143576109614
Primaterra Pnt Grigio,29533.58,10.042590266875981,0.17314840658132138
Primaterra Pnt Nr,11349.74,10.059421487603306,0.17343860054247173
Primaterra Primitivo,11970.1,10.061225071225072,0.17346969686542688
Primaterra Prosecco,25889.53,12.661770334928232,0.21830676147593758
Primo Amore Moscato,70048.41,10.08056432038835,0.1738031327707177
Primo Amore Rsl,137.88,11.49,0.19810378983412041
Principato Pnt Gr Sicilia,62396.07,10.426604959832343,0.17976936097876622
Principato Pnt Nr Pavia,8747.61,10.563493975903615,0.18212952049751147
Prinz Salm Der Weib,1091.42,19.166470588235292,0.3304569592057106
Prinz Salm Two Princes Nahe,16338.37,14.055972222222222,0.24234476649480813
Pro.mis.Q.ous Red CA,461.58,10.99,0.18948308531566435
Pro.mis.Q.ous White CA,191.89000000000001,6.1899999999999995,0.1067243219384861
Produttori del Barbaresco P,47726.86,31.60473429951691,0.5449101515608977
Proemio Chard,325.62,8.813529411764707,0.1519576656470909
Proemio Malbec,95.88,7.99,0.13775885820492795
Project Paso Cab Svgn,203.83,11.99,0.20672449435257648
Project Paso Lonely Oak Red,35.97,11.99,0.20672449435257648
Promesses de France CdRhone,71.91,7.989999999999999,0.13775885820492795
Prophecy Pnt Grigio,12088.87,7.99,0.13775885820492795
Prophecy Pnt Nr,19144.19,9.163333333333334,0.15798877814157153
Prophecy Red Blend,13830.78,7.18327731092437,0.12384982234321731
Prophecy Svgn Bl,30239.76,9.246611865618299,0.1594246173806903
Proud Pour The Oyster Svgn B,699.65,19.99,0.3446557666478735
Provenance Cab Svgn Rutherfd,7824.070000000001,40.76227722772277,0.702799094959177
Provenance Napa Merlot,35584.22,17.99,0.31017294857404926
Provenance Svgn Bl Napa,699.64,19.913076923076922,0.3433295044142649
Provenance To Kalon Cab Svgn,3739.32,54.99,0.9481050829397982
Proximo Red Rioja,279.59999999999997,6.99,0.12051744916801582
Prunotto Barbaresco,8233.39,51.14254237288136,0.8817694922384582
Prunotto Bric Touro Barbesco,3617.1400000000003,42.07955223880597,0.7255107722393653
Pucker Sour Apple Sass Vodka,9.49,9.49,0.16362097176029614
Pueblo Viejo Blanco Tequila,31.98,15.99,0.275690130500225
Pulenta Est Gran Cab Franc,1405.6200000000001,36.99,0.6377597202753799
Pulenta Est Gran Corte Lujan,759.8100000000001,39.99,0.6894839473861163
Pulenta Est La Flor Malbec,18375.96,15.527828947368421,0.2677216503367837
Pulenta Est Malbec Mendoza,3378.7,25.990000000000002,0.44810422086934637
Pull Eighty Pnt Nr,219.89999999999998,21.99,0.3791385847216978
Pumpkin Face Rum,8739.97,28.852068965517237,0.49745032259568095
Pumpkin King Liqueur,4917.58,20.272485875706213,0.3495262211780747
Punt e Mes Sweet Vermouth,15472.259999999998,19.99,0.3446557666478735
Punto Final Perdriel Malbec,1119.3,15.99,0.275690130500225
Pura Vida Silver Tequila,9469.54,38.35686390532545,0.661326379964887
Purity Vodka,479.88,39.99,0.6894839473861163
Purple Cowboy Red,12457.0,11.325684062059238,0.19527075153679987
Purple Heart Red,8988.8,17.297116104868913,0.2982266539230053
Pusser's British Navy Rum,83941.34,17.99,0.31017294857404926
Puydeval VDP D'Oc Red Blend,1138.33,16.99,0.29293153953713713
Pyrat XO Reserve Rum,53157.47,34.21699849170438,0.5899492670108807
QM Alvarinho White,1821.1,20.362881355932203,0.3510847666277391
Quara Malbec,11.99,11.99,0.20672449435257648
Quattro Mani Barbera,1918.8,15.99,0.275690130500225
Quattro Mani Montepulciano,811.4200000000001,13.99,0.24120731242640073
Queens Peak Cab Svgn Sonoma,1804.71,13.99,0.24120731242640073
Querceto Chianti Clsc RSV,143436.15,13.319603255340795,0.22964872793471702
Querceto Il Picchio Chianti,1349.73,49.99,0.8618980377552377
Querceto Il Querciolaia Tosc,4538.22,57.721707317073175,0.9952035661625827
Querceto Il Sole Alessandro,2855.58,67.92103448275861,1.1710543377274552
Querceto La Corte Toscana,2988.38,47.91307692307693,0.8260889574478048
Querceto Sangiovese,37444.65,7.009662921348315,0.12085646563784273
Querceto Vin Santo Chianti C,406.89,36.99,0.6377597202753799
Querry Cider,2656.2,6.990000000000001,0.12051744916801582
Quinta d Azevedo Vinho Verde,109.9,10.99,0.18948308531566435
Quinta da Cosaboa TintaBoa,64.95,12.99,0.22396590338948863
Quinta do Casal Monteiro,599.5,11.99,0.20672449435257648
Quinta do Crasto Douro Rd,17920.34,15.45612466124661,0.2664853674100578
Quinta do Crasto Douro S per,574.77,24.99,0.4308628118324342
Quinta do Crasto RSV Douro,9183.48,36.398284023668644,0.6275577030937751
Quinta do Noval 10-Yr Tawny,828.73,30.64217391304348,0.528314254214981
Quinta do Noval 2013 Port,3599.6,89.99,1.551554399231723
Quinta do Noval Black Port,10035.96,19.906243654822333,0.3432116892412286
Quinta do Noval Port 11,3419.62,89.99,1.551554399231723
Quinta dos Murcas Rsv Red Al,503.88,41.99,0.7239667654599405
Quintessa Rutherford Red,10294.29,144.99,2.4998318962618904
Quivira 12 Znfdl Dry Creek V,7040.58,12.99,0.22396590338948863
Quivira Znfdl Dry Creek Vly,137.88,11.49,0.19810378983412041
Quota 31 Primitivo IGP,287.76,11.99,0.20672449435257648
Qupe Central Coast Syrah Cal,13342.009999999998,19.122608695652172,0.3297007183745519
R M Woodbridge Cab Svgn Cal,853230.47,9.057331415213092,0.15616115571256317
R M Woodbridge Cab/Merlot,34669.91,10.228224147265836,0.1763489962442321
R M Woodbridge Chard,288099.95,10.118313129237723,0.17445397542474597
R M Woodbridge Chard Cal,1214491.83,9.125748478025185,0.1573407622776106
R M Woodbridge Malbec,46853.14,10.104539143848823,0.17421649250858748
R M Woodbridge Merlot Cal,446225.41,9.07324935977607,0.15643560350580038
R M Woodbridge Moscato,44716.43,10.112782608695651,0.17435862145789308
R M Woodbridge Pnt Grigio,546968.42,9.325242090124641,0.16078031324406838
R M Woodbridge Pnt Nr,289571.31,10.229915278713777,0.17637815373326124
R M Woodbridge Pnt Nr Cal,34830.57,6.332390289449113,0.10917933116176258
R M Woodbridge Rsl,85803.08,10.247199822773593,0.17667616362741306
R M Woodbridge Svgn Bl Cal,444890.26,9.700520490367776,0.16725064164537828
R M Woodbridge Sweet White,1334.08,3.79,0.06534494024989698
R M Woodbridge Wh Znfdl Cal,70472.71,10.124433324317014,0.17455949621149372
R M Woodbridge Znfdl Cal,13136.12,10.192666666666666,0.17573593517689973
R Merlo Blackbird Red,93.94,15.790000000000001,0.27224184869284257
R Mondavi Cab Svgn Napa,94516.2,27.17648507071765,0.46856089528977896
R Mondavi Cab Svgn Oakville,14137.53,56.34036496350365,0.9713872776246796
R Mondavi Cab Svgn Pvt Sel,188333.86000000002,8.58040375319875,0.1479382508107557
R Mondavi Chard Napa,40183.659999999996,18.010480225988697,0.31052605652748877
R Mondavi Chard Pvt Sel,117955.98,8.377609618104668,0.14444179417731182
R Mondavi Fume Bl Napa Vly,44623.18,15.446100342075257,0.26631253402290794
R Mondavi Heritage Red,18394.44,8.54462885738115,0.14732144119871157
R Mondavi Maestro Red Napa V,15346.93,49.99,0.8618980377552377
R Mondavi Malbec Private Slt,85.9,8.74,0.15068991498261203
R Mondavi Meritage Pvt Slctn,12679.29,8.66247386759582,0.14935325522278176
R Mondavi Merlot Napa,41227.64,20.267148567621586,0.34943419846623164
R Mondavi Merlot Pvt Sel,85846.59,8.510346917450367,0.14673037224978608
R Mondavi Pnt Nr Napa Vly,14598.63,27.248426966292133,0.46980127493826945
R Mondavi Pnt Nr Pvt Sel,96997.74,8.409457917261056,0.14499090373019707
R Mondavi Private Sel Pnt Nr,18379.149999999998,18.63035087719298,0.32121349997487897
R Mondavi Privt Slct Chard,47896.84,18.399549428379284,0.3172341577895701
R Mondavi Pvt Sel Cab Svgn,867.4200000000001,5.49,0.0946553356126476
R Mondavi Pvt Sel Merlot,16215.179999999998,18.42235294117647,0.3176273224811848
R Mondavi Pvt Sel Rsl,21031.23,8.828658146964855,0.15221850635888778
R Mondavi Pvt Sel Svgn Bl,35232.93,8.399209450249886,0.14481420571845616
R Mondavi Pvt Sel Znfdl,4906.1900000000005,8.50581508515815,0.1466522370755493
R Mondavi Pvt Slctn Cab Sv,52482.46,18.458926553672317,0.3182579030941832
R Mondavi Pvt Sln Pnt Grigio,63447.98,8.532230656934306,0.1471076787534859
R Mondavi RSV Cab Svgn,4193.66,123.45153846153845,2.1284784708514746
R Mondavi Rsv Cab Svgn,6289.63,169.99,2.9308671221846936
R Mondavi Winery Cab Svgn Na,123.99,123.99,2.1377623064867355
R Perrin Chtnf du Pape,221.94,36.99,0.6377597202753799
R Stemmler 13 Pnt Nr,47045.31,16.99,0.29293153953713713
R Stemmler Carneros Chard,184.95000000000002,36.99,0.6377597202753799
R Stemmler Carneros Pnt Nr E,73.98,36.99,0.6377597202753799
R Stemmler Nugent Pnt Nr,7198.0,35.99,0.6205183112384678
R Strong Rockaway Cab Svgn,145.98,72.99,1.2584504456042165
R Stuart Big Fire Rose,227.88,18.99,0.3274143576109614
R Young Est Cab Svgn Alexndr,209.96,52.49,0.9050015603475179
R. Merlo Pnt Nr,574.72,21.656666666666666,0.3733914483760604
R.Mondavi PS Bourbon Barrel,28901.25,12.204611872146119,0.2104247054244252
R8 Cab Svgn,347.71,11.99,0.20672449435257648
R8 Chard,190.84,11.790000000000001,0.20327621254519404
Raeburn Chard RRV,7974.1900000000005,10.616237623762377,0.18303889530434325
Raffy Malbec Terrior,95.94,15.99,0.275690130500225
Rage Znfdl,1196.79,56.99,0.9825879010136225
Raimat Vina 24 Albarino Whte,801.66,5.972456140350877,0.10297355927080697
Rain Organics Vodka,50346.37,11.81476038338658,0.20370311644307285
Rain Svgn Bl Marlboro,1607.04,16.767777777777777,0.2891001153067122
Rainstorm Pnt Gris,1306.91,11.99,0.20672449435257648
Rainstorm Pnt Nr,8844.43,15.882744479495267,0.273840894199736
Rainstorm Pnt Nr Rose,143.92,17.99,0.31017294857404926
Ram Island Lavender Lemonade,3880.38,6.901877394636016,0.11899809128353697
Ram Island Mead Iced Tea,1877.27,6.914528301886793,0.11921621075013566
Ramey Annum Cab Svgn Napa,2374.75,94.99,1.6377614444162834
Ramey Cab Svgn Napa,3761.34,56.99,0.9825879010136225
Ramey Cab Svgn Pedregal Vyd,4559.76,189.98999999999998,3.275695302922936
Ramey Chard Hyde Vyd,251.96,62.99,1.0860363552350953
Ramey Chard Sonoma Coast,4254.88,37.99,0.6550011293122919
Ramey Russian River Chard,10903.130000000001,37.99,0.6550011293122919
Ramon Bilbao Crianza Rioja,83.94,13.99,0.24120731242640073
Ramon Bilbao Tempranillo Ltd,203.88,16.99,0.29293153953713713
Ramon Bilbao Valinas Albarin,111.92,13.99,0.24120731242640073
Ramon Cardova Garnacha,2500.6099999999997,17.99,0.31017294857404926
Ramos Pinto 10-Yr Tawny Red,4668.87,41.398163265306124,0.713762666234013
Ramos Pinto Fine Ruby Red P,1678.88,14.99,0.2584487214633129
Rampolla Sammarco Toscna IGT,989.82,54.99,0.9481050829397982
Ranch 32 Chard,13.99,13.99,0.24120731242640073
Rancho Zabaco Dncg Bul Znfdl,12068.06,8.594133545310015,0.1481749717725378
Rancho Zabaco Heritage Znfdl,20794.11,13.089029126213592,0.22567330506110517
Rancho Zabaco Monte Rsso Znf,5740.719999999999,25.24174825174825,0.4352033064151533
Rancho Zabaco Svgn Bl Dancg,7.99,7.99,0.13775885820492795
Ranga Ranga Svgn Bl,49774.75,12.07649225840897,0.20821574275833185
Ransom Dry Vermouth,12185.55,18.878288288288285,0.3254882902951261
Ransom Old Tom Gin,22352.65,35.20261261261261,0.6069426432220161
Ransom Selection Pnt Nr,6497.4,24.99,0.4308628118324342
Ransom Sweet Vermouth,14312.419999999998,18.956666666666663,0.32683964397639764
Raspberry di Amore,68417.69,9.039536774437511,0.15585435103228645
Rastignac Pineau des Charent,167.88,13.99,0.24120731242640073
Rastignac VSOP Cognac,5209.19,28.76631578947368,0.49597181701129966
Rastignac XO Cognac,8734.26,50.275714285714294,0.8668241546229268
Ravage Cab Svgn,31992.61,12.14512708150745,0.20939910381754884
Ravage Knight Fall Dark Red,8249.12,11.99,0.20672449435257648
Ravenswood Barricia Znfdl,3058.2999999999997,17.99,0.31017294857404926
Ravenswood Belloni Znfdl,3997.5899999999997,28.271553398058252,0.4874414162448255
Ravenswood Besieged Red,13144.74,14.24136612021858,0.2455412185231109
Ravenswood Big River Znfdl,1328.52,27.34294117647059,0.4714308330957569
Ravenswood Dickerson Znfdl,2771.06,29.293571428571425,0.5050624471520024
Ravenswood Mendocino OV Znfd,9323.51,14.420555555555556,0.24863069687284906
Ravenswood Petite Sirah Vnts,7078.18,8.563258003766478,0.1476426339315495
Ravenswood Pickberry Red,2459.18,29.99,0.5170698570169948
Ravenswood Teldschi Znfdl,1811.37,28.332105263157892,0.48848541571895626
Ravenswood Vints Blend Znfdl,162565.51,7.804628199918732,0.1345627871758181
Ravenswood Vntnrs Blnd Chard,74008.87,7.530758547008547,0.12984088846719646
Ravenswood Vntrs Bl Cab Svgn,143317.35,7.757683403722822,0.13375339274244996
Ravenswood Vntrs Blend Znfdl,5385.04,18.217467811158798,0.3140948141489692
Ravenswood Vntrs Blnd Merlot,71148.67,7.8121852731591455,0.13469308176667796
Ravenswood Vntrs Blnd Shiraz,15124.01,8.556418527708852,0.1475247117272418
Ravenswood Zen of Zin Znfdl,29116.420000000002,11.000591900311527,0.18966570460141358
Ravenswood Znfdl Lodi,1562.1,17.318571428571428,0.2985965739349797
Ravenswood Znfdl Napa,21100.76,17.302576312576313,0.29832079559751506
Ravenswood Znfdl Sonoma,29938.559999999998,17.217621483375957,0.2968560546376107
Ravines Cabernet Franc,409.75,16.578235294117647,0.28583213581605565
Ravines Finger Rsl Lakes,2724.41,17.192247191011234,0.2964185660839283
Ravines Gewurztraminer,16.99,16.99,0.29293153953713713
Ravines Meritage,1472.3899999999999,23.946521739130436,0.41287177631565636
Ray's Station Cab Svgn,89.94999999999999,17.99,0.31017294857404926
Raymond Family Clsc Cab Svgn,7258.129999999999,18.674210526315786,0.3219697021256207
Raymond Generations Cab Svgn,1399.86,99.99,1.7239684896008443
Raymond Hill Cab Svgn,105.48,8.79,0.15155198543445764
Raymond R Field Blend Lot 7,8287.72,13.23317617866005,0.22815860335379978
Rebel Newmans Own Cab Svgn,529.47,9.989999999999998,0.17224167627875217
Rebel Newmans Own Chard,199.8,9.99,0.17224167627875223
Rebel Reserve Bourbon,69740.17,20.57712942877802,0.35477870528704397
Rebel The Show Cab Svgn,81098.82,9.99,0.17224167627875223
Rebel Yell,147438.69,20.69668036998972,0.35683993196522273
Rebel Yell American Whisky,3358.3999999999996,20.99,0.36189717568478563
Rebel Yell Ginger Bourbon,11095.92,0.99,0.01706899494654301
Rebel Yell Ginger Whiskey,7361.89,12.032944785276072,0.2074649229615236
Rebel Yell Root Beer Bourbon,13057.11,0.99,0.01706899494654301
Rebel Yell Root Beer Whiskey,6708.45,12.06741935483871,0.20805931311672454
Rebel Yell Small Batch Rye,28804.12,20.683333333333334,0.35660981024679933
Rebel Yell Variety Pack,11117.42,44.7348275862069,0.7712914606095338
Rebellion Bourbon,107.96,26.99,0.4653456299062585
Recanati Galilee Merlot,1512.11,16.99,0.29293153953713713
Red Autumn Red,2869.66,12.071761006289309,0.20813416930528
Red Car Chard Sonoma Cst,2277.33,33.99,0.5860354931646434
Red Car Fort Ross Pnt Nr Sea,2015.68,62.99,1.0860363552350953
Red Car Ritchie Vyd Chard,1006.8100000000001,52.99,0.913622264865974
Red Diamond Cab Svgn Wash,63165.15,8.664599049128368,0.14938989634686212
Red Diamond Chard Wash,5028.64,9.26364864864865,0.1597183555255897
Red Diamond Malbec,7441.25,9.485535714285716,0.16354400118423854
Red Diamond Merlot Wash,90029.24,8.74035460992908,0.15069602895744785
Red Diamond Pnt Nr,7962.7300000000005,9.385833333333334,0.16182499165228448
Red Diamond Shiraz Wash,527.49,10.22529411764706,0.1762984784050845
Red Guitar Sangria,43565.91,5.252452591656132,0.0905596835797326
Red Guitar Temp/Garnacha Nvr,5232.97,10.41042042042042,0.17949031671469123
Red IQ,186.82999999999998,10.99,0.18948308531566435
Red Newt Clrs Rsl Finger Lak,1232.08,13.80081081081081,0.23794542423022816
Red Rock Merlot Cal,32865.43,9.798,0.16893132574366507
Red Rock Pnt Nr,7181.65,9.789076212471132,0.16877746707272137
Red Rock Winemakers Red,19.98,9.99,0.17224167627875223
Red Rock Winery Malbec,21334.32,9.829688715953306,0.16947768385727058
Red Sox Club Series Cab Svgn,9747.029999999999,19.716907630522087,0.3399472694008453
Red Sox Club Series Chard Rs,1499.25,19.99,0.3446557666478735
Red Stag Black Cherry,42.45,8.49,0.146379562723384
Red Stag Hardcore Cider,6865.7,15.92162393162393,0.27451123073701733
Red Stag VAP 750+4/50ml,405.25999999999993,16.865,0.2907763634075231
Red Stag by Jim Beam,334012.08999999997,10.247411741273714,0.17667981740095612
Red Truck Cal,17710.59,9.2189592760181,0.15894784777246343
Red Truck Pnt Nr Cal,2283.81,8.49,0.146379562723384
Red Truck Znfdl Sonoma Cnty,71.94,11.99,0.20672449435257648
Redbreast 15 Yr Old Irish,67302.61,91.18236883942767,1.5721125181151634
Redbreast 21 Yr Old Irish,11749.53,249.99000000000004,4.3101798451376645
Redbreast Irish Whiskey,175424.18,65.41745278673422,1.1278890616489723
Redemption Rye 7Yr Barrel Pr,2239.72,79.99,1.3791403088626015
Redemption Rye Whiskey,43224.45,26.125782747603832,0.45044530676093986
Redtree Cab Svgn Cal,143.84,8.99,0.1550002672418401
Redtree Chard Cal,26.97,8.99,0.1550002672418401
Redtree Moscato,8.99,8.99,0.1550002672418401
Redtree Pnt Grigio Cal,17.98,8.99,0.1550002672418401
Redtree Pnt Nr,6210.72,8.602565445026178,0.14832034960450238
Redwood Creek Cab Svgn Cal,80691.43000000001,10.026969270466807,0.17287907859266666
Redwood Creek Chard Cal,73168.75,10.024040147017246,0.17282857637715315
Redwood Creek Malbec,4273.03,10.747475083056479,0.18530161402099796
Redwood Creek Merlot Cal,22191.48,10.697731092436976,0.1844439575315988
Redwood Creek Pnt Grigio,14422.15,10.701369509043928,0.18450668896056596
Redwood Creek Pnt Nr Cal,78384.87,10.031880151481399,0.17296374910097087
Redwood Creek Svgn Bl Cal,17100.15,10.7751929092805,0.18577950840054036
Regnard Macon Lugny Chard,131.94,21.99,0.3791385847216978
Regusci Est SLD Merlot,3665.22,46.99,0.8101738106445011
Remy Martin 1738 Accord Royl,72486.62999999999,25.594299825682743,0.4412817923079651
Remy Martin 1738 Accord Ryl,444072.52,49.88122576404864,0.8600226166605225
Remy Martin Louis XIII,85049.72,3041.6566666666663,52.4424467398507
Remy Martin V,23235.54,36.238259860788865,0.6247986610457753
Remy Martin VS Cognac,3213.0699999999997,34.42478260869565,0.5935317579633008
Remy Martin VSOP Cognac,815926.8,34.31923357248605,0.5917119438565592
Remy Martin VSOP Gift Pack,19790.38,35.273783783783784,0.6081697344958145
Remy Martin XO Cognac,129066.49,152.11235649546828,2.622631357906967
Remy Martin XO Excelence VAP,1759.89,159.99,2.758453031815572
Remy Martin XO Excellence,21237.26,75.96701149425286,1.309778318484219
Renacer Enamore Red,7399.17,26.282682926829267,0.45315048692893034
Renacer Red Mendoza,593.91,65.99,1.1377605823458317
Renato Ratti Barb d'Asti Bat,91.96,22.99,0.39637999375860994
Renato Ratti Langhe Nebbiolo,164.94,27.49,0.47396633442471453
Renato Ratti Marcenasco Baro,311.94,51.79,0.8929325740216795
Rendezvous Rose,44.97,14.99,0.2584487214633129
Rene Junot Red,18972.02,12.670434782608696,0.2184561487624754
Rene Junot White,8612.28,12.775964912280703,0.22027563689386884
Rentas De Fincas Rioja,899.25,11.418571428571429,0.19687226061719812
Renwood BBQ Zinfandel,1151.04,11.99,0.20672449435257648
Renwood California Znfdl,6094.4400000000005,7.29,0.12568987187908945
Renwood Clarion Red,60785.69,10.99,0.18948308531566435
Renwood Old Vine Zinfandel,21183.899999999998,17.49079239302694,0.3015659060278887
Renwood Timberline Znfdl,46003.079999999994,21.99,0.3791385847216978
Renzo Masi Chiant Rufina RS,7345.98,14.601620795107033,0.2517525167303225
Renzo Masi Chianti Rufina,9448.83,11.52356890459364,0.19868256504914045
Resonance Pnt Nr,239.96,59.99,1.034312128124359
Revana Cab Svgn Napa Vly,9679.12,109.98999999999998,1.896382579969965
Revel Stoke Roasted Pecan,1183.08,12.637058823529413,0.21788070019999026
Revelation Chard Pays D'Oc,81.48,6.79,0.11706916736063339
Reverdy Sancerre Blanc,723.72,25.94238095238095,0.44728320139139816
Revolucion Silver Tequila,239.94000000000003,39.99,0.6894839473861163
Rex Goliath American Chard,39.92,4.99,0.08603463109419154
Rex Goliath Cab Svgn,29962.32,6.326769759450173,0.1090824253050466
Rex Goliath Cab Svgn Free Ra,314.73,12.790000000000001,0.2205176215821062
Rex Goliath Chard,23710.08,6.265603217158177,0.10802782793001672
Rex Goliath Chard Free Range,583.54,12.85206896551724,0.22158777800508692
Rex Goliath Free Range Red,5878.67,6.386363636363637,0.11010990771300705
Rex Goliath Malbec,6435.76,6.325078534031413,0.10905326619582816
Rex Goliath Merlot,20356.68,6.315189063408958,0.10888275778766789
Rex Goliath Moscato,371.49,7.200526315789474,0.12414721949157626
Rex Goliath Pink Moscato,257.59,6.374615384615385,0.10990735129914682
Rex Goliath Pink Pnt Grigio,155.79,6.790000000000001,0.11706916736063341
Rex Goliath Pnt Gri,9.98,4.99,0.08603463109419154
Rex Goliath Pnt Grigio,10563.38,6.353428571428571,0.10954206078680431
Rex Goliath Pnt Grigio Free,133.9,13.323333333333332,0.22971303973512597
Rex Goliath Pnt Nr,40285.63,6.398128988915015,0.11031275896880882
Rex Goliath Red Moscato,153.19,5.0525,0.08711221915899856
Rex Goliath Red Sangria,10827.22,6.497407407407407,0.1120244587905739
Rex Goliath Shiraz,197.70999999999998,6.275714285714286,0.10820215699879286
Rex Goliath Svgn Bl,378.65999999999997,11.406666666666666,0.19666700574771107
Rex Goliath White,11.98,5.99,0.10327604013110368
Rex Hill Seven Soils Chard,8894.289999999999,16.10298076923077,0.2776380781558377
Rex Hill Williamette Pnt Nr,3947.75,19.210588235294118,0.33121760960439794
Reyka Vodka,258420.63999999998,26.256023823028926,0.45269084641575114
Rhetoric 21Yr Bourbon,13998.6,99.99,1.7239684896008443
Rhetoric 22 Year Bourbon,9239.16,109.99000000000001,1.8963825799699658
Rhiannon Proprietor's Red,1307.81,10.99,0.18948308531566435
Rhone Roger Sabon 13 CDR Rou,1440.97,13.990000000000002,0.24120731242640078
Rhum Barbancourt 3 Star,246.33,14.49,0.24982801694485685
Rhum Barbancourt Estate RSV,36377.58,34.993989361702134,0.6033456844184582
Rhum Barbancourt RSV Special,112488.93999999999,18.359074861065707,0.3165363192189246
Rib Shack Red,395.64,10.99,0.18948308531566435
Ricardo Santos Malbec Mendza,1218.3,18.174210526315786,0.3133489976071646
Richard Grant Cuvee Rose Brt,56883.340000000004,13.99,0.24120731242640073
Richards Wild Irish Rose Red,14805.94,5.928671209540035,0.10221864536904435
Richards Wild Irish White,195.51000000000002,3.9900000000000007,0.06879322205727942
Richland Rum,3711.36,57.99,0.9998293100505348
Rickshaw Chard Cal,33.98,16.99,0.29293153953713713
Rickshaw Pnt Nr,1902.8799999999999,16.99,0.29293153953713713
Ridge East Branch Znfdl,3448.85,29.990000000000002,0.5170698570169949
Ridge Estate Cab Svgn,5206.01,52.656666666666666,0.9078751285203366
Ridge Estate Merlot,2303.52,47.99,0.8274152196814133
Ridge Geyserville Znfdl,11923.93,38.86628865979382,0.6701095805302048
Ridge Lytton Petite Sirah,7869.52,32.03255319148936,0.5522863520711133
Ridge Lytton Spring Znfdl,14183.23,37.68154228855722,0.6496828837387172
Ridge Monte Bello 12,1520.91,168.99,2.913625713147782
Ridge Monte Bello Chard,611.91,67.99,1.1722434004196558
Ridge Pagoni Ranch Znfdl,4564.8,38.02225806451613,0.6555573037973537
Ridge Ponzo Vyds Znfdl,2275.24,29.868048780487804,0.5149672461588348
Ridge Santa Cruz Mt Chard,4319.1,47.99,0.8274152196814133
Ridge Three Valleys Sonoma,43970.24,26.247383966244723,0.4525418831109144
Ridge Znfdl Paso Robles,8485.34,31.97550724637681,0.5513027995975306
Riebeek Cellars Cab Svgn,674.3499999999999,10.323333333333332,0.17798881262438956
Riebeek Cellars Cape Rose,2559.03,12.99,0.22396590338948863
Riebeek Cellars Chard,403.61,10.39,0.17913823989351707
Riebeek Cellars Pinotage,32.97,10.99,0.18948308531566435
Riebeek Clrs Svgn Bl Swartld,2112.0299999999997,10.693703703703704,0.1843745196750978
Riff Pnt Grigio,27274.8,10.786630565583636,0.18597670971128633
Righetti Amarone Valpo Clsc,29107.899999999998,31.98529780564263,0.5514716026345328
Righetti Campolieti Valpo,6592.12,16.99,0.29293153953713713
Right Gin,359.88,29.99,0.5170698570169948
Right Hand Man Syrah,37.98,18.99,0.3274143576109614
Riglos Gran Cab Svgn,1849.26,24.99,0.4308628118324342
Riglos Gran Corte Mendoza,419.90000000000003,41.99,0.7239667654599405
Rihaku Nigori Dreamy Clouds,9854.52,13.179690721649486,0.22723643871195445
Rio Madre 14 Rioja Tempranlo,2989.28,10.99,0.18948308531566435
Rio Madre 2014 Rose Rioja,947.07,10.115,0.17439685240836625
Rio Madre Rioja Graciano,19948.06,11.160731707317073,0.19242674051708836
Rioja Bordon Gran Rsva Tempr,5297.88,24.99,0.4308628118324342
Rioja Bordon Rsva Tempranllo,28191.19,15.861198568872988,0.27346941234162453
Rioja Vega Tempranillo Garna,9628.67,9.327700145560408,0.16082269358327186
Riojana Cab Svgn,449.4,7.49,0.12913815368647188
Riojana Chard,89.88,7.49,0.12913815368647188
Riojana Malbec,179.76,7.49,0.12913815368647188
Riondo Blu Prosecco,2704.13,14.511367521367522,0.2501964231208592
Riondo Prosecco,575.64,15.99,0.275690130500225
Rittenhouse Rye Bonded Whsky,347.88,28.99,0.4998284479800827
Riunite Bianco,227.76,9.704285714285716,0.16731555941106305
Riunite D'Oro Moscato,41.93,5.99,0.10327604013110368
Riunite Lambrusco,116278.4,10.980243192078055,0.1893148641993875
Riunite Lambrusco Cuties,3645.7200000000003,7.789999999999999,0.1343105763975455
Riunite Lambrusco Rose,10190.24,8.699119496855346,0.14998507750626028
Riunite Moscato,37990.76,8.599738372093023,0.14827160688368468
Riunite Peach Moscato,59.94,9.99,0.17224167627875223
Riunite Raspberry,11812.49,8.724463276836158,0.150422039983451
Riunite Sweet Red,46.92,5.790000000000001,0.09982775832372127
Riunite Sweet White,161.73000000000002,5.99,0.10327604013110368
Riva Rey Tempranillo,16978.73,8.019585798816568,0.13826895906400818
Riva Rose Brut,291.82,16.13285714285714,0.27815318893406954
Rive Droite Rive Gauche CDR,33361.89,8.99,0.1550002672418401
Roaring Meg Pnt Nr,12637.16,21.58718309859155,0.3721934537575332
Rob Stuart Big Fire Pnt Gris,21260.25,15.3032372214941,0.2638493725246785
Rob Stuart Big Fire Pnt Nr,64140.60999999999,17.128126773888365,0.2953130397446955
Rob Stuart Vignette Pinot Nr,3636.58,25.704285714285714,0.4431781040016572
Robert Hall 13 Syrah,74720.59,13.99,0.24120731242640073
Robert Hall Cab Svgn,25727.61,13.99,0.24120731242640073
Robert Mondavi Chard Rsv,167.96,41.99,0.7239667654599405
Robert Sinskey Abraxas,3656.05,38.540000000000006,0.6644839042825936
Robert Sinskey Aries Pnt Nr,3134.03,32.77571428571429,0.5650994964769643
Robert Sinskey Cab Svgn Stag,854.91,94.99,1.6377614444162834
Robert Sinskey Marcien Red,4599.54,99.99,1.7239684896008443
Robert Sinskey Merlot,8517.87,39.99,0.6894839473861163
Robert Sinskey POV Napa Red,8998.49,35.77125,0.6167467530116432
Robert Sinskey Pnt Bl,874.65,24.99,0.4308628118324342
Robert Sinskey Pnt Gris,930.65,26.434444444444445,0.4557670693301962
Robert Sinskey Pnt Nr,5884.969999999999,28.989999999999995,0.49982844798008264
Robert Sinskey Pnt Nr Carner,34848.23,35.673070866141735,0.615054006405903
Robertson & Duke Napa Cab Sv,71.97,23.99,0.41362140279552206
Rocca Delle Macie Chianti C,135498.15,15.266190476190475,0.2632106344354124
Rocca delle Macie Sasyr Tscn,1052.19,12.99,0.22396590338948863
Rocca di Montemassi Le Faca,90.87,6.99,0.12051744916801582
Rochioli Pinot Noir RRV,6599.12,74.99,1.2929332636780408
Rochioli RRV Chard Cal,1594.71,54.99,0.9481050829397982
Rochioli Svgn Bl RRV,3587.08,38.99,0.6722425383492041
Rock Hills Farm Bourbon,649.87,49.99,0.8618980377552377
Rock Wall 12 Monte Rosso Znf,3159.21,39.99,0.6894839473861163
Rocky Peak Hard Cinnamon,72075.0,18.49939074667888,0.3189555627971579
Rodney Strong Bros Ridge Cab,1532.79,72.99,1.2584504456042165
Rodney Strong Cab Svgn,172021.99,17.818941589811153,0.3072236605547795
Rodney Strong Cab Svgn Alexa,66305.06999999999,23.87582677165354,0.411652895464536
Rodney Strong Chalk Hill Cha,61527.719999999994,18.523216783216782,0.31936635723883633
Rodney Strong Chard,110736.63,12.73203913491246,0.21951829459899863
Rodney Strong Chard Sonoma C,21769.109999999997,19.99,0.3446557666478735
Rodney Strong Charlottes Svg,31211.09,14.426532507739937,0.24873374795025402
Rodney Strong Knotty Vn Znfl,15169.43,17.925483870967742,0.3090605996039259
Rodney Strong Merlot Sonoma,67047.42,16.530429594272075,0.2850078981907223
Rodney Strong Pnt Nr,95711.78,19.145877976190473,0.33010191355830737
Rodney Strong Rsv Alex Vy CS,24123.97,48.08186351706038,0.8289990761546205
Rodney Strong Symmetry,5863.9800000000005,57.470519480519485,0.9908727339274636
Roederer Brut Premier,10601.89,50.26659574468085,0.8666669381271493
Roederer Cristal,86785.94,212.58927797833937,3.665338698486366
Roederer Est Brut,86717.61,21.836343873517784,0.3764893365939904
Roger Didier Raimbault Sance,3988.67,29.99,0.5170698570169948
Roger et Didier Raimbault Rs,1649.34,24.989999999999995,0.4308628118324341
Roland Lavantureux Chablis,8640.59,25.34021097046413,0.43690094242342026
Rombauer Cab Svgn Diamond,5000.33,74.60904761904762,1.2863651078544553
Rombauer Cab Svgn Napa,20626.13,52.79334728033473,0.9102316948880038
Rombauer Carneros Chard,348353.42,33.907304208843904,0.58460970120369
Rombauer El Dorado Znfdl,79686.36,28.711000781860825,0.49501810833916654
Rombauer Merlot Napa,10390.47,29.476381322957195,0.5082143473171022
Rombauer Vyds Chard Carneros,1385.23,17.99,0.31017294857404926
Ron Barcelo Anejo Rum,11803.66,14.170665610142631,0.24432224210977316
Ron Barcelo Imperial Rum,173.94,28.99,0.4998284479800827
Ron Fortuna 8 Yr Old Rum,16.99,16.99,0.29293153953713713
Ron Rio Silver Rum,6018.39,6.99,0.12051744916801582
Ron Virgin Black Spiced Rum,1104.15,12.99,0.22396590338948863
Ron Virgin Bold Coconut Rum,1956.22,10.99,0.18948308531566435
Ron Virgin Heavy Bodied Rum,255440.34,13.556716641679161,0.2337368968167042
Ron Virgin White,100341.02,12.151996779388083,0.20951754708866885
Ron Zacapa 23 Yr Old Rum,117983.73000000001,44.9695321637427,0.7753380982336643
Ron Zacapa XO Rum,659.94,109.99,1.8963825799699654
Roncolato Pnt Grigio Veneto,428.58,10.24,0.17655202853798024
Roncolato Valpo Super S Barb,173.88,14.49,0.24982801694485685
Ronrico Gold,133524.21,12.99,0.22396590338948863
Ronrico Silver Rum,217821.25,12.98257965953732,0.2238379662643784
Ronrico Silver Traveler,22072.18,6.595616093880973,0.1137177149250425
Root 1 Cab Svgn,51400.71,11.305255559890753,0.19491853537490159
Root 1 Carmenere,19265.56,11.043346265761397,0.1904028501042484
Root 1 Pnt Nr,9121.53,10.718668941979523,0.18480495555991516
Root 1 Svgn Bl,13222.11,11.172089552238806,0.19262256576716177
Rosatello Sw Sparkling Rose,14395.84,14.173225806451613,0.24436638350155113
Rosatello Sweet Moscato,2716.11,9.385833333333332,0.16182499165228445
Rosatello Sweet Rose,98.89,8.99,0.1550002672418401
Roscato Bianco,21191.0,10.668899082568808,0.18394685305610542
Roscato Rose Dolce,9692.64,8.481964285714286,0.14624101568648026
Roscato Rosso,229235.64,10.310794392523366,0.17777262361699533
Rose 'N' Blum Pink Moscato,89.7,2.99,0.05155181302036728
Rose'N'Blum Red Moscato,136.65,6.19,0.1067243219384861
Rosemount Cab Svgn/Merlot,1845.36,6.99,0.12051744916801582
Rosemount Diamond Cab Svgn,40730.32,9.132796967144062,0.15746228816160135
Rosemount Diamond Chard,18625.58,9.139870801033592,0.15758425102514992
Rosemount Diamond Merlot,10800.19,9.169419525065964,0.15809371266271086
Rosemount Diamond Shiraz,112071.9,7.829257294429709,0.13498742746849063
Rosemount Gewurz/Rsl,9045.22,10.358159203980101,0.17858925970527711
Rosemount Pnt Nr Ausl,7923.33,9.137347740667977,0.1575407499093615
Rosemount Shiraz/Cab Svgn,11326.87,10.213622047244096,0.17609723546495934
Rosenblum Hertg Petite Sirah,35.98,17.99,0.31017294857404926
Rosenblum R Sauret Zinfandel,66508.53,11.99,0.20672449435257648
Rosenblum RSV Znfdl Monte Rs,7476.599999999999,21.99,0.3791385847216978
Rosenblum Vntnrs Cv Cab Svgn,116.91,12.99,0.22396590338948863
Rosenblum Vntr Cve XXX Znfdl,11084.11,11.176346863468634,0.1926959678114727
Rosenblum Znfdl Paso Robles,215.88,17.99,0.31017294857404926
Rosita Tequila Gold,19118.82,9.29,0.1601726899529137
Rosita Tequila Liqueur,65.61,7.290000000000001,0.12568987187908948
Rosita Tequila Wh,27935.03,9.29,0.1601726899529137
Rosita Triple Sec,15692.67,3.99,0.06879322205727942
Rosso del Popolo Lange Rosso,359.76,14.99,0.2584487214633129
Rotari Trento Brut,52.43,7.49,0.12913815368647188
Roth Est Red Heritage Sonoma,12017.32,17.99,0.31017294857404926
Roth Est Svgn Bl Alex Vly,45355.39,8.008680677174548,0.13808093940118082
Roth Estate Pinot Noir,1154.23,14.99,0.2584487214633129
Rothman & Winter Apricot,65.97,21.99,0.3791385847216978
Rothman & Winter Pear Liquer,21.99,21.99,0.3791385847216978
Rothman & Winter Violette,2968.6499999999996,21.99,0.3791385847216978
Rough Rider Straight Bourbon,39653.98,32.99,0.5687940841277314
Round Hill Cab Svgn,3105.7799999999997,13.99,0.24120731242640073
Round Hill Chard,4432.75,13.828983050847457,0.23843115334418608
Round Hill Comm Man Cab Svgn,3643.4399999999996,7.989999999999999,0.13775885820492795
Round Hill Comm Man Wh Znfdl,1006.3199999999999,5.99,0.10327604013110368
Round Hill Common Man Chard,5594.5199999999995,11.576206896551723,0.19959011819937145
Round Hill Common Man Merlot,2373.3599999999997,8.99,0.1550002672418401
Round Hill Merlot Cal,2350.3199999999997,13.99,0.24120731242640073
Round Pond Est Cab Rutherfrd,6775.860000000001,59.39,1.0239672827022115
Round Pond Est Cab Svgn K&K,12792.24,27.678311688311688,0.47721309326932787
Round Pond Est Svgn Bl Napa,17683.7,21.303765182186233,0.36730692953239974
Roussanne Truchard Carneros,219.89,19.99,0.3446557666478735
Route 128 Est Pnt Nr Santa B,322.83,18.99,0.3274143576109614
Route 128 Est Viognier Yrkvl,19.99,19.99,0.3446557666478735
Route 66 Tequila,16970.15,34.99,0.6032769022015555
Royal Brackla 12 Yr Scotch,10725.37,65.82229813664595,1.1348691659234922
Royal Thistle Scotch,203.88,16.99,0.29293153953713713
Royal Tokaji Mad Cuvee,3249.2099999999996,18.152790697674416,0.3129796895800582
Royal Tokaji Szt Tamas,386.97,128.99,2.2239693516712964
Rozes Infanta Isabel 10 Yr,3325.6499999999996,24.634067796610168,0.4247260391243807
Rozes LBV 00 Porto,259.8,12.99,0.22396590338948863
Rozes Vintage 2000 Old Port,6448.5,42.99,0.7412081744968526
Rozes White RSV Porto,892.53,18.99,0.3274143576109614
Ruca Malen Cab Svgn Rsv,2996.17,16.401290322580646,0.28278135518476144
Ruca Malen Malbec Rsv,9945.949999999999,16.458235294117646,0.2837631667316262
Ruca Malen Petit Verdot,227.88,18.99,0.3274143576109614
Ruca Malen Yauquen Bonarda,231.71,7.99,0.13775885820492795
Ruffino Aziano Chianti Clsc,51363.72,12.795755395683454,0.22061685271325387
Ruffino Chianti,93696.16,7.5774294923448835,0.1306455613258796
Ruffino Chianti Clsc RSV Tan,167311.09,19.77158351948374,0.34088995876689
Ruffino Chianti Clsc Rsv Gld,65226.78,35.83172003659652,0.6177893416470809
Ruffino Chianti Clsc Santdam,9044.4,16.122596685082872,0.27797628418467746
Ruffino Chianti Superiore,47883.36,10.307583268783889,0.17771725931913485
Ruffino Greppone Mazzi Bru,8468.37,51.919824561403516,0.895170932387875
Ruffino Il Ducale Toscana Rd,20678.4,16.495454545454546,0.28440487906797335
Ruffino Lumina Pnt Grigio,130386.98,7.49492947065069,0.12922314470629587
Ruffino Modus Toscana,1819.3,25.99,0.4481042208693463
Ruffino Orvieto Clsc,81866.31,7.890731220917351,0.1360473245801691
Ruffino Prosecco,2257.77,6.99,0.12051744916801582
Ruffino Prosecco Sparkling,145221.51,12.369930104842737,0.21327502469560702
Ruffino Rose Sparkling,18884.87,12.558459657701711,0.21652553983199474
Ruffino Unoaked Chard Toscna,10802.81,8.20951219512195,0.14154355774961597
Ruinart Champagne Gift Box,13772.58,57.07333333333333,0.9840246851000317
RumChata Liqueur,665834.6,15.098480241951531,0.2603190736872224
Rumpleminze,496350.63999999996,7.150752047368218,0.12328904097021233
Rumson's Coffee Rum,16023.679999999998,21.89322580645161,0.3774700612665127
Rumson's Grand Rsv Rum,1627.63,43.99,0.7584495835337648
Rumson's Spiced Rum,22894.36,29.979619377162624,0.5168908804525978
Run Riot Pnt Nr,53.97,17.99,0.31017294857404926
Russian Diamond Vodka,79.96,19.99,0.3446557666478735
Russian Standard Gold Vodka,1109.6299999999999,29.989999999999995,0.5170698570169948
Russian Standard Original,53592.46,17.084945677846008,0.2945685368051671
Russian Standard Platinum,45783.74,21.562498298162012,0.371767853016333
Russian Standard Vodka,21123.57,3.8219641523525016,0.06589604727512464
Russo Limoncello,30564.3,26.125662898252823,0.45044324038925626
Ruta 22 Malbec,28879.96,11.069590228526398,0.19085533300102928
Rutherford Ranch Cab Svgn,50895.28999999999,21.493733876442633,0.3705822574942825
Rutherford Ranch Chard,15928.97,14.437443181818184,0.24892186334490551
Rutz Cellars Chard RRV Cve,11.99,11.99,0.20672449435257648
Ryan Patrick Rsv Cab,3106.93,29.30818181818182,0.5053143508554638
Ryan Patrick Ryan's Rsl,933.2,11.605384615384615,0.20009318318453337
Ryans Irish Cream,468944.04,8.541491040817647,0.1472673408198574
Rye Harbor Vodka,25851.629999999997,17.99,0.31017294857404926
S A Prum Luminance Rsl Mosel,7942.06,7.99,0.13775885820492795
S Aviron 12 Fleurie Madrieir,1077.51,21.99,0.3791385847216978
S Aviron Cd Brouilly 12 Viel,949.4999999999999,18.99,0.3274143576109614
S S Pierce 99 Vodka 80 Proof,264.18,6.29,0.10844846284217731
S S Pierce Manhattan,263.76,10.99,0.18948308531566435
S S Pierce Ninety Nine Bl W,67.41,7.49,0.12913815368647188
S S Pierce Ninety Nine Gin,67.41,7.49,0.12913815368647188
S S Pierce Ninety Nine Rum,149.8,7.489999999999999,0.12913815368647186
S S Pierce Vodka,3522.18,12.49,0.21534519887103257
SA Prum Rsl Essence Mosel,2533.05,12.99,0.22396590338948863
SCV Gold Hills Chard 12,15494.88,16.99,0.29293153953713713
SMV SMV Blustery Blend White,82.94999999999999,16.49,0.28431083501868104
SW4 London Dry Gin,12819.869999999999,24.99,0.4308628118324342
Saarstein Riesling QbA,1494.98,14.611621621621621,0.25192494507096774
Saddleback Clrs 09 Cab Svgn,40649.3,37.99,0.6550011293122919
Saddleback Clrs 11 Cab Svgn,41181.16,37.99,0.6550011293122919
Sailor Jerry Spiced Navy Rum,930605.2899999999,14.943720219136194,0.2576507928313013
Sailor Jerry Spiced Rum,27492.48,9.99,0.17224167627875223
Sailor Jerry Spiced Rum Trav,60671.99,17.36795275590551,0.29944797759833225
Saint M Pflaz,287.76,11.99,0.20672449435257648
Saintsbury Carneros Pnt Nr,22037.32,32.99,0.5687940841277314
SakeMoto Junmai Sake,7524.63,8.99,0.1550002672418401
Saldo Znfdl Cal,25827.54,30.55692913385827,0.5268445141087876
Salers Apertif Gentiane,21.99,21.99,0.3791385847216978
Salignac VS Cognac,51556.399999999994,18.68104398516163,0.32208752058471873
Salmon & Trout Bordeaux Blnc,89.8,4.49,0.07741392657573548
Salmon Creek Cab Svgn,1861.27,4.99,0.08603463109419154
Salmon Creek Cab Svgn Cal,54.95,10.99,0.18948308531566435
Salmon Creek Chard Cal,1037.92,4.99,0.08603463109419154
Salmon Creek Merlot Calif,149.70000000000002,4.99,0.08603463109419154
Salmon Creek Pnt Grigio Cal,199.6,4.99,0.08603463109419154
Salmon Creek Pnt Nr Cal,578.71,4.45969696969697,0.076891459635223
Salmon Creek Wh Znfdl Cal,224.55,4.99,0.08603463109419154
Salmon Run Chard/Rsl,10456.07,10.609926199261993,0.18293007745292655
Salmon Run Coho Red NY,18300.77,10.629908256880734,0.1832745962817304
Salmon Run NY Chard,23524.01,10.670361544782251,0.18397206796532842
Salmon Run NY Pnt Nr,67373.07,14.679065743944637,0.2530877767710744
Salmon Run NY Rsl,68264.0,11.454235227594005,0.19748715476395656
Salmon Run Rose,5107.74,11.990000000000002,0.2067244943525765
Salon Brut Bl de Bl 97,5219.82,289.99,4.99983620661415
Salted Caramel Martini Wine,199.29000000000002,9.49,0.16362097176029614
Salvatore Principe Rose Mosc,38.97,12.99,0.22396590338948863
Salviano Orvieto 13 Clsco,9675.89,7.989999999999999,0.13775885820492795
Sambuca Romana,763390.62,16.58444678165755,0.28593923061345883
Sambuca Romana Black,192403.91999999998,19.652079777042328,0.3388295458620158
Sambuca Romana Liqueur,187794.31,1.99,0.03431040398345515
Sambuca di Amore,146209.51,9.386544876886418,0.1618372596657308
Sammy's Beach Bar Rum,10306.06,10.612222222222222,0.182969664123942
Samos High Peaks Muscat,160.86,11.49,0.19810378983412041
San Callisto Montepulcno 09,527.76,21.99,0.3791385847216978
San Felice Campogiovanni Bru,6048.79,49.99,0.8618980377552377
San Felice Il Grigio Gr Sel,6675.28,38.81051282051283,0.6691479264707841
San Guido Sassacaia,1049.97,349.99,6.034320748828877
San Guido Sassicaia Guildal,699.72,24.99,0.4308628118324342
San Polo Brun di Montlcno 11,149.98,74.99,1.2929332636780408
San Polo Mezzopane 06 Toscan,1684.4099999999999,28.561428571428568,0.4924392726785489
San Quirico Vernaccia,1910.68,14.317272727272728,0.24684995538393567
San Rocco Pinot Grigio Vene,2428.96,7.989999999999999,0.13775885820492795
San Vicente 04 Rioja,92.97,30.99,0.534311266053907
San Zopito Montepulciano d'A,1349.55,29.99,0.5170698570169948
Sandeman 10 Yr Tawny Port,6569.69,28.723695652173912,0.495236985790905
Sandeman 30 Yr Tawny Port,1233.86,87.82333333333332,1.5141980129850798
Sandeman Character Sherry,10798.35,10.217810650887573,0.17616945289367006
Sandeman Fine Rich Madeira,38503.93,15.987852925389157,0.2756531119086267
Sandeman Founders RSV Port,66311.19,15.193662772339755,0.2619601546268141
Sandeman Imperial 20-Yr Taw,88566.56,39.44535714285714,0.6800935371070836
Sandeman Rainwater Madeira,4739.04,16.04240174672489,0.2765936104497575
Sandeman Ruby Port,12251.92,12.159515669515669,0.20964718334886215
Sandeman Tawny 40-Yr Port,17702.41,111.68465648854962,1.925600845666107
Sandeman Tawny Port,47198.29,12.208493661446681,0.21049163294155132
Sandeman Vau Vintage Porto,168.95000000000002,33.99,0.5860354931646434
Sandrone Barbera D'Alba,147.96,36.99,0.6377597202753799
Sandrone Dolcetto D'Alba,19.99,19.99,0.3446557666478735
Sanford & Benedict Pnt Nr,719.64,19.99,0.3446557666478735
Sanford La Riconda Pnt Nr,759.8000000000001,37.99,0.6550011293122919
Sanford Santa Barbara Chard,80557.62,15.99,0.275690130500225
Sanford Santa Rita Pnt Nr,26047.67,22.99,0.39637999375860994
Sans Liege Cotes du Coast Wh,1346.3899999999999,22.256666666666664,0.3837362937982077
Sans Liege Groundwork Grenac,1525.23,19.725849056603774,0.340101432185293
Santa Barbara Winery Chard,265.84999999999997,17.889999999999997,0.308448807670358
Santa Barbara Winery Pnt Nr,246.86999999999998,18.99,0.3274143576109614
Santa Christina Chianti Supr,179.88,14.99,0.2584487214633129
Santa Cristina Antinori Wh,13316.24,11.816018808777429,0.2037248134699789
Santa Cristina Pnt Grigio,7543.08,11.534072948328268,0.19886366956371077
Santa Cristina Toscana,101738.98,11.628260419363189,0.20048759427797616
Santa Ema Cab Svgn Rsv,14860.33,14.123587786259542,0.2435105540916371
Santa Ema Reserve Merlot,563.53,11.99,0.20672449435257648
Santa Julia Malbec,3417.15,11.990000000000002,0.2067244943525765
Santa Lucia Sangvs Monte Ant,63748.87,11.774702589223233,0.20301246362878614
Santa Margherita Chianti Cls,15902.9,26.06272727272727,0.44935814152657627
Santa Margherita Pnt Grigio,925941.16,20.3861070030448,0.3514852095097543
Santa Margherita Prosecco V,43787.86,19.007454545454546,0.32771529856869663
Santa Margherita Rose Brut,8165.92,20.02246753246753,0.34521555265556547
Santa Maria Alla Pieve Ripas,1729.28,23.99,0.41362140279552206
Santa Maria Alla Pieve Soave,1295.02,13.112807017543862,0.22608326941156556
Santa Maria Alla Pieve Valpo,3387.56,77.45666666666666,1.3354620726357573
Santa Marta Pnt Grigio,95.88,7.99,0.13775885820492795
Santa Rita 120 Cab Svgn,55545.27,5.99,0.10327604013110368
Santa Rita 120 Chard,14927.08,5.99,0.10327604013110368
Santa Rita 120 Merlot,21132.72,5.99,0.10327604013110368
Santa Rita 120 Svgn Bl,84075.64,5.99,0.10327604013110368
Santa Rita Coll Prv Cab Svgn,11.98,5.99,0.10327604013110368
Santa Rita Medalla Cab Svgn,11448.84,15.99,0.275690130500225
Santa Rita Organic Svgn Bl,9.99,9.99,0.17224167627875223
Santa Rita RSV Cab Svgn,44889.15,10.513872098116515,0.1812739694054044
Santa Rita RSV Chard,8522.86,10.480644490644492,0.1807010786336613
Santa Rita RSV Merlot,11285.27,10.503043478260869,0.18108726874116798
Santa Rita RSV Svgn Bl,40826.97,10.523669262482823,0.1814428863236458
Santa Rita Secret Rsv Red,8864.14,8.99,0.1550002672418401
Santerra Red 09 Sonoma Cty,13.58,6.79,0.11706916736063339
Santi Amarone Proemio 06,1099.78,49.99,0.8618980377552377
Santi Infinito Rose 14,794.47,14.99,0.2584487214633129
Santi Pinot Grigio Delle Ve,10760.58,12.795357142857144,0.22060998627337539
Santons Rose de Provence,143.84,8.99,0.1550002672418401
Santos Sangria,12917.07,9.990000000000002,0.17224167627875225
Sapling Maple Bourbon,61414.340000000004,41.88395267309378,0.7221383601194792
Sapling Vermont Maple Liquer,55069.299999999996,29.498916323731137,0.5086028824830928
Saracco Moscato d'Asti,16394.82,16.123223684210526,0.2779870945331031
Sartori Amarone,24234.940000000002,39.9371032745592,0.6885719333060781
Sartori Bardolino Chiaretto,1151.28,15.99,0.275690130500225
Sartori Family Pnt Grigio,1605.99,7.990000000000001,0.13775885820492795
Sartori Family Pnt Nr,2876.3999999999996,7.99,0.13775885820492795
Sartori Ferdi Bianco,407.49,7.99,0.13775885820492795
Sartori Valpolicella Cls,1597.79,13.42478260869565,0.23146216818814602
Sasa Barolo,99.98,49.99,0.8618980377552377
Sasa VO Amarone del Valp Cla,463.92,57.99,0.9998293100505348
Sassacaia,8669.49,169.99,2.9308671221846936
Sassoregaule Maremma Toscana,6615.34,14.177713310580204,0.244443754395787
Sassy Bitch Pnt Noir,143.88,11.99,0.20672449435257648
Satellite Svgn Blanc Marlbor,2063.59,8.658269230769232,0.1492807613594029
Sauska Aszu Essencia,1313.64,36.49,0.6291390157569238
Sauska Tokaji Aszu,1824.75,72.99,1.2584504456042165
Sauvignon Republic Svgn Bl,96.69,8.79,0.15155198543445764
Sauvion Muscadet Ch de Cler,4263.36,16.169856115107915,0.27879110334859053
Sauvion Rose d'Anjou,5191.67,11.99,0.20672449435257648
Sauvion Vouvray,22329.99,13.896213364595544,0.23959029868319678
Sauza 901 Silver Tequila,18757.789999999997,26.059730586370836,0.4493064744313497
Sauza Blanco Tequila,208875.83,22.705079916608753,0.39146757005803035
Sauza Blue Reposado,53.97,17.99,0.31017294857404926
Sauza Blue Silver,100027.48,16.521979695431472,0.28486221002849094
Sauza Blue Silver Tequila,154464.25,27.25389560173997,0.46989556191889936
Sauza Blue Silver VAP,15962.44,16.661214188267394,0.28726280887152206
Sauza Conmemorativo,76892.26999999999,17.994856052722856,0.3102566737653488
Sauza Cucumber Chili Tequila,5858.46,12.068688524590165,0.20808119539154663
Sauza Extra Gold Tequila,295923.92,19.40074939916976,0.33449625601371313
Sauza Giro Gold Tequila,24806.86,9.49,0.16362097176029614
Sauza Gold Tequila,62902.62,0.99,0.01706899494654301
Sauza Gold VAP,179.88,14.99,0.2584487214633129
Sauza Silver Tequila,100698.29000000001,13.51421214450423,0.2330040593950029
Sauza Silver VAP,44.97,14.99,0.2584487214633129
Sauza Sparkling Margarita,167.76,6.989999999999999,0.1205174491680158
Sauza Sprkl Mango/Peach Marg,181.74,6.99,0.12051744916801582
Sauza Sprklg Wild Berry Marg,27.96,6.99,0.12051744916801582
Sauza Tres Generaciones Pla,28283.670000000002,38.61776025236593,0.6658246006004482
Sauza Tres Generacions Anejo,71622.32,42.96340797760672,0.7407496905616514
Save Me San Francisco Merlot,65.94,10.99,0.18948308531566435
Saved Red,13218.5,20.333999999999996,0.35058681135657127
Saved Rose,1388.01,14.059767441860465,0.24241020142897599
Savory & James Amontillado,1958.04,9.99,0.17224167627875223
Savory & James Deluxe Cream,42804.119999999995,19.58664948453608,0.33770143542551073
Savory & James Fino Sherry,4245.75,9.99,0.17224167627875223
Sazerac 6 Yr Straight Rye,10496.5,29.99,0.5170698570169948
Sbragia Cab Svgn Monte Rosse,2437.4700000000003,45.99,0.792932401607589
Sbragia Home Ranch Merlot,549.75,21.99,0.3791385847216978
Sbragia Zin Ginos Vyd- Dry C,32597.879999999997,17.99,0.31017294857404926
Scaggs Vyds Mt Vedeer Montag,1247.68,38.99,0.6722425383492041
Scagliola Barbera D'Asti Frm,3158.4199999999996,19.99,0.3446557666478735
Scagliola Busiord Dolcetto,44.92,5.704285714285715,0.09834992326341452
Scagliola Dolcesvago Moscato,104.79,4.99,0.08603463109419154
Scagliola Dolcetto Sempre,1529.97,14.840746268656718,0.255875376830938
Scagliola Mati Barbera,10459.87,12.945010224948875,0.22319021627535351
Scagliola Moscato D'Asti Prm,1519.05,15.99,0.275690130500225
Scala Dei Negre Priorat,787.5799999999999,18.573333333333334,0.3202304371789147
Scapa 10 Yr Old Single Malt,2099.7,69.99,1.2067262184934802
Scapa 16 Yr Old Single Malt,74295.51,70.83658454647255,1.221322528943542
Scharffenberger Brut Spklg,481.76,20.10111111111111,0.34657147876308597
Schlink Haus Auslese,359.73,13.451538461538462,0.23192347679114036
Schlink Haus Kabinett,659.4,10.99,0.18948308531566435
Schlink Haus Spatlese,137.88,11.49,0.19810378983412041
Schlosskellerei Gobelsbrg Rs,191.88,15.99,0.275690130500225
Schlosskellerei Gobelsburg,5124.79,15.953636363636365,0.27506317017161
Schmitt Sohne Auslese,32278.04,14.706524216524215,0.2535611995283477
Schmitt Sohne Auslese Michls,9370.14,15.99,0.275690130500225
Schmitt Sohne Blue Rsl,14026.939999999999,19.860445344129552,0.34242206183337476
Schmitt Sohne Funf Rsl,4538.37,9.81420749279539,0.1692107657564132
Schmitt Sohne Funf Sangria,1858.3,10.928931297709925,0.18843017484012775
Schmitt Sohne Kabinett,5416.83,12.99,0.22396590338948863
Schmitt Sohne Kabinett Mchls,5118.06,12.99,0.22396590338948863
Schmitt Sohne Liebfraumilch,7277.08,14.814615384615385,0.2554248435706852
Schmitt Sohne QbA,71068.4,9.690286123032903,0.16707418673192373
Schmitt Sohne Relax Mosel,160042.51,12.591783060921248,0.21710008225740474
Schmitt Sohne Relax Pink Ros,39816.72,10.876942675159235,0.18753381773346567
Schmitt Sohne Spatlese,13365.47,12.686883852691219,0.218739753908045
Schmitt Sohne Spatlese Psprt,38032.19,12.721840524303659,0.21934245618188408
Schonauer Apple Liqueur,3418.2,18.99,0.3274143576109614
Schramsberg Blanc de Blancs,19642.79,37.62888888888889,0.6487750649378514
Schramsberg Brut Rose,1577.5900000000001,38.45666666666667,0.6630471201961844
Schramsberg Mirabelle B Rose,9408.24,25.03938271604938,0.4317142394391953
Schucks North Cst Chard,14.99,14.99,0.2584487214633129
Schug Cab Svgn,4523.19,24.99,0.4308628118324342
Schug Chard Carneros,72715.58,17.99,0.31017294857404926
Schug Pnt Nr Carneros,64655.78,17.098108108108107,0.29479547564923575
Schug Sonoma Cnty Chard,1403.2199999999998,17.99,0.31017294857404926
Schug Svgn Bl Sonoma Vly,8634.6,15.99,0.275690130500225
Scoresby Rare,210802.31999999998,15.721499672560576,0.27106080652829706
Scoresby Scotch,11.99,11.99,0.20672449435257648
Scorpion Anejo Mexcal,359.92,44.99,0.775690992570677
Scorpion Silver,209.94,34.99,0.6032769022015555
Scott Family Est Chard Arroy,2818.5899999999997,19.99,0.3446557666478735
Scott Family Est Pnt Nr Arro,4270.22,23.989999999999995,0.41362140279552195
Screech Honey Rum,1337.0,13.359565217391303,0.23033772846834744
Screech Rum,34942.840000000004,15.086192384769538,0.2601072137153605
Screech Spiced Rum,1783.67,13.454285714285716,0.23197084329948356
Sea Hagg Amber Rum,8956.8,27.99,0.4825870389431706
Sea Hagg Blueberry Rum,12791.429999999998,27.99,0.4825870389431706
Sea Hagg Peach Rum,419.84999999999997,27.99,0.4825870389431706
Sea Hagg Poitin White Whisky,98.89,8.99,0.1550002672418401
Sea Hagg Spiced Rum,9319.24,24.796784660766956,0.4275315071365116
Sea Pearl Svgn Bl,818.37,12.99,0.22396590338948863
Sea Ridge Chard Cal,77.94,12.99,0.22396590338948863
Sea Smoke Chard,1511.76,62.989999999999995,1.0860363552350951
Sea Smoke Pinot Noir,674.95,134.99,2.327417805892769
Sea Smoke Sea Spray Blanc,1242.34,77.76777777777778,1.3408260665583525
Sea Smoke Southing Pnt Nr,4679.28,64.99,1.1205191733089195
Sea Smoke Ten Snt Brb Pnt Nr,1117.87,85.99,1.4825887630840742
Sea View Ridge Flower Pnt Nr,461.92999999999995,65.99,1.1377605823458317
Seaglass Chard,57176.4,8.99,0.1550002672418401
Seaglass Pnt Grigio,22504.99,9.00863354037267,0.1553215357332111
Seaglass Pnt Nr,46972.98,9.99,0.17224167627875223
Seaglass Rsl,74203.46,8.99,0.1550002672418401
Seaglass Svgn Bl Snt Barbara,145958.24,9.37082309231209,0.16156619394709457
Seagram's Red Berry Vodka,5349.400000000001,9.813825503355705,0.16920417972023583
Seagrams 7 Crown,801809.69,9.432851290454732,0.1626356474830945
Seagrams 7 PET,599.4,9.99,0.17224167627875223
Seagrams Extra Dry Gin,293826.12,14.107261596827039,0.2432290675816172
Seagrams Extra Smooth Vodka,229023.25,15.495988378987311,0.2671726740733572
Seagrams Twisted Lime Gin,203.88,16.99,0.29293153953713713
Seagrams VO,1001601.38,17.223211789729564,0.29695243939609495
Seagrams VO Canadian Whiskey,35513.79,15.99,0.275690130500225
Seagrams VO Gold,34714.29,15.99,0.275690130500225
Sean Minor 4B Cntl Cst Chard,472.57,10.99,0.18948308531566435
Sean Minor 4B Paso Cab Svgn,12752.72,13.87,0.2391383433419713
Sean Minor 4B Pinot Noir,26796.38,14.396764168190128,0.24822049983172606
Sean Minor Cab Svgn,38700.64,19.99,0.3446557666478735
Sean Minor Carneros Pnt Nr,32844.31,19.686905016008534,0.3394299820518404
Sean Minor Four Bears Svgn B,10.99,10.99,0.18948308531566435
Sean Minor Red Napa Vly,7808.089999999999,19.983006993006992,0.3445351973539091
Sebastiani Cab Svgn Sonoma,35922.03,19.99,0.3446557666478735
Sebastiani Chard Sonoma,39102.43,12.794218852999341,0.22059036055233444
Sebastiani Merlot Sonoma,19.99,19.99,0.3446557666478735
Sebastiani Pnt Nr Sonoma,9643.1,16.35182336182336,0.2819284750805322
Sebastiani Znfdl Sonoma Cnty,146533.32,9.99,0.17224167627875223
Secco Italian Bubbles,870.36,13.712222222222223,0.23641803213836962
Secco-Bertani Verona,9939.59,13.42020594965675,0.23138326013763388
Secoli 13 Prosecco Valdobbia,3453.12,11.989999999999998,0.20672449435257648
Secoli 14 Pnt Grigio Venezia,189.81,9.99,0.17224167627875223
Segal's Cab Svgn Spcl Rsv Ga,5625.32,20.99,0.36189717568478563
Segal's Fusion Chard/Colombd,2654.34,15.99,0.275690130500225
Seghesio Arneis RRV,197.82,10.99,0.18948308531566435
Seghesio Cortina Znfdl,116.97,38.99,0.6722425383492041
Seghesio Defiant Red,647.82,35.99,0.6205183112384678
Seghesio Old Vine Znfdl,31398.16,40.060175438596495,0.690693870827303
Seghesio Rockpile Znfdl,2963.2200000000003,37.99,0.6550011293122919
Seghesio Znfdl Sonoma,148531.85,21.012306552030832,0.3622817720725524
Seguinot Gr Fine Npln Cognac,79.99,79.99,1.3791403088626015
Segura Viudas Brut RSV,29658.16,11.517433628318585,0.19857678424132774
Seifried Nelson Svgn Blanc,287.82,15.989999999999998,0.275690130500225
Selbach-Oster Riesling,1512.11,16.99,0.29293153953713713
Selini Nano Svgn Bl,1807.47,3.99,0.06879322205727942
Sella & Mosca RSV Cannonau,50443.77,12.92119533527697,0.22277961402135124
Sella & Mosca Terre Rare,1633.91,14.990000000000002,0.25844872146331294
Sella & Mosca Vermentino Ca,9020.97,9.99,0.17224167627875223
Senators Club,15433.92,6.99,0.12051744916801582
Senda 66 Tempranillo,5003.86,12.109850187265918,0.20879088045437869
Senorio de Barahonda Carro,12.99,12.99,0.22396590338948863
Sensi 18K Moscato Rose,9469.75,18.06782101167315,0.31151469246797237
Sensi 18K Prosecco,66119.48,19.712163308589606,0.3398654706058046
Sensi Chianti DOCG,8666.77,11.985535714285716,0.20664752377651885
Sensi Dalcampo Chianti Rsva,12456.57,16.812355289421156,0.2898686944188034
Sensi Sangiovese/Cab Svgn T,11566.609999999999,26.35182336182336,0.4543425654496535
Sensi Tuscano Bianco,269.64,7.49,0.12913815368647188
Sensi Tuscano Rosso,67.41,7.489999999999999,0.12913815368647186
Septima Malbec Mendoza,69163.14,9.545702043506921,0.16458135347659086
Sequin Delicately Moscato,17058.65,7.99,0.13775885820492795
Sequin Delicately Pnt Grigio,26327.05,7.99,0.13775885820492795
Sequin Delicately Rose,2041.08,6.99,0.12051744916801582
Sequinot-Bordet Chablis Four,7233.73,31.923333333333332,0.5504032478216916
Sequoia Grove Cab Svgn,65067.5,31.790183318056826,0.5481075539450383
Sequoia Grove Chard,723.66,21.073333333333334,0.36333395977119504
Seratina Primitivo,1486.59,10.523333333333333,0.18143709443177203
Serbal Chardonnay,389.7,12.99,0.22396590338948863
Serbal Rose,247.8,12.523333333333333,0.21591991250559628
Serpent's Bite Cider Whiskey,67488.65,6.033171806167401,0.10402038290009812
Sette Ponti Crognolo Toscan,139.93,19.99,0.3446557666478735
Seven Daughters Moscato 4 Pk,4691.87,14.99,0.2584487214633129
Seven Daughters Moscato IGT,2022.16,10.99,0.18948308531566435
Seven Daughters Pnt Nr 4 Pk,1978.68,14.99,0.2584487214633129
Seven Daughters Red,87.92,10.99,0.18948308531566435
Seven Deadly Zins Lodi Znfdl,299.8,14.99,0.2584487214633129
Seven Falls Cab Svgn,7550.13,10.99,0.18948308531566435
Seven Falls Chard,1022.07,10.99,0.18948308531566435
Seven Falls Merlot,1725.43,10.99,0.18948308531566435
Seven Hills Cab Svgn Columbi,2344.98,22.99,0.39637999375860994
Seven Hills Merlot Seven Hil,1022.69,32.99,0.5687940841277314
Seven Sisters Cab Svgn,69.95,13.99,0.24120731242640073
Sextant Wheelhouse Znfdl,863.04,8.99,0.1550002672418401
Sextant Znfdl,1144.53,7.29,0.12568987187908945
Shady Fruit Real Ruby Red Gr,16110.6,2.6132394366197187,0.045055930038150394
Shady Fruit Valencia Orange,15269.62,2.3221629213483146,0.040037360777317114
Shafer Hillside Cab Svgn,13126.57,296.83,5.117767444426629
Shafer Hillside Cab Svgn 06,779.98,389.99,6.723977110305363
Shafer Merlot Napa,18924.62,55.99,0.9653464919767103
Shafer One Pnt Five Cab Svgn,30101.3,81.91567567567567,1.412341670859358
Shafer Red Shoulder Chard,16168.89,51.99,0.8963808558290619
Shafer Relentless Syrah,15220.23,85.99,1.4825887630840742
Shane Judge Vyd Syrah Bennet,1074.75,42.99,0.7412081744968526
Shane The Unknown Syrah No C,1559.6100000000001,39.99,0.6894839473861163
Shannon Ridge 09 Cab Svgn,575.64,15.989999999999998,0.275690130500225
Shannon Ridge Chard HE Lake,335.79,15.99,0.275690130500225
Shannon Ridge Wrangler Red,511.68,15.99,0.275690130500225
Shardana Valli Di Porto Pino,2324.07,24.99,0.4308628118324342
Sharpe Hill Ballet of Angel,32811.33,11.06845744680851,0.19083580224808164
Sharpe Hill Chardonnay,15.99,15.99,0.275690130500225
Shatter Grenache VdP Catalan,5457.2699999999995,19.99,0.3446557666478735
Shaya Verdejo Old Vines Whit,2616.1,13.662566371681416,0.2355618953081198
Sheep Dip Scotch,39858.68,35.23428274428275,0.6074886809163939
Sheffield Cream Sherry,49080.79,9.967294228949859,0.17185019679257826
Sheffield Marsala Silver Lne,7982.889999999999,10.49,0.1808623807972083
Sheffield Tawny Port,14355.630000000001,9.99,0.17224167627875223
Sheffield Very Dry Sherry,20661.21,9.929042089985487,0.1711906760181567
Shelburne Vyds Lake View Wh,298.77,12.99,0.22396590338948863
Shelburne Vyds Marquette Red,238.86999999999998,18.418571428571425,0.31756212387558297
Shellback Spiced Rum,6247.3,14.283103448275861,0.2462608288682543
Shelton Wild Thing Znfdl,28621.499999999996,18.465126903553298,0.3183648058626532
Sho Chiku Bai Takara Sake,47773.0,7.255953243332235,0.1251028578210003
Shoofly Shiraz,38679.82,7.145452436194896,0.1231976682062365
Shooting Star 12 Barbera Cnt,11225.95,7.99,0.13775885820492795
Shooting Star Chard Lake Cny,344.77,14.99,0.2584487214633129
Shooting Star Znfdl Lake Cty,794.47,14.99,0.2584487214633129
Sidebar Svgn Bl,1943.1899999999998,23.99,0.41362140279552206
Siduri Pnt Nr 13 Clos Pepe,7631.39,47.46727272727273,0.8184026649575729
Siduri Pnt Nr RRV,1104.61,27.49,0.47396633442471453
Siduri Pnt Nr Sonoma Cst,43930.15,22.295676855895195,0.3844088844273041
Siduri Pnt Nr Williamette Vy,28408.19,20.43444444444444,0.3523186151087233
Siegel Reserve Cab Svgn,2529.81,10.728461538461538,0.184973793721395
Sierra Cantabria 14 Rose Rio,181.86,12.99,0.22396590338948863
Sierra Cantabria Crianza,3036.18,16.26956989247312,0.28051030937075955
Sierra Cantabria Rioja Tint,8327.06,12.085923261390887,0.2083783465383714
Sierra Cantabria Unica Rsv 0,6008.66,17.99,0.31017294857404926
Signatory Ben Nevis 91 Cask,3044.79,144.99,2.4998318962618904
Signatory Bowmore Islay 02,2624.75,104.99,1.810175534785405
Signatory Glen Grant 92 Cask,5679.6,141.99,2.448107669151154
Signatory Highland Park 99,2469.8100000000004,129.99,2.241210760708208
Signatory Laphroaig 97 Cask,1903.93,271.99,4.689490843949732
Signo 11 Bobal de Manchuela,6019.139999999999,20.927931034482757,0.3608270192618049
Signorello's Cab Svgn Napa,1083.86,79.8990909090909,1.377572908041064
Signorello's Hope Cuvee Char,683.9,68.56142857142856,1.1820956341550342
Sileni Nano Pnt Nr,75.81,3.99,0.06879322205727942
Sileni Pnt Nr,82.94,14.24,0.24551766468562877
Sileni Sauvignon Blanc,22061.65,10.860673952641166,0.18725332203402362
Silo Aisling Whiskey,1014.71,34.99,0.6032769022015555
Silo Bourbon,2137.58,51.414242424242424,0.8864539839593245
Silo Cacao Vodka,119.96,29.99,0.5170698570169948
Silo Cucumber Vodka,1019.66,29.99,0.5170698570169948
Silo Gin,776.7900000000001,36.99,0.6377597202753799
Silo Lavender Vodka,554.85,36.99,0.6377597202753799
Silo Lemon Vodka,299.9,29.99,0.5170698570169948
Silo Reserve Gin,111.97,37.32333333333333,0.6435068566210171
Silo Solstice Whiskey,342.93,48.99,0.8446566287183254
Silo Vodka,1902.41,32.51173913043478,0.5605481928492081
Silo Whiskey,354.42,44.24,0.7627599357929928
Silver Mtn Hard Cider,342.51,6.99,0.12051744916801582
Silver Mtn Honey Apple Wine,38.97,12.99,0.22396590338948863
Silver Oak 05 Library Rls CS,1689.8700000000001,129.99,2.241210760708208
Silver Oak Cab Svgn Alex Vly,229163.53,72.00579617834394,1.2414813849393525
Silver Oak Cab Svgn Napa,190497.7,108.75631578947369,1.8751121258739016
Silver Oak Cab Svgn Napa Vly,6599.700000000001,219.99000000000004,3.792937574030301
Silver Palm 12 Chard No Cst,913.37,14.0525,0.24228490049120777
Silver Palm Nth Cst Cab Svgn,90401.94,16.978958422631802,0.29274116718531934
Silver Palm Pnt Nr CC,417.78,18.99,0.3274143576109614
Silver Root Marley Rum,764.49,14.99,0.2584487214633129
Silver Totem Cab Svgn,10674.66,19.99,0.3446557666478735
Silverado Cab Svgn Napa,173540.89,45.6697937177684,0.787411594119445
Silverado Chard,42805.82,24.94204081632653,0.4300359279296435
Silverado GEO Cab Svg,437.94,72.99,1.2584504456042165
Silverado Merlot Napa,36224.7,31.97939393939394,0.5513698116616398
Silverado Solo SLD Cab Svgn,13948.61,102.40379310344828,1.7655856838278736
Silverado Svgn Bl Napa,47609.979999999996,19.098425414364637,0.32928376453001884
Simi Cab Svgn,262676.49,18.004019921067467,0.3104146717678387
Simi Cab Svgn Alexander Vly,879.9200000000001,110.70428571428572,1.9086978721391885
Simi Chard,341002.63,14.029605418138987,0.24189016564061294
Simi Chard Sonoma Cty,5097.83,9.822807570977918,0.1693590432221076
Simi Dry Rose Sonoma Cnty,155.88,12.99,0.22396590338948863
Simi Landslide Cab Svgn Alex,31656.67,25.652411347517727,0.44228371682567946
Simi Merlot,18060.52,17.179320388349513,0.29619568979169814
Simi Pnt Nr Sonoma Cnty,63531.36,16.848585858585857,0.29049336048141217
Simi RSV Chard RRV,237.83,13.99,0.24120731242640073
Simi Svgn Bl,136233.8,13.151066308243728,0.2267429134919841
Simmonet-Febvre 12 Bourgogne,3381.18,11.99,0.20672449435257648
Simmonet-Febvre Cremant de B,18019.12,13.99,0.24120731242640073
Simonnet-Febvre 14 Chablis,905.5,18.166470588235292,0.31321555016879843
Simonnet-Febvre Bourgogne Br,2323.45,14.99,0.2584487214633129
Simple Life Chard,911.28,12.656666666666666,0.21821876704385124
Simple Life Pnt Nr,15751.23,8.952053571428571,0.1543460173453501
Simply Ginger Liqueur,3233.02,32.99,0.5687940841277314
Simply Naked Cab Svgn,895.13,4.920769230769231,0.0848409950839438
Simply Naked Chard,21846.64,7.505566625155667,0.129406544238105
Simply Naked Merlot,99.75,3.99,0.06879322205727942
Simply Naked Pnt Grigio,21551.3,7.4860629921259845,0.12907027412333444
Simply Naked Undressed Red,523.38,4.29,0.07396564476835306
Simply Naked Unoaked Moscato,33.96,8.323333333333332,0.14350599455056529
Simply Naked Unoaked Pnt Nr,564.63,6.49,0.11189674464955975
Simply Naked Unoaked Svgn Bl,12525.95,7.3749950641658435,0.12715530654649135
Sipsmith Gin,29589.870000000003,36.5851293759513,0.6307791802391262
Sivas-Sonoma Cab Svgn,8326.17,17.204285714285714,0.296626127187904
Six Hats Chenin Blanc,143.88,11.99,0.20672449435257648
Six Hats Shiraz,4742.05,11.92286219081272,0.20556694392253644
Six Saints Caribbean Rum,14462.9,20.552613430127042,0.35435601492635405
Sixto Chardonnay,5974.34,35.99,0.6205183112384678
Skeleton Malbec,17372.57,10.625348837209302,0.18319598546220428
Skinnygirl Chard,152.84,9.535454545454545,0.16440467217106486
Skinnygirl Cosmopolitan,66501.05,10.978651018828993,0.1892874128891428
Skinnygirl Cucumber Vodka,779.48,14.99,0.2584487214633129
Skinnygirl Grapefruit Marg,27534.38,10.827638376383765,0.18668374215099967
Skinnygirl Margarita,122034.44,11.002627986348124,0.18970080959360489
Skinnygirl Margarita Wtrmn/L,21806.31,10.519272151898734,0.18136707394148496
Skinnygirl Mojito RTD,15779.89,10.472068390325271,0.18055321458011603
Skinnygirl Moscato,80.92,10.115,0.17439685240836625
Skinnygirl Pina Colada,3306.63,9.56394366197183,0.16489586468203962
Skinnygirl Red Wine,10560.9,9.518548123980423,0.16411318164307911
Skinnygirl Rose Wine,15053.0,9.451306532663319,0.16295384186288803
Skinnygirl Sangria,27162.14,11.395063291139241,0.19646694720403382
Skinnygirl Spicy Lime RTD,44992.1,10.810689655172414,0.18639152231594217
Skinnygirl Sprklng Margarita,3302.45,12.918057553956835,0.22272551425014242
Skinnygirl Sweet'Arita,34970.24,17.680513219284602,0.304836960396218
Skinnygirl Tangerine Vodka,2368.42,14.989999999999998,0.2584487214633128
Skinnygirl Vodka,10058.93,15.482537313432834,0.26694075875015016
Skinnygirl W Peach Margarita,38890.72,10.812855029585798,0.1864288564219214
Skinnygirl Wh Cherry Vodka,8534.61,14.49,0.24982801694485685
Skinnygirl White Wine,23983.63,9.511195274496178,0.16398640815753437
Skol Vodka,11701.47,6.49,0.11189674464955975
Skyfall Cab Svgn,1367.28,18.99,0.3274143576109614
Skyy Barcraft White Sangria,7817.4800000000005,11.99,0.20672449435257648
Skyy Infusion Tropical Mango,27568.74,3.7377031802120144,0.06444326938860265
Skyy Infusions Blood Orange,70998.39,13.269178580712243,0.22877933549389295
Skyy Infusions Blueberry,6501.33,0.9899999999999999,0.01706899494654301
Skyy Infusions Citrus Vodka,121497.18,20.378304379740637,0.3513506812898063
Skyy Infusions Cranberry,48741.9,3.3903769896676907,0.05845487646819547
Skyy Infusions Dragon Fruit,36431.13,12.345902004454343,0.21286074638843075
Skyy Infusions Georgia Peach,227.81,1.1225301204819278,0.019354000963483175
Skyy Infusions Grapefuit,4000.59,0.9900000000000001,0.01706899494654301
Skyy Infusions Moscato Grape,11.99,11.99,0.20672449435257648
Skyy Infusions Pacific Blueb,51570.72,13.153618224143665,0.22678691211784271
Skyy Infusions Pineapple,48872.19,11.326633663366337,0.19528712400135756
Skyy Infusions TX Grapefruit,46642.770000000004,13.265735294117649,0.22871996838128425
Skyy Infusions Vanilla Bean,121.77,0.9900000000000001,0.01706899494654301
Skyy Vodka,1746842.27,11.141711428201923,0.19209880410486782
Skyy Watermelon Fresca Vodka,9124.83,0.9900000000000001,0.01706899494654301
Slctn Laurence Feraud CdR,189.89999999999998,18.99,0.3274143576109614
Sledgehammer Cab Svgn,287.76,11.99,0.20672449435257648
Sledgehammer Forged Red,23.98,11.99,0.20672449435257648
Sledgehammer Zinfandel,191.84,11.99,0.20672449435257648
Slices Sangria Red,208.81,10.99,0.18948308531566435
Slingshot Cab Svgn,33055.82,17.240850340136053,0.29725655285847136
Sloane's Gin,7071.5,20.309634703196345,0.3501667193080737
Slow Press Cab Svgn,2848.1,14.99,0.2584487214633129
Slow Press Chard,9333.16,9.715675675675676,0.167511938394302
Small Batch 1792,95005.76999999999,28.664502712477393,0.49421641610550004
Smashberry Red,477.59999999999997,5.875714285714286,0.10130559338402802
Smirnoff 80 Proof,2408193.7399999998,9.65378518214846,0.16644485907990292
Smirnoff 80 Proof Traveler,427609.96,11.87195765183213,0.20468927794413663
Smirnoff Blue 100 Proof,74401.47,15.99,0.275690130500225
Smirnoff Blue 100 Proof Trav,101266.48,26.99,0.4653456299062585
Smirnoff Blueberry Vodka,270041.56,3.876602870813397,0.06683809576936163
Smirnoff Cherry Vodka,92908.61,11.807380352644836,0.20357587431434945
Smirnoff Cinn Sugar Twist,233.82,12.99,0.22396590338948863
Smirnoff Citrus Vodka,312446.6,7.179329050678088,0.12378174877332698
Smirnoff Coconut,402.69,12.99,0.22396590338948863
Smirnoff Cranberry Vodka,81002.94,11.774631803628603,0.2030112431853952
Smirnoff Fluffed Marshmallow,554.63,14.99,0.2584487214633129
Smirnoff Grape Vodka,144.9,14.49,0.24982801694485685
Smirnoff Green Apple Vodka,301050.61,4.862912393788456,0.0838434616919763
Smirnoff Kissed Caramel,252290.92,4.788335974643423,0.08255765914498858
Smirnoff Light Lemon Sorbet,20524.83,9.82365949119374,0.16937373152701538
Smirnoff Light Peach Sorbet,7658.43,9.49,0.16362097176029614
Smirnoff Light Strawberry,5.9399999999999995,0.9899999999999999,0.01706899494654301
Smirnoff Lime Vodka,850.78,12.080909090909092,0.20829189517411395
Smirnoff Mango Vodka,467.64,12.99,0.22396590338948863
Smirnoff Orange Vodka,348879.82,6.483445823455585,0.11178374141085735
Smirnoff Passion Fruit Vodka,463.68,14.49,0.24982801694485685
Smirnoff Peach Vodka,441.66,12.99,0.22396590338948863
Smirnoff Peppermint Twist,58684.090000000004,9.64524113192507,0.16629754761516952
Smirnoff Pineapple,159.39000000000001,14.49,0.24982801694485685
Smirnoff Pomegrante,782.46,14.49,0.24982801694485685
Smirnoff Pomegrante Vodka,155.88,12.99,0.22396590338948863
Smirnoff Raspberry Vodka,879557.4,8.602580547607417,0.14832060999428304
Smirnoff Red White & Berry,74398.34,11.000612638687892,0.18966606216024326
Smirnoff Root Beer Float,536.5600000000001,12.406666666666666,0.21390841478462322
Smirnoff Ruby Red Grapefruit,83019.56,10.825074626865671,0.18663953949689002
Smirnoff Sorbet Mango/Pasion,27633.96,2.1378035680030694,0.03685874575651112
Smirnoff Sorbet Pine/Coconut,58292.83,11.75667620956198,0.20270166344359183
Smirnoff Sorbet Rasp/Pomegra,149716.9,4.236713742531233,0.07304691460728782
Smirnoff Sourced Cran Apple,29118.100000000002,10.832225609756097,0.1867628325179198
Smirnoff Sourced Cran/Apple,22090.86,0.9900000000000001,0.01706899494654301
Smirnoff Sourced Pineapple,43488.91,2.961200980392157,0.051055277343446406
Smirnoff Sours Fruit Punch,199.29,9.49,0.16362097176029614
Smirnoff Sours Green Apple,75.92,9.49,0.16362097176029614
Smirnoff Sours Watermelon,145.53,0.99,0.01706899494654301
Smirnoff Strawberry Vodka,175714.19,6.326527313646593,0.10907824519777781
Smirnoff Traveler,2592041.35,17.656525858427372,0.30442338449596246
Smirnoff Vanilla Vodka,452120.64,7.644817616513879,0.13180742753890745
Smirnoff Watermelon,105448.86,0.99,0.01706899494654301
Smirnoff Watermelon Vodka,263279.85,14.28268713349431,0.24625365101481744
Smirnoff Wh Peach Sorbet,346.5,0.99,0.01706899494654301
Smirnoff Whipped Cream,75069.93000000001,12.090809982486865,0.20846260049563647
Smirnoff Wild Honey,29.7,0.99,0.01706899494654301
Smith & Cross Jamacian Rum,22136.39,29.075621970920835,0.5013046914032754
Smith & Hook Cab Svgn,1439.84,89.99,1.551554399231723
Smith & Hook Lucia Cab Svgn,73005.34999999999,21.714413646055437,0.37438708766834833
Smith & Sons Cab Svgn,137.94,22.99,0.39637999375860994
Smoke Stack Svgn Bl,1034.6399999999999,4.79,0.08258634928680912
Smoked Salmon Alaska Vodka,1719.5700000000002,39.99,0.6894839473861163
Smoking Loon Cab Svgn,193019.74,7.9581317148039625,0.1372094040645581
Smoking Loon Chard,176844.86000000002,7.859776068141228,0.13551361412935586
Smoking Loon Malbec Carancho,21566.72,8.56509104151493,0.14767423808515068
Smoking Loon Merlot,106414.96,7.9342543696541465,0.13679772499011458
Smoking Loon Moscato,425.37,6.138148148148149,0.10583032295138697
Smoking Loon Pnt Grigio Cal,169510.57,8.095224576835932,0.13957307817489223
Smoking Loon Pnt Nr,143160.21,7.820865384615385,0.134842739118781
Smoking Loon Red Loonatic,7823.58,8.816209677419355,0.15200387720357028
Smoking Loon Steelbird Chard,81768.28,8.566277099426863,0.14769468739475178
Smoking Loon Svgn Bl Cal,54758.68,8.612933681803332,0.14849911261576887
Smoking Loon Syrah,5998.01,8.530928270042194,0.14708522376835467
Smoking Loon Viognier Cal,6844.7,9.743500000000001,0.1679916689511534
Smoking Loon Znfdl Cal,14299.92,8.604576634512325,0.1483550253450838
Smoky Quartz Granite Cst Rum,11848.189999999999,27.489999999999995,0.4739663344247145
Smoky Quartz V5 Bourbon,43664.4,27.99,0.4825870389431706
Smugglers Notch Bourbon,32748.88,45.997246376811596,0.7930573393542334
Smugglers Notch Gin,1823.4299999999998,31.99,0.5515526750908192
Smugglers Notch Hopped Gin,991.6899999999999,31.99,0.5515526750908192
Smugglers Notch Rum,569.85,37.99,0.6550011293122919
Smugglers Notch Vodka,44964.78,27.73328859060403,0.47816097252933243
Snake River Stampede Whisky,11697.619999999999,21.602456747404844,0.37245679298420936
Snap Dragon Cab Svgn,176.79,8.89,0.15327612633814888
Snap Dragon Chard,125.86,8.99,0.1550002672418401
Snap Dragon Pnt Nr,1564.26,8.99,0.1550002672418401
Snoqualmie Cabernet/Merlot,74.94,12.39,0.21362105796734135
Snoqualmie Rsl Winemkrs Slct,2638.07,9.1775,0.1582330314362611
Snoqualmie Svgn Bl Columbia,13.98,6.99,0.12051744916801582
Snowden Cab Svgn The Ranch,1665.66,48.99,0.8446566287183254
Sobieski Cytron Vodka,1888.11,9.99,0.17224167627875223
Sobieski Espresso Vodka,2447.55,9.99,0.17224167627875223
Sobieski Estate Rye Vodka,747.66,21.99,0.3791385847216978
Sobieski Orange Vodka,729.27,9.99,0.17224167627875223
Sobieski Raspberry Vodka,1508.49,9.99,0.17224167627875223
Sobieski Vanilla Vodka,669.33,9.99,0.17224167627875223
Sobieski Vodka,201777.13999999998,18.285675518792626,0.3152708111357541
Sociando Mallet 12 Haut-Medo,2507.43,43.99,0.7584495835337648
Sociando Mallet Haut-Medoc,863.76,35.99,0.6205183112384678
Sogno di Sorrento Crema Lem,74619.62,28.402903225806448,0.4897060723519601
Sogno di Sorrento Lemoncell,36330.89,27.73685990338164,0.47822254699373
Sokol Blosser Evolution Pnt,16640.67,13.968915662650604,0.24084378874188755
Sokol Blosser Evolution Red,5368.68,16.19,0.27913841230760744
Sokol Blosser Evolution Sprk,4551.969999999999,13.262820512820513,0.2286697134446872
Sokol Blosser Evolution Whit,28087.64,16.202475633528266,0.2793535098082629
Sokol Blosser Pnt Gris,4951.14,16.90907514450867,0.2915362810023581
Sokol Blosser Pnt Nr,3204.99,30.8135294117647,0.5312686644591578
Sokol Blosser Rose of Pnt Nr,15381.9,18.99,0.3274143576109614
Solar De Randez Rioja,41.97,13.99,0.24120731242640073
Solar de Randez Crianza,17.99,17.99,0.31017294857404926
Solerno Blood Orange Liqueur,65968.29,33.489089253187615,0.5773990860878659
Soli White Blend,7878.14,7.99,0.13775885820492795
Solid Granite Vodka,11671.83,27.99,0.4825870389431706
Solimar Vinho Verde Branco,2949.78,6.99,0.12051744916801582
Sonoma Coast Vyds Pnt Nr,22.99,22.99,0.39637999375860994
Sonoma Loeb Chard Sangiacomo,7816.599999999999,22.990000000000002,0.39637999375860994
Sonoma Loeb Pnt Nr Dutton Ra,4690.62,33.99,0.5860354931646434
Sonoma-Cutrer Chard RRV,192403.31,22.989999999999995,0.3963799937586099
Sonoma-Cutrer Chard Sonoma,192344.34,22.640437317784254,0.39035304057048814
Sonoma-Cutrer Cutrer V Chard,55701.79,28.9987890625,0.4999799838016962
Sonoma-Cutrer Pierres Chard,479.88,39.99,0.6894839473861163
Sonoma-Cutrer Pnt Nr,28010.66,29.99,0.5170698570169948
Sorel Artisan Liqueur,1799.28,24.99,0.4308628118324342
Sortilege Liqueur,34142.92,19.99,0.3446557666478735
Soter Vyds Brut Rose,2319.6,57.989999999999995,0.9998293100505345
Soter Vyds Mineral Springs P,4822.09,52.99,0.913622264865974
Soter Vyds North Vly Pnt Nr,2729.2200000000003,34.99,0.6032769022015555
Soter Vyds Planet Oregon Pnt,1387.8200000000002,10.787619047619048,0.18599375253438452
Soul Sister Pnt Nr,142.87,10.99,0.18948308531566435
Southern Comfort,1284917.64,12.378151798024545,0.21341677827073055
Southern Comfort & Egg Nog,2364.0299999999997,24.164603174603172,0.4166318075479987
Southern Comfort 100 Proof,283406.2,23.334212988749023,0.4023147106934499
Southern Comfort Caramel,4446.63,11.49,0.19810378983412041
Southern Comfort Cherry,8048.0,11.503550135501357,0.19833741326280488
Southern Comfort Holiday Spi,134.85,8.99,0.1550002672418401
Southern Comfort Lime,1106.04,11.515862068965516,0.1985496883436957
Southern Comfort wShaker,4574.7300000000005,13.990000000000002,0.24120731242640078
Southern Right Svgn Bl,611.49,11.99,0.20672449435257648
Souverain Cab Svgn N Cst,110650.75,12.251794594594596,0.21123820204163452
Souverain Chard N Cst,34157.7,11.194084411164058,0.1930017881266012
Souverain Svgn Bl No Coast,17868.24,11.31054794520548,0.1950097835548937
Spalletti Chianti Clsco Rsva,74.95,14.99,0.2584487214633129
Spalletti Toscana Rosso Palz,59386.03,19.49,0.3360350621294174
Spasso Pnt Grigio Veneto,359.28000000000003,4.99,0.08603463109419154
Spasso Rosso Toscana,49.95,9.99,0.17224167627875223
Spellbound Cab Svgn Cal,181882.25,11.850227965965646,0.20431462754186897
Spellbound Chard,52498.59,13.345619596541788,0.23009728631500723
Spellbound Merlot,22967.76,13.290177619893427,0.22914138851779792
Spellbound Petite Sirah Cal,132122.1,12.06005931198102,0.20793241560728587
Speri Amarone Del Valpoicela,1799.7599999999998,74.99,1.2929332636780408
Speyburn 10-Yr Single Malt,107599.26999999999,23.54477445811365,0.40594508711417865
Speyburn Brandan Orach,46271.189999999995,19.42223052294557,0.3348666208553044
Speymalt Macallan 1993 20 Yr,12959.19,159.99,2.758453031815572
Spiced Root Marley Rum,299.8,14.99,0.2584487214633129
Spiral Cellars Napa Vly Red,82.9,8.29,0.14293128091600157
Spottswoode Cab Svgn Napa,9989.380000000001,161.24,2.7800047931117127
Spottswoode Lyndenhurst Cab,1399.8,69.99,1.2067262184934802
Spottswoode Svgn Bl Napa Vly,6010.33,35.99,0.6205183112384678
Spring 44 Gin,531.81,27.99,0.4825870389431706
Spring 44 Honey Vodka,391.85999999999996,27.990000000000002,0.4825870389431707
Spring 44 Old Tom Gin,779.8000000000001,38.99,0.6722425383492041
Spring 44 Vodka,979.65,27.99,0.4825870389431706
Spring Mountain Cab Svgn 10,1055.84,65.99,1.1377605823458317
Spring Valley Katherine Cab,881.76,36.762727272727275,0.6338412182215362
Spring Vly Frederick Rd,2009.4,33.589999999999996,0.5791389295498786
Spring Vly Uriah Walla Walla,380.89,34.54555555555556,0.5956140537407058
Springbank 10 Yr Scotch,21930.89,70.625687732342,1.2176863707065357
Sprinkle Cab Svgn,137.77,5.99,0.10327604013110368
Sprinkle Chard,41.93,5.989999999999999,0.10327604013110367
Sprinkle Red Blend,41.93,5.99,0.10327604013110368
Spritz and Giggles,7440.92,14.733421052631579,0.2540249388814736
Spud Ginger Lemongrass Vodka,189.89999999999998,18.99,0.3274143576109614
Spud Potato Vodka,723.09,16.3025,0.28107807082426
Spud Pumpkin Spice Vodka,3673.5299999999997,24.99,0.4308628118324342
Spy Valley Pnt Nr Marlboro,4295.03,21.902408759124086,0.37762838830970546
Spy Valley Rose,5520.72,16.768846153846155,0.2891185356155124
Spy Valley Svgn Bl Marlboro,32633.329999999998,15.76364864864865,0.27178751426551856
Square One Bergamot Organic,9459.779999999999,22.662413793103447,0.39073194597065597
St Brendans Irish Cream,178408.56,9.947064700285441,0.17150141121425108
St Brendans Peppermint Bark,7039.66,11.091369863013698,0.19123084458789927
St Brendans Salted Caramel,6382.4800000000005,11.577020648967553,0.19960414843762753
St Christopher Gluhwein,5333.37,6.99,0.12051744916801582
St Clement Cab Svgn Orappas,277.45000000000005,55.49,0.9567257874582543
St Clement Carneros Chard,539.7299999999999,19.99,0.3446557666478735
St Clement Merlot Napa Vly,55.98,27.99,0.4825870389431706
St Clement Svgn Bl,37001.14,11.99,0.20672449435257648
St Elder Elderflower Liqueur,176173.15,17.403241292751805,0.30005640169641334
St Elizabeth Allspice Dram,179.94,29.99,0.5170698570169948
St Francis Cab Svgn Sonoma,197484.76,15.783434903047091,0.2721286571709105
St Francis Chard,127023.29,10.649434276206323,0.18361125236778553
St Francis Claret Sonoma,284.81,14.99,0.2584487214633129
St Francis Merlot,56057.64,15.879826302729528,0.2737905807204759
St Francis Old Vines Znfdl,59893.29,16.797819123881297,0.28961807044290244
St Francis Red Sonoma,547.5,10.90304347826087,0.18798383235593283
St Francis White Splash,71.88,5.99,0.10327604013110368
St George Absinthe Verte,18931.58,55.32333333333333,0.9538522192854355
St George Botanivore Gin,38447.18,29.99,0.5170698570169948
St George Calif Citrus Vodka,24.99,24.99,0.4308628118324342
St George Gin 3/200mls Combo,12959.369999999999,27.99,0.4825870389431706
St George Green Chile Vodka,824.67,24.99,0.4308628118324342
St George Spiced Pear Liquer,985.66,28.99,0.4998284479800827
St George Terrior Gin,44358.34,30.277488908606916,0.5220265708838622
St Germain Liqueur,307930.26,21.071886412008514,0.3633090128087896
St Hilaire Blanc de Blancs,61322.96,15.967992485238861,0.27531068993634233
St Hilaire Cr de Limoux Rose,44.97,14.99,0.2584487214633129
St Jean des Sources Picpoul,293.79,13.99,0.24120731242640073
St Julien Rose CDR,174.5,3.4900000000000007,0.060172517538823356
St Mayhem Red Coffee & Peppe,367.84,22.99,0.39637999375860994
St Mayhem Wh Peach & Ginger,643.7199999999999,22.990000000000002,0.39637999375860994
St Mayhem White Aged/Peppers,1885.1799999999998,22.99,0.39637999375860994
St Paul's Pnt Nr Alto Aldige,1199.4,19.99,0.3446557666478735
St Remy VSOP Authentic Brndy,94103.99,11.821607735885914,0.20382117444833375
St Remy XO Napoleon Brandy,42971.78,15.222491389207809,0.2624572006022047
St Supery Cab Svgn,95233.54000000001,32.45514103246408,0.5595723618913839
St Supery Dollarhide Cab Svg,2719.66,79.99,1.3791403088626015
St Supery Dollarhide Svgn Bl,1019.66,29.99,0.5170698570169948
St Supery Elu Meritage Red,3904.29,54.99,0.9481050829397982
St Supery Rutherford Merlot,1871.52,38.99,0.6722425383492041
St Supery Svgn Bl Napa,48544.5,18.360762711864403,0.3165654201449382
St Urbans-Hof Rsl,24373.25,15.467766287487073,0.2666860854499245
Stagg Jr Bourbon,23395.32,49.99,0.8618980377552377
Staglin Cab Svgn Rutherford,4463.76,185.99,3.2067296667752876
Staglin Family Vyd Est Chard,636.87,48.99,0.8446566287183254
Staglin Salus Cab Svgn,1079.76,44.99,0.775690992570677
Staglin Salus Rthfd Chard,287.90999999999997,31.99,0.5515526750908192
Stags Leap Artemis Cab Svgn,306724.45,50.5102936269603,0.8708686329969586
Stags Leap Chard Napa,78275.61,29.645589123867072,0.5111317282248258
Stags Leap Csk 23 Cab Svgn,11714.29,164.99,2.8446600770001327
Stags Leap Fay Cab Svgn Napa,4647.62,121.40666666666665,2.0932219998080455
Stags Leap Hand of Time Red,4893.96,23.99,0.41362140279552206
Stags Leap Hands of Time Chr,1936.86,16.99,0.29293153953713713
Stags Leap Merlot Napa,41.99,41.99,0.7239667654599405
Stags Leap SLV Cab Svgn,7034.33,104.99000000000001,1.8101755347854052
Stags Leap Svgn Bl Napa,7896.879999999999,25.329805825242715,0.43672154305856936
Stags Leap The Investor Red,14217.48,55.615,0.9588809635878683
Stags Leap The Leap Cab Svgn,12812.81,40.22931623931624,0.6936100965573431
Stags Leap Wine Petite Syrah,13946.62,41.284416243654825,0.7118015073069923
Stags Leap Winery Cab Svgn,71526.92,54.97181818181818,0.9477916027754907
Stags Leap Winery Chard Napa,25881.63,30.986275605214153,0.5342470522399893
Star Insolia Chard,367.77,15.99,0.275690130500225
Starborough Svgn Bl Marlboro,237069.63,9.623131760078664,0.16591635089161644
Stark Conde Cab Svgn,39520.44,9.99,0.17224167627875223
Stark Raving Cab Svgn,527.5600000000001,11.99,0.20672449435257648
Stark Raving Red,4959.52,11.103149847094802,0.19143394811188988
Stark Raving White,1604.6,11.49,0.19810378983412041
Stark Vodka,25371.54,29.99,0.5170698570169948
Starmont Chard Carneros,11858.11,11.990000000000002,0.2067244943525765
Stars Like Ours Rose,11668.32,9.99,0.17224167627875223
State Ranch 07 Cab Svgn Youn,2834.73,104.99,1.810175534785405
Stateland Cellars Cab Svgn 1,39424.55,9.997454739084132,0.17237020648456516
Steak House Cab Svgn,7094.91,10.023898305084746,0.17282613082237636
Steele 09 Bien Nacido Pnt Nr,342.86,24.49,0.4222421073139781
Steele 10 Goodchild Vyd Pnt,233.87999999999997,19.49,0.3360350621294174
Steele 10 Parmalee-Hill Pnt,285.87,21.99,0.3791385847216978
Steele 10 Pnt Nr Sangiacomo,22721.79,15.990000000000002,0.27569013050022506
Steele 10 Sangiacmo Vy Pnt N,73.96,18.49,0.31879365309250535
Steele Catfish Znfdl,1065.52,22.262727272727272,0.3838407871863102
Steele Chard Cal,43638.119999999995,16.875864793678662,0.2909636877594386
Steele Clear Lake Merlot Cty,8047.86,15.613342175066311,0.2691960188735896
Steele Out Kaste Lke Cty Red,791.64,21.99,0.3791385847216978
Steele Pacini Mendocno Znfdl,373.78,16.99,0.29293153953713713
Steele Pnt Nr,26110.309999999998,17.738998664886513,0.30584533188654656
Steele Red Hills Cab Svgn,1249.33,19.573333333333334,0.3374718462158268
Steele Stymie Merlot Lake Cy,580.81,29.913076923076922,0.5157435947833862
Steele Wines Scarlet Lake Cn,28085.82,6.99,0.12051744916801582
Steelhead Red,1628.37,9.99,0.17224167627875223
Stella Moscato,139.9,13.99,0.24120731242640073
Stella Pinot Grigio Umbria,5479.34,11.87135593220339,0.204678903449892
Stellar Organics Cab Svgn,350.73,12.99,0.22396590338948863
Stellar Organics Merlot,233.82,12.99,0.22396590338948863
Stellar Organics Shiraz,155.88,12.99,0.22396590338948863
Stellina di Notte Pnt Grigio,2433.97,11.99,0.20672449435257648
Stellina di Notte Prosecco,7052.9400000000005,9.99,0.17224167627875223
Stemmari Nero D'Avola,66708.18,7.674305472038485,0.13231583971762856
Stemmari Pnt Grigio,13846.81,8.075460599334074,0.13923231935458635
Stemmari Pt Nr,25744.04,8.596288448393713,0.14821212533803874
Steph Avrn Chn Vielles Vig,999.4999999999999,19.99,0.3446557666478735
Steph Avrn Julienas Vielles,1599.1999999999998,19.99,0.3446557666478735
Stephanie-Aviron Bjls Vlg 12,1622.84,13.99,0.24120731242640073
Stephen Vincent Cab Svgn CC,14.99,14.99,0.2584487214633129
Stephen Vincent Pnt Nr,254.85,16.99,0.29293153953713713
Sterling Cab Svgn,162549.0,19.33745648220317,0.33340499694315284
Sterling Cab Svgn Rutherford,159.95,31.99,0.5515526750908192
Sterling Carneros Pnt Nr,9084.58,20.58328358208955,0.3548848115615639
Sterling Chard,40275.33,16.09102312543798,0.27743191152808855
Sterling Merlot,53904.59,18.407861635220126,0.31737747194771243
Sterling Rsv Platinum Red,781.83,45.99,0.792932401607589
Sterling Svgn Bl,78158.11,12.139940621725463,0.2093096819429941
Sterling Vintner Clt Svgn Bl,20291.98,10.152751677852349,0.1750477445280483
Sterling Vintners CA Meritag,127382.74,8.776229845626071,0.15131456857039532
Sterling Vintners Cab Svgn C,329861.74,10.862442130911507,0.18728380791883276
Sterling Vintners Cltn Chard,258456.59,8.846155357762107,0.15252018292724828
Sterling Vintners Cltn Merlo,143443.83,10.83934244235696,0.18688553673983854
Sterling Vintners Cltn Pnt N,109708.45,11.009566098945662,0.1898204324308432
Sterling Vintners Cltn Syrah,2447.85,11.415,0.19681068415635197
Sterling Vntnr Coll Rose Ltd,1013.19,12.717272727272729,0.21926370092487624
Sterling Vntrs Cltn Chard,629.16,7.49,0.12913815368647188
Sterling Vntrs Pnt Grigio,45914.4,10.343550863723609,0.17833739133556453
Sterling Vyd Aromatic White,2843.37,10.601111111111111,0.18277809291242073
Stillhouse Apple Crisp Moons,33253.619999999995,23.124556574923545,0.39869993870547277
Stillhouse Originl Moonshine,21031.91,23.121539611360237,0.3986479220026282
Stillman St Chard,142.89000000000001,12.99,0.22396590338948863
Stival Pnt Grigio,2260.2599999999998,12.99,0.22396590338948863
Stival Pnt Grigio Veneto,287.64,7.99,0.13775885820492795
Stock Italian Sweet Vermouth,92175.72,7.953964534515516,0.13713755600467445
Stock Italian X Dry Vermouth,89688.62,7.6551136363636365,0.1319849454285893
Stock Limonce,4003.34,15.064766355140188,0.25973779877448394
Stoli 80 VAP Lemonade Shaker,4696.4,18.15,0.3129315740199552
Stoli Elite Vodka,18798.01,94.55953642384105,1.6303396458242352
Stoli Gluten Free Vodka,12068.48,0.9943050430504305,0.017143219954697003
Stoli Mini Bar 5/50mLs Pack,46318.03,7.99,0.13775885820492795
Stoli Salted Karamel,77290.23,18.128669673055242,0.3125638091282096
Stolichnaya,1941779.3299999998,19.061473999818286,0.32864667007733267
Stolichnaya 100* Vodka,1957.11,21.99,0.3791385847216978
Stolichnaya 802 Glass Pack,22139.129999999997,17.268048780487803,0.29772549229374196
Stolichnaya Blueberi,450204.91,20.447679786919206,0.35254681106207436
Stolichnaya Chocolat Kokonut,39408.45,7.274843205574913,0.12542854738671813
Stolichnaya Citros Vodka,1039.48,19.99,0.3446557666478735
Stolichnaya Cranberi,37.98,18.99,0.3274143576109614
Stolichnaya Elit Vodka,43761.74,53.18379844961241,0.9169636232064609
Stolichnaya Elite Vodka,2544.36,6.99,0.12051744916801582
Stolichnaya Gluten Free 80*,22747.059999999998,17.47480662983425,0.3012902889459163
Stolichnaya Hot Vodka,16683.75,10.620081300813007,0.18310516571257895
Stolichnaya Ohranj,396817.14999999997,22.73990351215747,0.3920679779130218
Stolichnaya Ohranj Orange,27382.5,23.832424242424242,0.4109045747048571
Stolichnaya Razberi,1053084.5899999999,21.076217338639903,0.36338368408635024
Stolichnaya Salted Karamel,359.88,29.99,0.5170698570169948
Stolichnaya Sticki Vodka,5984.01,9.99,0.17224167627875223
Stolichnaya Strawberri,44.97,14.99,0.2584487214633129
Stolichnaya Vanil,359252.26999999996,21.944439578868906,0.37835305886508264
Stone Barn Cab Svgn,277.82,4.79,0.08258634928680912
Stone Barn Chard,1197.5,4.79,0.08258634928680912
Stone Cellars Cab Svgn,122772.64,9.13887731858119,0.15756712198781705
Stone Cellars Chard,185085.32,9.201456255343402,0.1586460710336294
Stone Cellars Merlot,95530.96,9.125157207023276,0.157330567932415
Stone Cellars Pnt Grigio,30323.58,11.221162196679439,0.1934686473024857
Stone Fruit Rsl,6459.62,7.685961995249406,0.1325168146022563
Stonehaven Svgn Bl,1007.28,13.99,0.24120731242640073
Stonehedge Amador 12 Znfdl,3696.3,9.99,0.17224167627875223
Stonehedge Cab Svgn Cal,10399.8,10.198398133748055,0.17583475374523155
Stonehedge Meritage 13 Napa,21856.85,17.987925311203316,0.3101371780158813
Stonehedge Merlot Cal,8211.98,10.217176220806794,0.176158514425142
Stoneleigh Pnt Nr Marlboro,1386.63,10.080909090909092,0.1738090771002897
Stoneleigh Svgn Bl Marlboro,69.92999999999999,9.99,0.17224167627875223
Stones Currant Ginger Flavor,516.53,10.99,0.18948308531566435
Stonestreet Est Cab Svgn,4170.82,35.598695652173916,0.613771672919676
Stonestreet Est Chard Sonoma,979.72,34.99,0.6032769022015555
Stonestreet Est Vyds Svgn Bl,1049.6499999999999,29.99,0.5170698570169948
Storybook Mt Znfdl Mayacamas,4023.8500000000004,34.99,0.6032769022015555
Storypoint Cab Svgn,3306.69,9.99,0.17224167627875223
Storypoint Chardonnay,2154.23,9.49,0.16362097176029614
Straccali Chianti,113039.15,10.71675598863175,0.18477197354877767
Stradanova Barolo,195.96,48.99,0.8446566287183254
Stranahan's Colorado Whiskey,38865.130000000005,49.41120765832106,0.8519188422449188
Stranahans Diamond Peak,7908.869999999999,69.99,1.2067262184934802
Stratus Cab Franc VQA,2219.2599999999998,29.99,0.5170698570169948
Studebaker Manhattan RTD,14610.269999999999,19.79803571428571,0.34134603187739476
Studebaker Old Fashioned RTD,10625.43,19.52543307086614,0.33664597819765446
Stump Jump Shiraz,311.74,11.99,0.20672449435257648
Suerte Blanco Tequila,7065.82,32.44728643216081,0.5594369375147338
Suerte Reposado Tequila,4428.91,40.676274509803925,0.701316286921252
Sule Susumaniello IGP,20.99,20.99,0.36189717568478563
Sullivan Toile Cab Svgn Napa,68015.06999999999,21.99,0.3791385847216978
Summers Cab Svgn Rsv,76661.65,19.99,0.3446557666478735
Summers Calistoga Cab Svgn N,199.92,24.99,0.4308628118324342
Summers Est Cab S Andriana C,243.85,16.79,0.2894832577297547
Sunday Mtn Svgn Bl,3166.02,15.989999999999998,0.275690130500225
Sur de Los Andes Malbec Rsva,2086.8399999999997,17.99,0.31017294857404926
Sutter Home Cab Svgn,52959.53,9.399449056603775,0.16205974590652356
Sutter Home Chard,119386.69,9.411791577444683,0.16227254835688826
Sutter Home Clsc Cab Svgn,44925.0,5.99,0.10327604013110368
Sutter Home Clsc Chard,114498.85,5.99,0.10327604013110368
Sutter Home Clsc Svgn Bl,2084.52,5.99,0.10327604013110368
Sutter Home Clsc Wh Znfdl,70945.56,5.99,0.10327604013110368
Sutter Home Gewurz,17.97,5.989999999999999,0.10327604013110367
Sutter Home Malbec Arg,71.88,5.99,0.10327604013110368
Sutter Home Merlot Cal,95284.8,7.406475071451255,0.1276980662285841
Sutter Home Moscato,640.93,5.99,0.10327604013110368
Sutter Home Moscato Cal,24775.2,9.99,0.17224167627875223
Sutter Home Muscato,419.29999999999995,5.99,0.10327604013110368
Sutter Home Pink Bubbly Mosc,582.47,10.99,0.18948308531566435
Sutter Home Pink Moscato,33531.98,9.42857740585774,0.16256195969058118
Sutter Home Pnt Grigio,143.04,1.49,0.025689699464999077
Sutter Home Pnt Grigio Cal,36990.25,9.265377407600209,0.15974816176579976
Sutter Home Pnt Nr,1066.22,5.99,0.10327604013110368
Sutter Home Red Blend,181.75,7.132857142857143,0.1229805076018604
Sutter Home Red Moscato,397.57,8.726842105263158,0.15046305433738952
Sutter Home Rsl,1030.28,5.99,0.10327604013110368
Sutter Home Svgn Bl,13515.17,9.498723135271808,0.1637713709036017
Sutter Home Sweet Red,876.97,8.692702702702702,0.14987444293356889
Sutter Home Wh Merlot Cal,6123.87,9.99,0.17224167627875223
Sutter Home Wh Znfdl,167575.01,8.607730375426621,0.1484094002821836
Sutter Home White Merlot,167.72,5.99,0.10327604013110368
Sutter Home White Merlot Cal,383.36,5.99,0.10327604013110368
Sutter Home Znfdl,431.28,5.989999999999999,0.10327604013110367
Svedka 100 Vodka,3992.67,11.989999999999998,0.20672449435257648
Svedka Cherry Vodka,3156.57,12.989999999999998,0.22396590338948857
Svedka Citron Vodka,69905.12,15.291623376623376,0.2636491334747711
Svedka Clementine Vodka,111791.07999999999,19.096646825396824,0.3292530991501162
Svedka Colada Vodka,923.7,11.59,0.19982793073781163
Svedka Cucumber Lime Vodka,58183.67,4.0793380199179845,0.07033353540123319
Svedka Grape Vodka,545.5799999999999,12.989999999999998,0.22396590338948857
Svedka Grapefruit Jalapeno,7730.33,2.683181818181818,0.04626183524767832
Svedka Mango Pineapple Vodka,100480.37,11.355223463687151,0.19578005244297236
Svedka Orange Cream Pop,6261.92,9.540578034682081,0.16449300834453304
Svedka Raspberry Vodka,5364.87,12.99,0.22396590338948863
Svedka Strawberry Colada,1468.53,9.99,0.17224167627875223
Svedka Strwbry Lemonad Vodka,203750.04,13.690032963410614,0.23603545805097273
Svedka Vanilla Vodka,5455.8,12.99,0.22396590338948863
Svedka Vodka,1340318.88,11.975802806201182,0.20647971472711474
Sweet Baby Vyds Blueberry,70912.41,12.990000000000002,0.22396590338948866
Sweet Baby Vyds Raspberry,27121.38,11.99,0.20672449435257648
Sweet Baby Vyds Strawberry,41616.68,12.49,0.21534519887103257
Sweet Baby Vyds White Peach,44602.8,11.99,0.20672449435257648
Sweet Carolina Sweet Tea Vdk,1455.09,15.99,0.275690130500225
Sweet Revenge,44075.03,19.234421380384013,0.3316285266075289
Sycamore Lane Cab Svgn Cal,18019.85,8.277951807228916,0.14272355309627976
Sycamore Lane Chard Cal,23977.34,8.34985401459854,0.1439632484641963
Sycamore Lane Merlot Cal,14076.38,8.263821989528797,0.142479935129695
Sycamore Lane Pnt Grigio Cal,20768.46,8.278429752066115,0.14273179353871498
Sycamore Lane Pnt Nr,101.88,8.49,0.146379562723384
Sycamore Lane Wh Znfdl Cal,5114.38,8.19909090909091,0.14136388009446413
Sydney Ann Pinot Grigio Ver,1560.77,12.682307692307692,0.2186608544550541
Szigeti Gruner Velt Skt Brut,1383.4199999999998,23.723333333333333,0.40902369371901215
Szigeti Pnt Nr Rose Brut,53.98,26.99,0.4653456299062585
T-Vine Grenache Napa,26727.170000000002,14.99,0.2584487214633129
T-Vine Petite Sirah Napa,10822.78,14.99,0.2584487214633129
T-Vine Zinfandel Napa,82714.82,14.990000000000002,0.25844872146331294
T.T. Handy Sazerac Rye Whisk,8369.07,89.99,1.551554399231723
TC Le Charmel Pnt Nr France,41.97,13.99,0.24120731242640073
TGI Fridays Long Island Iced,60416.49,12.990000000000002,0.22396590338948866
TGI Fridays Orange Dream,50531.1,12.99,0.22396590338948863
TGI Fridays Ultimte Mudslide,79187.04,12.99,0.22396590338948863
TJ Lot #45 Zinfandel Tilting,167.88,13.99,0.24120731242640073
Taaka Gin,137494.66,9.093623290568166,0.1567868787802766
Taaka Vodka,284147.5,9.391937472479084,0.1619302356121146
Taaka Vodka Traveler,122739.03,4.99,0.08603463109419154
Tablas Creek Espirit Rouge,431.91,47.99,0.8274152196814133
Tablas Creek Patelin Blanc,527.76,21.99,0.3791385847216978
Tablas Crk Cotes de Tabls Rg,1739.4199999999998,29.99,0.5170698570169948
Taittinger Brut Francaise,382.99,382.99,6.603287247046978
Taittinger Brut La Francais,173745.35,39.30273946360154,0.6776346073631427
Taittinger Brut Millesime,419.94,69.99,1.2067262184934802
Taittinger La Francaise,3156.74,25.56142857142857,0.4407150455678126
Takara Sake Sho Chiku Bai G,16309.97,6.29,0.10844846284217731
Taken Red Napa,27888.84,24.99,0.4308628118324342
Talamonti Moda Montepulciano,15615.73,9.030816326530612,0.15570399822293854
Talbot St Julien 10,4589.82,254.99000000000004,4.396386890322225
Talbott Kali Hart Mtry Chard,37118.25,17.083658536585364,0.29454634467620405
Talbott Kali Hart Vyd Pnt Nr,15924.66,19.057499999999997,0.3285781527209529
Talbott Logan Slpy Hl Pnt Nr,8731.08,22.11,0.38120755380612725
Talbott Pnt Nr Santa Lucia,21229.77,29.18905213270142,0.5032603872196576
Talbott Sleepy Hollow Chard,39466.5,29.183548387096774,0.5031654948904529
Talisker 10-Yr Single Malt,166564.47,56.49,0.9739671964951664
Talisker 18 Yr Old Scotch,50070.61,115.65852367688021,1.9941159153184784
Talisker Distillers Edition,37374.659999999996,69.99,1.2067262184934802
Talisker Storm Scotch,78195.39,53.589673202614385,0.9239614758407236
Tall Ship Appledore Rum,14610.779999999999,27.99,0.4825870389431706
Tall Ship Cedar Island Spice,12847.41,27.99,0.4825870389431706
Tall Ship White Island Rum,12334.429999999998,26.99,0.4653456299062585
Talley Vyds Chard,6182.25,22.50412429378531,0.3880028119666639
Talley Vyds Pnt Nr,2099.2999999999997,29.99,0.5170698570169948
Talley Vyds Rincon Pnt Nr,164.97,54.99,0.9481050829397982
Talley Vyds Stone Corral Pnt,349.93,49.99,0.8618980377552377
Talmard Macon Chard,215.88,17.99,0.31017294857404926
Tamari RSV Malbec Mendoza,5604.87,13.382,0.23072453573195817
Tamaya Svgn Bl,2320.1,12.257605633802816,0.21133839254555295
Tamellini Soave DOC,179.88,14.99,0.2584487214633129
Tangent Albarino,1666.05,11.49,0.19810378983412041
Tangent Chard,21428.55,9.99,0.17224167627875223
Tangent Pnt Gris,2527.7000000000003,10.99,0.18948308531566435
Tangent Svgn Bl,11149.08,12.6479476861167,0.21806843953380436
Tangle Ridge Canadian Whisky,237.85999999999999,16.99,0.29293153953713713
Tanqueray,3456697.9,20.74346069256975,0.35764649064170373
Tanqueray Bloomsbury,46123.09,28.99,0.4998284479800827
Tanqueray Old Tom Gin,1824.27,24.99,0.4308628118324342
Tanqueray Rangpur Gin,265131.66000000003,31.72926812104152,0.5470572901167333
Tanqueray Sterling Vodka,582563.9199999999,17.188984341938212,0.29636230996843466
Tanqueray Ten Gin,139140.41999999998,29.216190476190473,0.5037282905003366
Tanteo Cocoa Tequila,159.96,39.99,0.6894839473861163
Tanteo Jalapeno Tequila,80547.53,24.113461853978674,0.4157500591204239
Tanteo Tropical Tequila,199.95000000000002,39.99,0.6894839473861163
Tap 357 Maple Rye Whisky,15573.23,26.99,0.4653456299062585
Tapena Garnacha,9.99,9.99,0.17224167627875223
Tapiz Malbec Mendoza,63582.97,11.99,0.20672449435257648
Tarantas Tempranillo,1091.09,11.99,0.20672449435257648
Tarantula & Margarita Mix,12186.39,14.178709677419354,0.24446093316401155
Tarantula Azul Tequila,67014.27,13.997602339181288,0.24133838746586267
Tarantula Azul Tequila Gift,3819.27,13.99,0.24120731242640073
Tardieu Laurent Le Becs Fins,2221.83,18.99,0.3274143576109614
Tarima 14 Blanco Alicante,2127.86,9.662131147540983,0.1665887552830433
Tarima Monastrell Jumilla,12771.41,9.380461997019374,0.16173238224582068
Tariquet Sauvignon,1247.04,12.99,0.22396590338948863
Tarkettle Chard RRV,194.87,14.99,0.2584487214633129
Tasca D'Almerita Lamuri Nero,459.64,13.225294117647058,0.22802270551582088
Tasca D'Almerita Leone 11,1025.46,18.99,0.3274143576109614
Tasca D'Almerita Noz d'Oro09,53.98,26.99,0.4653456299062585
Tasca D'Almerita Rosso 06,2148.4100000000003,36.84294117647059,0.6352242189464221
Tasca Grillo Cavallo DOC,4765.02,15.989999999999998,0.275690130500225
Tasca d'Almerita 08 Cab Svgn,531.9,53.70428571428572,0.9259375570351969
Tatoosh Bourbon,5786.89,52.048139534883724,0.8973832633312079
Tatoosh Whiskey,1604.69,51.83615384615385,0.8937283313618446
Tavernello Pinot Grigio IGT,71.94,11.99,0.20672449435257648
Tavernello Pnt Grigio,143.76,5.99,0.10327604013110368
Taylor Cream Sherry,39615.78,7.766413043478261,0.13390390403221836
Taylor Dry Sherry,66355.58,7.959524162192187,0.13723341181954085
Taylor Fladgate 10-Yr Tawny,72904.09,24.455832961143365,0.4216530194214708
Taylor Fladgate 11 Port,1592.77,74.7757142857143,1.2892386760272743
Taylor Fladgate 1985 Porto,2399.8500000000004,159.99,2.758453031815572
Taylor Fladgate 20-Yr Tawny,91592.28,40.3920979020979,0.6964166817890703
Taylor Fladgate 30 yr Tawny,2419.78,109.99,1.8963825799699654
Taylor Fladgate 40 Yr Tawny,1217.93,174.39000000000001,3.006729321947107
Taylor Fladgate LBV Port,26456.27,16.87365650969529,0.29092561383201165
Taylor Golden Sherry,13724.19,13.99,0.24120731242640073
Taylor Lake Country Red,57128.41,7.9827901946647435,0.13763455100206629
Taylor Lake Country Wh,63.92,7.99,0.13775885820492795
Taylor Madeira NY,4670.64,4.99,0.08603463109419154
Taylor New York Marsala,859.71,5.779473684210527,0.09964626980754324
Taylor Nys Cream Sherry,37059.51,13.989999999999998,0.24120731242640073
Taylor Red Port,132114.47,8.860196311719214,0.1527622687576912
Taylor Sherry,20547.58,7.788517734250926,0.13428502004746434
Taylor Tawny Port,51893.98,7.977776928953399,0.13754811523732627
Teachers Highland Cream,65934.69,28.256586969515837,0.487183373928504
Teeling Irish Whiskey,40732.61,35.82860759493671,0.6177356787673205
Teeling Single Grain Whiskey,27858.8,45.63154786150713,0.7867521816676776
Teeling Single Malt Whiskey,7858.6900000000005,59.99,1.034312128124359
Teira Merlot,239.85,15.99,0.275690130500225
Tellus Chardonnay,1573.6299999999999,12.323333333333332,0.21247163069821384
Telmo Rodriguez Gaba do XII,107.88,8.99,0.1550002672418401
Telmo Rodriguez Gago Toro,79.96,19.99,0.3446557666478735
Templeton 6 Yr Old Rye,4499.1,49.99,0.8618980377552377
Templeton Rye Whiskey,107873.22,36.24791666666667,0.6249651579859047
Tempranillo Vente Mazzaron,5433.21,14.412222222222223,0.2484870184642081
Temptation Znfdl,441.71999999999997,14.4075,0.24840560069931159
Tempus Fugit Gran Classico,39.99,39.99,0.6894839473861163
Tempus Fugit de Violettes,32.99,32.99,0.5687940841277314
Ten High,131845.7,14.067664176169878,0.24254635225526042
Ten High Bourbon,816.08,8.78245283018868,0.15142186159266965
Tenet Syrah Le Fervent,2833.5,14.364999999999998,0.24767284081524277
Tenet Syrah The Pundit,2706.6699999999996,20.415531914893617,0.35199253645081485
Tenshen Red,13446.03,14.99,0.2584487214633129
Tenshen White,4605.44,17.99,0.31017294857404926
Tentaka Kuni Hawk Heavens J,467.64,12.99,0.22396590338948863
Tenuta Alzatura Sagrantino,6476.76,19.99,0.3446557666478735
Tenuta Bellafonte Monte Sagr,109.98,54.99,0.9481050829397982
Tenuta Guado Al Tasso Bructo,12444.83,24.102716763005777,0.41556479861182133
Tenuta La Fuga 09 Brun Montl,199.96,49.99,0.8618980377552377
Tenuta S Anna Ex Dry Prsecco,215.88,17.99,0.31017294857404926
Tenuta San Guido 09 Sassacia,2039.88,169.99,2.9308671221846936
Tenuta San Guido Sassacia,2135.94,355.99,6.13776920305035
Tenuta Sant'Alfonso Chianti,794.47,14.99,0.2584487214633129
Tenuta Santo Pietro Imago 11,329.25,12.918571428571429,0.2227343741725663
Tenuta Santo Pietro Percept,14858.74,20.227467018469653,0.3487500326460848
Tenuta Santo Pietro Pio Il C,11486.66,11.007857142857144,0.18979096761989495
Tenuta Santo Pietro Viper Su,17170.989999999998,15.68150521609538,0.27037124574517163
Tenuta Sette Cieli Indaco,2159.55,47.99,0.8274152196814133
Tenuta Sette Cieli Yantra,725.67,21.99,0.3791385847216978
Tenuta Sette Ponti Crognolo,1091.61,27.99,0.4825870389431706
Tenuta Sette Ponti Oreno,2753.4900000000002,53.99,0.9308636739028862
Tenuta di Arceno Chianti Cls,13524.599999999999,18.271138790035586,0.31502017744919536
Tenuta di Arceno Chianti Rsv,59.98,29.99,0.5170698570169948
Tenuta di Biserno Il Pino,779.87,59.99,1.034312128124359
Tenuta di Capraia 11 Chianti,2558.72,19.99,0.3446557666478735
Tenuta la Favola Bianco,419.76,17.49,0.30155224405559317
Tequila Ocho Plata Fresno,15346.93,49.99,0.8618980377552377
Tequila Rose Liqueur,92026.38,14.927741188577308,0.25737529182942226
Tequila Rose Strawberry Gift,9698.52,14.958253968253969,0.25790137514468076
Tercos Torrontes,1005.6899999999999,12.37,0.21327622978660307
Terlato Fmly Vyd Angels Peak,1154.67,34.99,0.6032769022015555
Terlatto & Chapoutier Shiraz,60869.549999999996,19.99,0.3446557666478735
Termanthia Tinta de Toro,169.99,169.99,2.9308671221846936
Terra Antiga Vinho Verde,14.37,4.79,0.08258634928680912
Terra D'Oro Pnt Grigio,1870.44,11.99,0.20672449435257648
Terra D'Oro Znfdl,143.88,11.99,0.20672449435257648
Terra Mia Lacryma Christi Wh,778.87,12.323333333333332,0.21247163069821384
Terra Viva Sangiovese,143.88,11.99,0.20672449435257648
Terra d'Oro Ch Bl/Viognier,4975.85,11.99,0.20672449435257648
Terra d'Oro Deaver Vyd Znfdl,17737.53,21.288405466970385,0.3670421063996729
Terra d'Oro Znfdl Port,11081.84,17.99,0.31017294857404926
Terra de Touros Red,487.39,7.99,0.13775885820492795
Terra de Touros White,953.32,3.565,0.061465623216591755
Terra di Montevero Toscana,1741.4099999999999,29.99,0.5170698570169948
Terrabianca Campaccia,14037.72,32.87505747126436,0.5668123129740631
Terrasole 07 Brunelo d Montl,16496.7,49.99,0.8618980377552377
Terrazas Alto Cab Svgn Argn,190.78,8.823333333333332,0.15212669906902138
Terrazas Alto Chard Mendoza,278.21,9.690000000000001,0.1670692535676786
Terrazas Alto Malbec Argn,16993.57,8.98860982391103,0.15497629864725682
Terrazas RSV Malbec Mendoza,52337.75,13.542158273381295,0.2334858900339707
Terrazas Torrontes Rsv 10,6460.8,12.406382252559727,0.21390351108466957
Terre Rouge Syrah Les Cotes,9813.789999999999,18.799264305177108,0.3241258054785803
Terre del Barolo Barbrsco 10,1446.27,20.008867924528303,0.3449810762523436
Terre du Lion Saint-Julien,1159.71,39.99,0.6894839473861163
Terrilogio Primitivo,189.76,7.74,0.1334485059456999
Terroirs du Rhone,18518.71,9.134,0.15748303014315543
Terruzzi & Puthod Vernaccia,4.99,4.99,0.08603463109419154
Teruzzi Vernaccia Terre Tufi,591.26,7.99,0.13775885820492795
Thatchers Organic Coffee Hou,99.9,9.99,0.17224167627875223
Thatchers Organic Cucumber,539.46,9.99,0.17224167627875223
Thatchers Organic Pomegranat,269.73,9.99,0.17224167627875223
The Auctor Red Blend,319.68,9.99,0.17224167627875223
The Beach House Chard,28987.25,10.104606741573035,0.1742176579886006
The Beach House Pinot Grigio,51982.42,9.906396629941671,0.17080023637871222
The Beach House Red,503.52,10.24,0.17655202853798024
The Beautiful Syrah Walla,179.97,59.99,1.034312128124359
The Big Easy Red,5843.73,25.76906976744186,0.44429507236119126
The Bitter Truth Aromatic,2378.81,19.99,0.3446557666478735
The Bitter Truth Cucumber Bi,1519.2399999999998,19.99,0.3446557666478735
The Bitter Truth Elderflower,1714.51,34.99,0.6032769022015555
The Bitter Truth Falernum,2834.19,34.99,0.6032769022015555
The Bitter Truth Pink Gin,11336.22,29.99,0.5170698570169948
The Bitter Truth Violet,4268.780000000001,34.99,0.6032769022015555
The Black Dog Chard,79.92,9.99,0.17224167627875223
The Black Grouse Scotch,77304.21,41.165,0.7097426030044879
The Botanist Islay Dry Gin,99373.38,37.35096636665087,0.6439832890513755
The Calling Cab Svgn Rio Lgo,8721.51,24.99,0.4308628118324342
The Calling Dutton Chard RRV,7736.129999999999,19.99,0.3446557666478735
The Calling Pnt Nr RRV,7921.83,24.99,0.4308628118324342
The Cally 40 Yr Single Malt,2399.98,1199.99,20.68951843020419
The Chard Project Chard,3980.06,13.336368715083799,0.22993778808383805
The Chocolate Block Red,779.74,29.99,0.5170698570169948
The Club Mudslide,83.58,1.99,0.03431040398345515
The Club Pina Colada,33.83,1.99,0.03431040398345515
The Club Strawbry Margarita,143.28,1.99,0.03431040398345515
The Conductor Red,149.94,24.99,0.4308628118324342
The Cottage Svgn Blanc,402.69,12.99,0.22396590338948863
The Creator K Vintners Walla,1175.79,55.99,0.9653464919767103
The Crossings Svgn Bl Marlbo,49761.1,13.854965443912812,0.2388791264107837
The Crusher 12 Sugar Beet Rd,167.88,13.99,0.24120731242640073
The Crusher Cab Svgn,10757.43,12.54776892430279,0.21634121652455937
The Crusher Merlot,63.95,12.99,0.22396590338948863
The Crusher Pnt Nr,6155.13,12.635714285714286,0.21785751847355406
The Culprit Red,399.79999999999995,19.99,0.3446557666478735
The Curator Red,359.64,9.99,0.17224167627875223
The Curator White,119.88,9.99,0.17224167627875223
The Dalmore 12Yr Single Malt,95329.26,60.664778761061946,1.0459462647532487
The Dalmore 15 Yr,8799.119999999999,99.99,1.7239684896008443
The Dalmore 18 Yr,5759.68,179.98999999999998,3.1032812125538145
The Dalmore Cigar Malt Rsv,530.97,176.99,3.0515569854430784
The Deveron 12 Yr Scotch,11592.52,46.70875,0.8053246643528695
The Divining Rod Cab Svgn,16901.54,16.154674634794155,0.2785293532367151
The Divining Rod Chard,239.83,14.123333333333333,0.2435061669646557
The Divining Rod Pinot Noir,33.98,16.99,0.29293153953713713
The Divining Rod Red,10764.3,11.096194690265486,0.1913140314080798
The Dreaming Tree CC Chard,48796.96,12.833482538121004,0.22126732180781356
The Dreaming Tree Cab Svgn,192234.14,12.273498542274051,0.21161240868129172
The Dreaming Tree Crush Red,238209.55,12.355432436125154,0.21302506445916555
The Dreaming Tree Everyday,15925.05,13.395759162303666,0.23096176307724095
The Dreaming Tree Pnt Nr CA,57856.24,13.244114045158822,0.22834718758409622
The Dreaming Tree Svgn Bl,20708.52,12.65307857911733,0.2181569033587529
The Dubliner Irish Whiskey,10147.59,23.014930747922435,0.3968098349811368
The Famous Grouse,520259.83999999997,28.061953730026467,0.48382762263428847
The Feathery Blended Scotch,15122.44,42.6696875,0.7356855356647167
The Federalist 1776 Zinfande,22478.59,15.668908709338929,0.27015406421974747
The First Lady Cab Svgn,779.4,12.99,0.22396590338948863
The Gifted Horse,12147.57,49.989999999999995,0.8618980377552374
The Girls in the Vineyard Wh,1151.3999999999999,19.14384615384615,0.33006688207817864
The GlenDronach Cask Strngth,4589.49,89.99,1.551554399231723
The Glendronach 12 Yr Scotch,36802.340000000004,55.347015985790414,0.9542605415835271
The Glenlivet 12 Yr Gift Pk,44374.78,43.45394557823129,0.749207249982005
The Glenlivet 12 Yr Single,1721078.03,38.40293333865241,0.6621206819089759
The Glenlivet 15Yr FrenchOak,413475.55,55.69326999558109,0.9602304485969992
The Glenlivet 18 Yr Single,203200.63999999998,104.82519900497512,1.8073341334204907
The Glenlivet 25 Yr Old,5399.82,299.99,5.172250296983271
The Glenlivet Archive 21 Yr,44197.71,193.02030303030304,3.3279419969741855
The Glenlivet Founders Res,128328.76000000001,48.96031102733271,0.8441447489966829
The Glenlivet Nadurra 16 Yr,81684.37999999999,70.37220424671385,1.2133159582467186
The Glenlivet Oloroso Nadu,794.9,79.49,1.3705196043441454
The Glenrothes Triple Pack,25304.510000000002,38.99,0.6722425383492041
The Glenturret 27 Yr Old,4199.79,199.99,3.4481093932920577
The Great American Wine Chrd,131.89,11.99,0.20672449435257648
The Great American Wine Red,59.95,11.99,0.20672449435257648
The Immortal Zin,503.58,11.99,0.20672449435257648
The Insider Cab Svgn,953.4699999999999,17.99,0.31017294857404926
The Irishman Irish Whiskey,587.25,23.49,0.40500069827706603
The Irishman Single Malt,30877.74,33.36032258064516,0.5751789672162394
The King's Ginger Liqueur,11006.33,29.99,0.5170698570169948
The London No 1 Gin,22192.6,29.99,0.5170698570169948
The Loop Svgn Bl,167.88,13.99,0.24120731242640073
The Lost Colony Red Sonoma,803.51,16.334827586206895,0.28163544396122914
The Macallan 10 Yr Fine Oak,117841.64,50.480476190476196,0.870354538378104
The Macallan 12 Yr Old,725793.21,59.84685963521015,1.0318441865453243
The Macallan 17Yr Old Scotch,6969.71,241.99,4.172248572842367
The Macallan 18 Yr Old,133394.74,254.7685547785548,4.392568862680019
The Macallan 21 Yr Old,1919.94,319.99,5.517078477721514
The Macallan 25 Yr Old,29119.79,1465.4445454545455,25.26632882909359
The Macallan Double Cask 12,98245.68000000001,56.99470809792844,0.9826690752557925
The Macallan Edition No 1,22497.75,99.99,1.7239684896008443
The Macallan Fine Oak 15 Yr,156141.13,112.66040552200171,1.942424133869226
The Macallan M Decanter,9999.98,4999.99,86.20687277047028
The Macallan MOP,1499.99,1499.99,25.861941141277832
The Macallan No.2 Edition,29097.09,99.99,1.7239684896008443
The Macallan Rare Cask,64147.86,299.7137569060774,5.167487476807329
The Messenger Telegram Red 1,14002.929999999998,17.44083932853717,0.3007046448103733
The Messenger Telegram Red 2,39487.14,10.816729348556079,0.18649565514002747
The Messenger Telegram White,208.89,18.99,0.3274143576109614
The Monterey Vyds Chard,5436.62,10.08966777408638,0.17396008913957403
The Monterey Vyds Pnt Nr,17537.03,12.570022701475596,0.216724902999412
The Naked Grape Box Harvest,31.98,15.99,0.275690130500225
The Naked Grape Box Merlot,10839.3,16.18565217391304,0.2790634496596208
The Naked Grape Box Moscato,1956.78,16.072191780821917,0.2771072326128479
The Naked Grape Cab Svgn,10841.07,6.68551934826884,0.11526777370769328
The Naked Grape Chard,8483.45,6.670173661360348,0.1150031924427516
The Naked Grape Harvest Red,4817.5,6.503626834381551,0.11213169047501031
The Naked Grape Malbec,17.97,5.99,0.10327604013110368
The Naked Grape Moscato,25859.34,6.533720190779015,0.11265054234195257
The Naked Grape Pnt Grigio,67132.58,9.887525676937443,0.17047487455905
The Naked Grape Pnt Nr,13218.78,6.577637595258256,0.11340774027641869
The Offering Rhone,97.96,24.49,0.4222421073139781
The Other Red,30254.54,11.879189189189189,0.2048139598376754
The Pass Svgn Bl,431.52,8.99,0.1550002672418401
The Path Cab Svgn,10335.7,11.167053824362608,0.19253574272304966
The Path Chardonnay,100.91,11.323333333333332,0.1952302216613017
The Path Merlot,287.76,11.99,0.20672449435257648
The Path Pnt Nr,7052.63,11.032792792792794,0.19022089336003672
The Peach Chenin Bl/Viognier,6866.34,13.39537084398977,0.23095506792235454
The Peat Monster Scotch,5114.07,54.99,0.9481050829397982
The Pessimist Cab Svgn,90.86999999999999,6.99,0.12051744916801582
The Pessimist Red,2078.23,26.99,0.4653456299062585
The Pinot Project Pnt Grigio,2025.57,14.087087378640778,0.242881235633868
The Pinot Project Pnt Nr,16918.53,13.49788643533123,0.23272258116533356
The Pogues Irish Whiskey,20770.51,32.008255578093305,0.5518674269799311
The Prisoner Red Napa Valley,177568.56,42.935682451253484,0.7402716634210316
The Quiet Man Irish Whiskey,49793.61,30.415072046109508,0.5243986980341261
The Quiet Man Single Malt 8Y,949.8100000000001,49.99,0.8618980377552377
The Royal Chenin Blanc,203.83,11.99,0.20672449435257648
The Rule Cab Svgn Napa Vly,5026.2,13.515547445255475,0.23302708186144241
The Scarlet Ibis,179.94,29.99,0.5170698570169948
The Seeker Cabernet Svgn,97.93,13.99,0.24120731242640073
The Seeker Chard,125.91,13.99,0.24120731242640073
The Seeker Malbec,9318.29,12.115,0.20887967048219047
The Seeker Pinot Noir,17446.59,9.203186813186813,0.1586759082892697
The Seeker Rose,111.92,13.99,0.24120731242640073
The Seeker Svgn Bl,17203.76,12.093194103194104,0.20850370609594332
The Shepherd Svgn Bl,8671.5,13.353256784968686,0.23022896220456734
The Show Malbec Argentina,1678.6,11.99,0.20672449435257648
The Show Pnt Nr,47.96,11.99,0.20672449435257648
The Spiced Tree Scotch,934.83,54.99,0.9481050829397982
The Steward's Solera Bourbon,14928.2,39.49909090909092,0.681019982949814
The Tractor Guy Pnt Nr,1559.22,19.99,0.3446557666478735
The Transcendentalist,1119.6,27.990000000000002,0.4825870389431707
The Tweeddale 12 Yr Old,1324.75,52.99,0.913622264865974
The Usual Suspect Cab Svgn,349.65,9.99,0.17224167627875223
The White Doe White,181.86,12.99,0.22396590338948863
The White Knight Prosecco,16.99,16.99,0.29293153953713713
The Wolftrap Syrah Vio Mourv,27072.91,8.99732153752288,0.15512650086505117
Thierry Delaunay Tour Svgn B,23301.420000000002,14.951849710982659,0.25779095672548846
Thomas Goss Shiraz McLaren,269.84999999999997,17.99,0.31017294857404926
Thorn Napa Valley Merlot,5380.62,38.99,0.6722425383492041
Thorny Rose Cab Svgn,6779.85,9.497042253521126,0.16374239013379552
Thorny Rose Pnt Grigio,108.89,9.99,0.17224167627875223
Thorny Rose Red,3791.94,9.376666666666667,0.16166694540277943
Thorny Rose Svgn Bl NZ,7901.4800000000005,9.317935222672066,0.16065433255354003
Three Knights Svgn Bl,54954.99,9.99,0.17224167627875223
Three Olives Berry Vodka,40313.82,12.521794871794873,0.21589338726092414
Three Olives Blueberry Vodka,41937.37,3.441554531995394,0.059337249408971296
Three Olives Cake Vodka,239.84,14.99,0.2584487214633129
Three Olives Cherry Vodka,137651.55,13.211718724712737,0.22778864661340345
Three Olives Chocolate Vodka,9001.75,12.439404761904763,0.21447286567571258
Three Olives Citrus Vodka,13261.36,12.472543640897754,0.21504422664345552
Three Olives Dude Vodka,914.39,14.99,0.2584487214633129
Three Olives Elvis Presley,119.92,14.99,0.2584487214633129
Three Olives Espresso Vodka,143416.71,13.771028938906753,0.23743194279484536
Three Olives Grape Vodka,161175.13,13.179153632509866,0.22722717853840896
Three Olives Jacked Apple,670.39,10.99,0.18948308531566435
Three Olives Loopy Vodka,78941.95,13.915150421179304,0.2399168002217125
Three Olives Mango Vodka,1603.93,14.99,0.2584487214633129
Three Olives Orange Vodka,2065.56,14.548823529411765,0.25084221747643987
Three Olives Peach Vodka,26359.38,12.268098908156713,0.21151931138082503
Three Olives Pomegranate,87030.1,13.658182966894111,0.2354863192332075
Three Olives Raspberry Vodk,83992.06,13.153821769009088,0.22679042151812484
Three Olives S'Mores Vodka,21.98,10.99,0.18948308531566435
Three Olives Strawberry,33554.69,12.723115468409587,0.2193644380147136
Three Olives Tomato Vodka,314.79,14.99,0.2584487214633129
Three Olives Vanilla Vodka,86087.27,12.758382352941178,0.2199724887963803
Three Olives Vodka,1555598.01,17.34023942537909,0.29897016073095106
Three Olives Vodka w/Flask,4549.4400000000005,12.862727272727273,0.22177154223933615
Three Olives Vodka w3 50mls,26077.5,14.04699481865285,0.24218998340777917
Three Olives Watermeln Vodka,914.39,14.99,0.2584487214633129
Three Olives Whipped Cream,483.56,10.99,0.18948308531566435
Three Saints Snt Maria Chard,16.99,16.99,0.29293153953713713
Three Saints Steak House Red,167.88,13.99,0.24120731242640073
Three Thieves Bandit Merlot,95.88,7.99,0.13775885820492795
Three Thieves Bnd Pnt Grigio,567.29,7.99,0.13775885820492795
Three Thieves Cab Svgn,95.88000000000001,7.99,0.13775885820492795
Three Thieves Chard,159.79999999999998,7.99,0.13775885820492795
Three Wishes Cab Svgn,223.72,3.29,0.05672423573144092
Three Wishes Chard,157.92,3.29,0.05672423573144092
Three Wishes Merlot,246.75,3.29,0.05672423573144092
Three Wishes Pnt Grigio Colm,194.10999999999999,3.29,0.05672423573144092
Thunevin Calvet Constance Bl,1064.29,14.99,0.2584487214633129
Thunevin Calvet Cuvee Constn,9925.48,17.979898989898988,0.3099987929272117
Thunevin Calvet L'Amourette,881.51,17.99,0.31017294857404926
Tia Maria Coffee Liqueur,106146.0,18.309954454881865,0.31568941420384977
Tiamo Chianti,481.63,13.24,0.22827625564871665
Tiamo Pnt Grigio,635.52,13.24,0.22827625564871665
Tiamo Prosecco,804.5699999999999,18.847142857142853,0.32495129917711674
Tiefenbrunner Pnt Grigio,43892.81,13.244249815225427,0.2283495284513495
Tierra de Antes Malbec Mndza,130.21,4.49,0.07741392657573548
Tierra del Fuego Chard RSV,20.98,10.49,0.1808623807972083
Tierruca Svgn Bl Rsva,191.76,7.99,0.13775885820492795
Tijuana White Tequilla,8.99,8.99,0.1550002672418401
Tikal Natura Malbec,9575.21,19.99,0.3446557666478735
Tikal Patriota Mendoza Red,697.68,21.656666666666666,0.3733914483760604
Tiki Sound Svgn Bl,326.71,10.49,0.1808623807972083
Tilia Bonarda Mendoza,8553.93,10.703978494623657,0.18455167154811744
Tilia Chard Mendoza,4361.7,10.1775,0.17547444047317323
Tilia Malbec Mendoza,88866.76,10.203592233009708,0.17592430733518002
Tilia Malbec Syrah  Mendoza,11115.04,10.128810198300284,0.17463495968614232
Tin Barn Cab Svgn Sonoma Cty,1671.24,21.990000000000002,0.3791385847216978
Tin Barn Svgn B Hi Vista Vyd,1439.1,15.99,0.275690130500225
Tin Barn Znfdl RRV Gilsson,263.88,21.99,0.3791385847216978
Tin Cup Whiskey,73331.0,26.227430167597763,0.45219785150660197
Tin Roof Merlot,47.96,11.99,0.20672449435257648
Tineta Avante 10 Tinto Fino,6846.77,10.99,0.18948308531566435
Tineta Tinto Fino Ribera Del,489.65,13.99,0.24120731242640073
Tintero Langhe Arneis,2004.77,8.99,0.1550002672418401
Tintonegro Mendocino Malbec,1780.3799999999999,10.99,0.18948308531566435
Tippy Cow Choclate Rum Cream,479.76,19.99,0.3446557666478735
Tippy Cow Shamrock Mint,3089.3399999999997,18.737663551401866,0.32306372168575925
Tippy Cow Vanilla Soft Serve,239.88,19.99,0.3446557666478735
Tisdale Cab Svgn Cal,574.5600000000001,3.9900000000000007,0.06879322205727942
Tisdale Chard Cal,690.27,3.99,0.06879322205727942
Tisdale Merlot Cal,1053.3600000000001,3.9900000000000007,0.06879322205727942
Tisdale Shiraz Cal,522.69,3.99,0.06879322205727942
Tisdale Vineyards Moscato,47.88,3.99,0.06879322205727942
Tisdale Vyds Pnt Grigio,1244.88,3.9899999999999998,0.06879322205727942
Tisdale Vyds Pnt Nr,494.76000000000005,3.99,0.06879322205727942
Tisdale Vyds Sweet Red,191.52,3.99,0.06879322205727942
Tisdale Vyds Wh Znfdl Cal,1193.01,3.99,0.06879322205727942
Tito's Handmade Vodka,7399657.58,18.304614759154376,0.3155973503256795
Tiziano Chianti,7232.57,11.303099041533546,0.19488135395980935
Tiziano Pnt Gr Delle Venezie,1282.93,11.99,0.20672449435257648
Tiziano Prosecco,1529.1,16.99,0.29293153953713713
Toad Hollow Cab Svgn Lodi,14704.57,12.20595744680851,0.2104479050275692
Toad Hollow Eriks The Red 12,19294.89,8.008945634266887,0.13808550763478708
Toad Hollow Mendocino Chard,88514.79,13.365351892399124,0.23043749889912093
Toad Hollow Risque Sparkling,1173.3,16.75190476190476,0.28882644214739617
Toad Hollow Rose Eye Pnt Nr,1929.4099999999999,11.810512820512821,0.2036298824741564
Toasted Head BB Oaked Svgn B,642.47,11.59,0.19982793073781163
Toasted Head Cab Svgn,55479.340000000004,11.262928176795581,0.19418875164949564
Toasted Head Chard,360783.42,10.780331111816354,0.1858680982521755
Toasted Head Merlot Cal,12545.99,11.384871794871795,0.19629123144818866
Toasted Head Untamed Red,6142.650000000001,11.446140350877194,0.19734758768337868
Tohu Chard Marlborough NZ,3830.28,14.247352941176471,0.24564443975207667
Tohu Pnt Nr Marlboro,1135.52,23.710930232558137,0.40880984678522103
Tohu Svgn Bl Marlboro,74360.81,14.003245033112584,0.24143567546000225
Tola Grillo Sicilia,14.950000000000001,2.99,0.05155181302036728
Tolaini Al Passo Toscana,15993.599999999999,24.99,0.4308628118324342
Tom Cat Barrel Aged Gin,56959.48,45.51554744525548,0.7847521710426307
Tom Eddy Cab Svgn Napa,1099.8,54.99,0.9481050829397982
Tom Eddy Elodian Cab Svgn,859.74,33.156666666666666,0.5716676523005499
Tom Eddy Manchster Ridge Pnt,3263.32,47.99,0.8274152196814133
Tom Eddy Mt Veeder Cab S Rsv,3743.52,77.99,1.3446574907887772
Tom Gore Cabernet Svgn CA,35551.69,12.637318611987382,0.21788517931905713
Tom Gore Chardonnay CA,21827.09,12.253723150357995,0.21127145306040176
Tom Gore Svgn Bl,8963.09,11.467386934673367,0.19771390872524555
Tomada de Castro Albarino,215.88,17.99,0.31017294857404926
Tomahawk Maple Cream Liqueur,3644.85,9.24,0.15931061950106812
Tomaiolo Chianti Clsco Rsva,72006.69,11.970434782608697,0.2063871624366369
Tomaiolo Pinot Grigio,37403.83,10.962182932578973,0.18900347987805105
Tomaiolo Toscana,11837.710000000001,10.486951219512196,0.18080981552575429
Tomasello Cranberry Wine NJ,49.96,12.49,0.21534519887103257
Tomatin 12 Yr Old Scotch,62703.7,31.01307225258045,0.5347090641980495
Tomatin 18 Yr Single Malt,19502.42,75.64573770491802,1.3042391056694584
Tomatin Cu Bocan Scotch Whis,299.94,49.99,0.8618980377552377
Tomatin Scotch 14Yr Portwood,29924.32,52.29519480519481,0.9016428443013662
Tommasi Amarone,6379.0,63.42283582089552,1.0934990546689827
Tommasi Pinot Grigio Le Ros,12406.99,15.381959798994973,0.2652066606838111
Tommasi Poggio Al Tufo Rompi,30700.19,16.33836427939876,0.28169642153518815
Tommasi Poggio Tufo Cab Svgn,269.73,9.99,0.17224167627875223
Tommasi Tenuta Filo Prosecco,11590.8,16.14042372881356,0.27828364753755713
Tommasi Valpo Clsc Supr Rafl,33620.64,17.390485436893204,0.29983647276793934
Tommaso Bussola Amarone Clsc,899.8499999999999,59.99,1.034312128124359
Tommy Guns Vodka,77268.33,39.29798479087452,0.6775526301058196
Tons de Durum Douro Red,733.4,12.171818181818182,0.20985929599565142
Tooters Ala-Bama Slama 15 Pk,62041.76,9.096712032168265,0.15684013303761327
Tooters Apple-tini 15 Pk,53213.37,9.081823491239454,0.15658343361349683
Tooters Blu-D Kamikazi 15 Pk,63035.75,9.099507373705679,0.15688832866445768
Tooters Mango Smash 15 Pk,1738.26,9.99,0.17224167627875223
Tooters Red-diculous 15 Pk,64000.63,9.099534094415304,0.1568887893671421
Tooters Tri Berry Punch 15Pk,519.48,9.99,0.17224167627875223
Torii Mor Pnt Nr Deux Verres,594.83,34.99,0.6032769022015555
Torino Don David RSV Malbec,28912.35,13.392621722846442,0.23090766920023037
Tormaresca Neprica Puglia,709.39,11.23,0.19362102348452329
Tormaresca Primitivo,491.63,12.656666666666666,0.21821876704385124
Torna Sorrento Limoncello,265.81,13.99,0.24120731242640073
Torre Migliori Monte d'Abruz,1061.32,15.511739130434782,0.2674442392217018
Torremoron Tinto,1242.98,6.895882352941177,0.11889472831748292
Torres Altos Ibericos Rioja,10488.49,12.314165029469548,0.21231355622112363
Torres Celeste Crianza,10052.91,16.359863013698632,0.2820670900070282
Torres Garnacha 5G,1368.63,9.99,0.17224167627875223
Torres Sangre de Toro Catal,5527.41,9.953483146067416,0.17161207426335937
Torres Tempranillo Coronas,47.97,15.99,0.275690130500225
Torresella Pinot Grigio Ven,17597.53,14.11425328554361,0.24334961414663836
Torresella Prosecco Xtra Dry,21863.99,15.628043478260869,0.2694494900553427
Torrontes Jelu San Juan,2542.92,12.148273381294965,0.20945335045913813
Tortilla Gold Tequila Liquer,258592.57,12.854516905306221,0.2216299839362865
Tortiose Crk La Charmel Mus1,5859.55,13.182660550458717,0.22728764274522398
Tortoise Creek Cab Svgn,819.36,12.934444444444445,0.2230080473318824
Tortoise Creek Cal Pnt Nr,1805.61,12.99,0.22396590338948863
Tortoise Creek Chard,696.4300000000001,12.401764705882353,0.21382389807365793
Tortoise Creek Rose le Charm,52480.840000000004,13.52105590062112,0.2331220553935631
Tortoise Creek Svgn Bl,152.88,12.74,0.21965555113026058
Tortoise Creek Znfdl,143.88,11.99,0.20672449435257648
Toschi Chard,155.87,11.99,0.20672449435257648
Toschi Pnt Nr,59.95,11.99,0.20672449435257648
Toschi Vyds Cab Svgn,66.94,11.323333333333332,0.1952302216613017
Totts Brut Calif,21005.71,7.99,0.13775885820492795
Totts Extra Dry,18049.41,7.99,0.13775885820492795
Toucas Vinho Verde DOC,878.12,9.965,0.17181064105282942
Tozai Blossom of Peace,7333.719999999999,17.18787985865724,0.296343267120413
Tozai Nigori Voice Mist Sake,131.94,21.99,0.3791385847216978
Tozai Snow Maiden Junmai Ngr,449.57,11.99,0.20672449435257648
Tozai Typhoon Sake,79.95,15.99,0.275690130500225
Tozai Well of Wisdom Sake,14593.65,22.979775051124744,0.3962037012326701
Tracia Malbec,11439.44,7.5532698768197095,0.13022901551243554
Tracia Syrah,44.94,7.49,0.12913815368647188
Trackers Crossing Moscato,146.79,6.99,0.12051744916801582
Trader Joe's Chard 720 Btls,45.48,3.79,0.06534494024989698
Trader Joe's Pet Rsv Merlot,89.88,7.49,0.12913815368647188
Trader Joe's Petit Rsv Znfdl,93.48,7.79,0.1343105763975455
Trader Vics Chocolate Liquer,9144.0,13.07955223880597,0.22550991016891359
Trader Vics Macadamia Nut,11258.429999999998,17.15699801192843,0.2958108205691463
Tranzind Red Blend,2504.4,15.464747474747474,0.26663403686467524
Trapiche Broquel Cab Svgn Mz,119.92,14.99,0.2584487214633129
Trapiche Broquel Mndz Malbec,106683.08,11.422165318957772,0.19693422435138286
Trapiche Cab Svgn,545.0899999999999,5.99,0.10327604013110368
Trapiche Cab Svgn Oak Cask,24491.1,8.184754098360656,0.14111669327637905
Trapiche Chard,1725.12,5.99,0.10327604013110368
Trapiche Malbec,646.92,5.99,0.10327604013110368
Trapiche Malbec Mendoza Oak,135124.03,7.82672532517215,0.13494377275085218
Travis Hasse's Apple Pie Liq,271.83,15.99,0.275690130500225
Treana Chard CC,233.87,17.99,0.31017294857404926
Treana Red Calif,29928.03,30.250473588342437,0.5215607886969191
Treana White Table Central,215.88,17.99,0.31017294857404926
Trefethen Cab Svgn,21698.98,53.97954703832753,0.9306834501150438
Trefethen Chard Napa,28305.420000000002,32.99,0.5687940841277314
Trefethen Dragon's Tooth Red,2159.6,53.989999999999995,0.9308636739028859
Trefethen Merlot Napa,479.88,39.99,0.6894839473861163
Trefethen Rsv Cab Svgn,971.91,107.99,1.8618997618961413
Trentadue Merlot Alex Vly,208.89,18.99,0.3274143576109614
Trentadue Old Patch Red Son,16351.84,13.429024390243903,0.2315353024788647
Trentadue Znfdl Alex Vly,9342.67,17.455940054495912,0.3009650026033823
Tres Agaves Anejo Tequila,23879.870000000003,33.50207729468599,0.5776230182239278
Tres Agaves Blanco Tequila,32045.03,24.718270814272643,0.42617781779404174
Tres Generaciones Reposado,31916.61,38.08052333804809,0.6565618792109656
Tribuno Dry Vermouth,42909.270000000004,8.99,0.1550002672418401
Tribuno Sweet Vermouth,71058.14,8.905677701436602,0.1535464320013759
Tridente Tempranillo Castila,18947.03,11.720326295585412,0.20207493970826523
Triennes Rose 2012,10942.7,14.99,0.2584487214633129
Triga Alicante Tinto 11,4077.96,19.99,0.3446557666478735
Triibe Celtic,318.83,16.49,0.28431083501868104
Trim Cabernet Sauvignon,727.4399999999999,12.99,0.22396590338948863
Trimbach Gewurztraminer,16062.4,18.66413793103448,0.32179603639031246
Trimbach Pnt Bl,31678.81,13.661014492753624,0.23553513872874998
Trimbach Pnt Gris Rsv,1511.28,20.99,0.36189717568478563
Trimbach Riesling,18912.289999999997,17.677953555878084,0.30479282819242937
Trinchero BRV Cab Svgn Napa,1839.77,79.99,1.3791403088626015
Trinchero Clouds Nest Cab Sv,349.95,69.99,1.2067262184934802
Trinchero Main St Cab Svgn,30880.65,8.99,0.1550002672418401
Trinchero Main St Chard,11.99,11.99,0.20672449435257648
Trinchero Napa Haystack Cab,139.98,69.99,1.2067262184934802
Trinity Oaks Cab Svgn Cal,1997.5,7.99,0.13775885820492795
Trinity Oaks Chard Cal,1478.1499999999999,7.990000000000001,0.13775885820492795
Trinity Oaks Merlot Cal,958.8,7.99,0.13775885820492795
Trinity Oaks Pnt Grigio Cal,2588.7599999999998,7.99,0.13775885820492795
Trinity Oaks Pnt Nr Cal,1094.6299999999999,7.99,0.13775885820492795
Triple Crown Blended Whiskey,1295.19,15.99,0.275690130500225
Triple Eight Vodka,63.98,31.99,0.5515526750908192
Triton Avante Mencia,2773.15,14.99,0.2584487214633129
Trivento Amado Sur Malbec,28731.54,12.833749999999998,0.22127193322747105
Trivento Birds & Bees Sw Red,244.44,6.79,0.11706916736063339
Trivento Golden RSV Malbec,93.48,7.79,0.1343105763975455
Trivento Rsv Cab Malbec,12534.4,10.392547770700638,0.17918216705029902
Trivento Select Mendz Malbec,35550.83,10.581722595078299,0.1824438075768803
Trois Couronnes CdR Red,19851.07,10.364860956618465,0.17870480736377933
Trombetta Family Pnt Nr Gaps,3989.43,69.99,1.2067262184934802
Trombetta Family Wines Pnt N,2649.4700000000003,49.99,0.8618980377552377
Troublemaker Red,47977.69,15.845850422195415,0.2732047886667979
Truchard Carneros Cab Svgn,7124.73,31.47780487804878,0.5427217094865471
Truchard Carneros Chard,5287.099999999999,27.81307692307692,0.47953663580587075
Truchard Carneros Pnt Nr,15694.289999999999,27.468048780487806,0.4735878644702458
Truchard Vyds The Shepard Rd,917.5699999999999,21.115,0.36405235181439966
Truchard Znfdl,48282.79,14.99,0.2584487214633129
True Myth Cab,31105.92,16.80512415349887,0.2897440194465658
True Myth Chard,18664.58,13.011464646464646,0.22433598413901826
True Myth Chard Keg,310.99,310.99,5.361905796389305
Truuli Peak Vodka,2636.43,24.645172413793098,0.4249174983714299
Truvee Chard,1783.29,10.401290322580644,0.17933290096328866
Truvee Red,1563.51,10.35206896551724,0.1784842554128066
Tsilili Tsipouro,9227.75,21.698955223880596,0.37412056268856664
Tuaca Italian Liqueur,44922.549999999996,20.926305732484074,0.3607989967652371
Tullamore Dew,515048.35,28.74589706933524,0.4956197695053826
Tullamore Dew 10 Yr Old,4138.9400000000005,38.95385542168675,0.6716193548900385
Tullamore Dew 12 Yr Old,46523.23,43.16367256637168,0.744202534252157
Tullamore Dew 14 Yr Irish,4549.349999999999,69.99,1.2067262184934802
Tullamore Dew Crock,9986.67,29.99,0.5170698570169948
Tullamore Dew Phoenix,11097.9,52.95296296296297,0.9129836941609033
Tullia Prosecco,491.67,14.615,0.25198319307447087
Tullibardine 20 YO Highland,2879.84,179.99,3.103281212553815
Tullibardine 25 YO Highland,2699.91,299.99,5.172250296983271
Tullibardine Burgundy Finish,3054.5299999999997,64.99,1.1205191733089195
Tullibardine Sauterne Finish,2794.5699999999997,64.99,1.1205191733089195
Tullibardine Sherry Finish,3509.4599999999996,64.99,1.1205191733089195
Tullibardine Single Malt,23345.33,49.99,0.8618980377552377
Turn Me Red,713.0999999999999,9.217118644067796,0.1589161126841218
Turnbull Cab Svgn 09 Blk Lab,587.9399999999999,97.59,1.6825891079122552
Turnbull Cab Svgn 11,1982.63,53.294347826086955,0.9188696502250342
Turnbull Cab Svgn Napa,5526.75,44.30707317073171,0.7639163717649808
Turnbull Cab Svgn Oakvile 12,2309.67,69.99,1.2067262184934802
Turnbull Old Bull Napa Vly,74.97,24.99,0.4308628118324342
Turnbull Syrah 11,21241.5,24.99,0.4308628118324342
Turning Leaf Pnt Nr RSV VDP,549.5,10.99,0.18948308531566435
Turning Leaf RSV Cab Svgn,94990.67,10.20260004104248,0.1759072005476299
Turning Leaf RSV Chard Cal,167468.87,9.242183406113536,0.15934826449896528
Turning Leaf RSV Merlot Cal,24469.31,6.075889570552148,0.10475689734899798
Turning Leaf RSV Pflz Pnt Nr,161.73,5.989999999999999,0.10327604013110367
Turning Leaf RSV Pnt Grigio,17855.8,6.051808718282369,0.10434170952505727
Tussock Jumper Chard,9.99,9.99,0.17224167627875223
Tussock Jumper Malbec,59.88,4.99,0.08603463109419154
Tutunjian Cab Svgn,185.88,15.49,0.26706942598176897
Twelfth Night Pnt Nr,206.91,22.99,0.39637999375860994
Twelfth Night Rsl,911.48,17.656666666666666,0.30442581222841186
Twelfth Night Svgn Bl,92.94,15.49,0.26706942598176897
Twenty 2 Coffee Vodka,299.88,24.99,0.4308628118324342
Twenty 2 Vodka,31319.739999999998,21.976994219653175,0.378914346742894
Twenty Grand Cognac,1659.1699999999998,19.99,0.3446557666478735
Twisted Cab Svgn Cal,970.92,8.99,0.1550002672418401
Twisted Chard Cal,458.49,8.99,0.1550002672418401
Twisted Moscato,1591.23,8.99,0.1550002672418401
Twisted Old Vine Znfdl,14050.82,7.361893744644387,0.12692942133769863
Twisted Pnt Grigio Cal,16992.21,7.468770131771596,0.12877212084454623
Twisted Shotz Multi Pack,43256.54,16.99,0.29293153953713713
Two Hands Angels Share Shira,10876.6,31.99,0.5515526750908192
Two Hands Bella Gardn Shiraz,5039.28,69.99,1.2067262184934802
Two Oceans WestrnCape Shiraz,6964.77,9.60916461916462,0.16567553770204121
Two Oceans WstrnCape Svgn Bl,21002.13,9.603884555382216,0.1655845019626278
Two Vines Vineyard 10 Red,978.65,5.29,0.09120705380526518
Twomey Merlot Napa,1002.83,58.99,1.0170707190874468
Twomey Pnt Nr RRV,3839.2000000000003,47.99,0.8274152196814133
Twomey Svgn Bl Napa,4283.36,26.285454545454545,0.45319827353934317
Ty Ku Coconut Nigori,4404.44,10.861666666666666,0.18727043782259395
Ty Ku Cucumber Sake,359.7,11.99,0.20672449435257648
Ty Ku Liqueur,296.91,32.99,0.5687940841277314
Ty Ku Sake Junmai Ginjo,16712.44,14.448383594692402,0.24911049147830258
Ty Ku Silver Junmai Sake,128.88,10.74,0.1851727330564363
Tyrconnell Irish Whiskey,35108.8,31.377434554973824,0.5409911836912448
U V Vodka,230982.93,14.662169520758901,0.2527964620759502
UV Blue Raspberry Vodka,96343.25,15.47040201005025,0.266731529020744
UV Candy Bar,22.47,7.49,0.12913815368647188
UV Chocolate Cake Vodka,131.89000000000001,11.99,0.20672449435257648
UV Ruby Red Grapefruit Vodka,11965.31,2.1567298219022355,0.0371850610415231
UV Sangria Vodka,10369.56,2.7972289156626506,0.04822816790481795
UV Sriracha Vodka,2.9699999999999998,0.9899999999999999,0.01706899494654301
UV Whipped Vodka,224.70000000000002,7.490000000000001,0.1291381536864719
Uisce Beatha Irish Whisky,26190.789999999997,28.681135734072022,0.49450319283433286
Ultimat Vodka,17597.670000000002,33.04907172995781,0.5698125639864519
Umberto Cesari Moma Red,235.72,7.545555555555556,0.1300960097440781
Uncle Val's Botanical Gin,93934.47,34.17487394957983,0.5892229805496187
Uncle Val's Peppered Gin,9812.449999999999,27.968813559322033,0.4822217548534055
Underwood Cans Pnt Gris,754.92,6.99,0.12051744916801582
Underwood Cans Pnt Nr,775.89,6.99,0.12051744916801582
Underwood Pnt Nr,8082.38,12.279115646258504,0.21170925546869054
Undone Pnt Nr,3496.5,9.99,0.17224167627875223
Undone Rsl,49.95,9.99,0.17224167627875223
Undurraga U Label Cab Svgn,77.94,12.99,0.22396590338948863
Ungava Gin,20807.96,29.538022598870054,0.509277129768673
Uppercut Cab Svgn,27046.19,16.39513833992095,0.28267528633533767
Uppercut Chard,97.93,13.99,0.24120731242640073
Uppercut Meritage,239.88,19.99,0.3446557666478735
Uppercut Svgn Bl,95.92,11.99,0.20672449435257648
Urban Rsl Mosel,2014.56,13.99,0.24120731242640073
Usquaebach 15 Yr Whisky,10428.509999999998,69.99,1.2067262184934802
Usquaebach Old Rare Whisky,55884.439999999995,100.60538461538461,1.734578587469713
Uvaggio Primitivo Lodi,2817.65,11.99,0.20672449435257648
Valandraud 09 St Emilion Cru,2459.59,59.99,1.034312128124359
Valckenberg Dornfelder,6354.7,11.99,0.20672449435257648
Valckenberg Gewurz Pfalz,51944.92,12.080041968714232,0.20827694476566738
Valckenberg Madonna Kabinet,167.86,11.990000000000002,0.2067244943525765
Valckenberg Madonna Spatlese,155.88,12.99,0.22396590338948863
Valckenberg Pinot Blanc,4705.05,8.545656108597285,0.1473391524571126
Valckenberg Rsl,194.85,12.99,0.22396590338948863
Valdivieso Brut,220.83,12.99,0.22396590338948863
Valdivieso Cab Franc Rsva,7167.57,20.940892857142853,0.3610504993481515
Valentin Bianchi Elsa Malbec,995.17,11.99,0.20672449435257648
Valle de la Puerta Torrontes,3452.16,8.99,0.1550002672418401
Valley of the Moon Blend 41,659.67,19.989999999999995,0.34465576664787345
Valley of the Moon Pnt Bl,5314.59,15.616666666666667,0.26925333779311117
Valley of the Moon Znfdl,1599.2,19.99,0.3446557666478735
Valmaggiore Nebbiolo d'Alba,986.79,46.99,0.8101738106445011
Vampire Transylvania Merlot,227.15,6.489999999999999,0.11189674464955972
Van Gogh Chocolate Liqueur,206.76999999999998,8.99,0.1550002672418401
Van Gogh Pomegranate Vodka,391.86,27.99,0.4825870389431706
Van Ruiten Family Cab Svgn,346.17,10.49,0.1808623807972083
Van Ruiten Family Chard,1208.03,11.29,0.19465550802673798
Van Winkle Special Rsv 10 Yr,3459.42,59.597843137254905,1.0275507912471384
Van Winkle Special Rsv 12 Yr,2649.62,69.6775,1.201338278169445
VanGogh Acai Blueberry Vodka,1427.49,27.99,0.4825870389431706
Vanya Light Vodka,181795.17,7.356553155262318,0.1268373420516642
Vargas Rioja Crianza,1798.56,12.49,0.21534519887103257
Varner Chard El Camino,699.72,24.99,0.4308628118324342
Varner Pnt Nr Los Alamos,724.7099999999999,24.99,0.4308628118324342
Vat 69 Gold,108845.38,14.987210599721061,0.258400628272136
Vatan 13 Tinta de Toro,319.92,39.99,0.6894839473861163
Vecchia Cantina Chianti DOC,76.89,6.99,0.12051744916801582
Vecchia Romagna Nera Brandy,8005.139999999999,27.99,0.4825870389431706
VeeV Acai Spirit,1095.99,21.49,0.3705178802032417
Vega Sindoa 14 Chard Navarra,1984.3,11.49574712643678,0.19820287839180378
Vega Sindoa 14 Garnacha Nava,1704.66,12.737368421052631,0.21961017900121604
Vega Sindoa Cab Svgn Navarra,6523.72,12.184805194805195,0.21008321039872818
Vegan Vines Chard,5825.52,8.99,0.1550002672418401
Velvet Crush Cab Svgn,163.88,13.626363636363637,0.2349377091402509
Velvet Crush Red Blend,14206.15,10.306469321851454,0.17769805330442734
Vendange Cab Svgn,61922.71,7.965161669606114,0.13733061039081298
Vendange Chard,157974.86,7.662815279958138,0.1321177326160586
Vendange Chard 192/2Pk  Plt,191.88,15.99,0.275690130500225
Vendange Merlot,57604.33,7.955715932008067,0.13716775256522973
Vendange Pnt Grigio,48436.8,7.991007387508395,0.13777622698501887
Vendange Pnt Grigio Cal,1655.8500000000001,3.9900000000000007,0.06879322205727942
Vendange Shiraz,229.99,5.20875,0.08980618932101608
Vendange Svgn Bl,57063.47,8.05438467807661,0.1388689407753567
Vendange Sweet Pink Moscato,195.72,6.99,0.12051744916801582
Vendange Sweet Red,104.85000000000001,6.99,0.12051744916801582
Vendange Sweet White,395.01,3.99,0.06879322205727942
Vendange Wh Znfdl,58135.14,7.972641828958509,0.13745957887786892
Venta Morales Organic Tempra,246.21,8.49,0.146379562723384
Venta Morales Tempranillo,5737.03,9.560652173913043,0.16483911479007796
Vera Blood Orange Vodka,28174.82,17.716298433635615,0.30545394791431735
Vera Limon Vodka,23414.539999999997,17.556,0.3026901770520294
Veracruz Joven Verdejo,1057.13,12.22809523809524,0.21082959174231747
Verde Sole Chard,923.16,11.704285714285716,0.2017983774848873
Verde Sole Petite Sirah,5506.91,13.645963302752294,0.23527563500544474
Verde Sole Pnt Grigio,536.51,10.934444444444445,0.18852522925805812
Verde Sole Znfdl,6549.22,13.727201365187714,0.23667629366926005
Verite La Joie Red Sonoma,2549.94,424.99,7.327426426597287
Verite La Muse Red Sonoma,849.98,424.99,7.327426426597287
Vermont Gold Vodka,596.83,34.865,0.6011217260719416
Vermont Ice Maple Creme,62893.10999999999,24.315250395361097,0.41922917790136016
Vermont White Vodka,209.92999999999998,29.99,0.5170698570169948
Verrazzano Chianti Clsc,44422.07,17.822204665161774,0.3072799205716178
Very Old Barton,467.64,12.99,0.22396590338948863
Vesica Potato Vodka,66871.69,17.020216414863206,0.29345251310542275
Veuve Clicquot Brut Grande,33717.19,119.99,2.0687966703390868
Veuve Clicquot Brut Yellow,1791728.3800000001,40.3698423847867,0.6960329653117799
Veuve Clicquot Gold Label,48002.75,66.28094412331406,1.142776868982775
Veuve Clicquot Ponsardin Rs,121233.02,52.94305832147938,0.9128129241857207
Veuve Clicquot Rose,11120.59,79.03854368932038,1.3627358614294227
Veuve Clicquot Rose Shop Bag,20345.93,49.989999999999995,0.8618980377552374
Veuve Clicquot Ylw Ice Lettr,359.92,44.99,0.775690992570677
Veuve du Vernay Brut Rose,1090.99,10.872352941176471,0.18745468425249823
Veuve du Vernay Sparkling Ro,191.52,3.9899999999999998,0.06879322205727942
Veuve du Vernay Sprklng Brut,1394.0,9.40025641025641,0.1620736658210861
Viberti Barbera D'Alba Gemel,2417.58,9.99,0.17224167627875223
Viberti Barolo Buon Padre,1268.71,43.656666666666666,0.7527024471881274
Viberti Barolo Rsv 06 Volta,4065.5699999999997,94.84714285714286,1.635298385982439
Viberti Bricco Airoli,1362.53,28.99,0.4998284479800827
Viberti Chard,308.22999999999996,16.07,0.277069443223178
Viberti Langhe Nebbolio,5043.509999999999,20.283577981651376,0.34971746471375603
Victor Hugo Cab Svgn,37.98,18.99,0.3274143576109614
Victor Hugo Hunchback Red,179.88,14.99,0.2584487214633129
Victor Hugo Les Mis Rose,201.37,15.49,0.26706942598176897
Victor Vineyards Cab Svgn 13,10299.69,9.99,0.17224167627875223
Victor Vyds Old Vine Znfdl,107.88,8.99,0.1550002672418401
Vidal Jackson-Triggs RSV Icw,3417.3799999999997,21.218571428571426,0.36583806917893696
Vietti Barbera D'Asti Vigne,6401.41,17.809047619047618,0.3070530745578461
Vietti Barolo Castiglione,6198.76,49.99,0.8618980377552377
Vietti Nebbiolo Perbacco DOC,724.71,24.99,0.4308628118324342
Vieux Ch Certan 10 Red Brdx,1629.95,325.99,5.620526931942987
Vieux Clocher Chateauneuf Du,944.73,34.99,0.6032769022015555
Vieux Clocher Cote du Rhone,419.70000000000005,13.99,0.24120731242640073
Vieux Clocher Rose CDR,223.82,12.389999999999999,0.2136210579673413
Vieux Clocher Vacqueyras 07,1609.3,22.99,0.39637999375860994
Vieux Telegraphe Chtnf Bl,2991.56,67.99,1.1722434004196558
Vieux Telegraphe Chtnf Pape,12673.31,74.99,1.2929332636780408
Vieux Telegraphe Pigeoulet,2798.6,19.99,0.3446557666478735
Vigna Magana Dignus,359.82,19.99,0.3446557666478735
Vignaioli Casdoni Barolo,755.7900000000001,35.99,0.6205183112384678
Vigne A Porrona Rosso,272.79,12.99,0.22396590338948863
Vikingfjord Vodka,1103.31,15.99,0.275690130500225
Villa Calappiano Pnt Grigio,98.89,8.99,0.1550002672418401
Villa Cornaro Perl Anima,12.99,12.99,0.22396590338948863
Villa Cornaro Pinot Grigio,671.16,7.99,0.13775885820492795
Villa Cornaro Pnt Grigio LTD,14627.8,8.598988764044945,0.14825868258471042
Villa Cornaro Prosecco,11287.380000000001,4.99,0.08603463109419154
Villa Cornaro Prosecco Del,258911.62,11.304997925024209,0.1949140933867853
Villa Fassini Sangio/Cab,89.88,7.49,0.12913815368647188
Villa Fassini Trebiano/Chard,3.99,3.99,0.06879322205727942
Villa Gemma Montepulciano R,231.98,115.99,1.9998310341914385
Villa Jolanda Cocnut Moscato,3366.94,11.009354838709678,0.18981679000670137
Villa Jolanda Peach Moscato,48740.08,10.195927636643573,0.17579215889412866
Villa Jolanda Pineap Moscato,2450.77,10.99,0.18948308531566435
Villa Jolanda Prosecco,2551.12,28.99,0.4998284479800827
Villa Jolanda Strwby Moscato,48895.28,10.26093772369363,0.17691302439648396
Villa Jolanda Xmas Spumante,7692.3,9.99,0.17224167627875223
Villa Maria Chard NZ,12118.75,13.15793893129771,0.22686140719721432
Villa Maria Clr Slct Svgn Bl,831.48,15.99,0.275690130500225
Villa Maria Pnt Nr Private B,609.61,15.638148148148149,0.2696237088020523
Villa Maria Private Bin Red,142.39,12.918571428571429,0.2227343741725663
Villa Maria Svgn Bl Pvt Bin,171790.64,11.525161354980957,0.19871002113763916
Villa Massa Limoncello,47382.079999999994,19.82798882681564,0.341862465742452
Villa Mount Eden Gran Rs Pnt,449.64,12.49,0.21534519887103257
Villa Novare Valpol Ripasso,4256.91,6.99,0.12051744916801582
Villa Olmi Cabernet Svgn,107.88,8.99,0.1550002672418401
Villa Olmi Prosecco Ex Dry,71.93,10.656666666666666,0.18373594897002696
Villa Pozzi Moscato,21182.39,9.812048611111111,0.16917354359423226
Villa Pozzi Nero D'Avola,25813.72,9.824526650755768,0.1693886825797246
Villa Pozzi Pnt Grigio Vnzie,11441.29,9.778888888888888,0.16860182325984852
Villa Rosa Barolo Piedmonte,1376.49,26.99,0.4653456299062585
Villa Russiz Les Enfants Bia,881.5799999999999,20.99,0.36189717568478563
Villa Russiz Pnt Grigio,1849.26,24.99,0.4308628118324342
Villa Sandi Il Fresco Prosec,13211.91,13.113076923076925,0.22608792296326244
Villa Sandi Il Fresco Rose,79.95,15.99,0.275690130500225
Villa Zarri Nocino Liqueur,4825.9400000000005,45.59869565217391,0.7861857632887973
Villa d Anges Old Vines Rose,15500.92,13.99,0.24120731242640073
Villa des Anges Cab VDP D'Oc,3461.15,12.110218579234973,0.2087972320510031
Villa di Capezzana Carmignan,971.64,26.99,0.4653456299062585
Villadoria Barolo,1439.64,39.99,0.6894839473861163
Vin Parfait Chard,5.99,5.99,0.10327604013110368
Vin Santo Castellani Somavte,711.75,9.49,0.16362097176029614
Vin Vault Cab Svgn,352.82,19.767777777777777,0.3408243424174486
Vin Vault Chard,11762.869999999999,19.197739307535638,0.33099607598522823
Vin Vault Malbec,119.94,19.99,0.3446557666478735
Vin Vault Pnt Nr,314.7,10.49,0.1808623807972083
Vin Vault Red,73.42999999999999,10.49,0.1808623807972083
Vina Borgia Garnacha,3277.18,19.87671875,0.3427026382804108
Vina Cobos Bramare Malbec,39.99,39.99,0.6894839473861163
Vina Cobos Cab Svgn Bramare,623.84,38.99,0.6722425383492041
Vina Cobos Cocodrilo Corte,1874.25,24.99,0.4308628118324342
Vina Zaco Tempranillo Rioja,42649.7,11.075215605749486,0.19095232243071947
Vincent Delaporte Sancerre,14652.67,19.99,0.3446557666478735
Vincent Girardin Bour Bl 11,2098.95,19.99,0.3446557666478735
Vincent Marie Antoinette,424.83000000000004,24.99,0.4308628118324342
Vincent Van Gogh Double Esp,51854.25,24.99,0.4308628118324342
Vincent Van Gogh Dutch Choc,1399.5,27.99,0.4825870389431706
Vincent Van Gogh Espresso V,167.94,27.99,0.4825870389431706
Vincent Van Gogh PB&J Vodka,83.97,27.99,0.4825870389431706
Vincent Van Gogh Pineapple,1203.57,27.99,0.4825870389431706
Vincent Van Gogh Raspberry,419.84999999999997,27.99,0.4825870389431706
Vinchio Vaglio Barbera,1239.93,11.58493670886076,0.19974063246420698
Vindicated Cab Svgn,30749.929999999997,20.4161780104712,0.3520036760489449
Vinecol Organic Malbec,335.76,13.99,0.24120731242640073
Vinedo de Los Vientos Alcyo,1790.48,34.47148148148148,0.5943369123305642
Vinedo de Los Vientos Estiv,319.8,15.99,0.275690130500225
Vineyards Found 14 Chard Nap,22020.31,14.99,0.2584487214633129
Viniq Ruby Shimmery Liqueur,29776.319999999996,18.99,0.3274143576109614
Viniq Shimmery Glow,20576.96,18.763067331670822,0.32350171865246014
Viniq Shimmery Liqueur,60509.909999999996,18.305870570107857,0.3156190022760014
Vino Dious Cab Svgn 11,1245.11,13.99,0.24120731242640073
Vino Dious Cab Svgn Rose 13,896.3100000000001,12.99,0.22396590338948863
Vino Dious Chard 13,662.49,12.99,0.22396590338948863
Vino Dious Gruner Veltlnr 13,1019.15,11.990000000000002,0.2067244943525765
Vino Dious Welch Rsl 13,899.25,11.99,0.20672449435257648
Vino Pnt Grigio,13264.4,11.430963855421687,0.19708592351748347
Vino Rose,1982.48,13.072352941176472,0.22538578413370491
Vino.e Falanghina Beneventno,558.5699999999999,12.99,0.22396590338948863
Vinsacro Rioja,35865.57,15.99,0.275690130500225
Vinum Cellars Cab Svgn Napa,283.92,35.49,0.6118976067200116
Vinum Cellars Chard,358.04999999999995,13.79,0.23775903061901832
Vinum Cellars Chenin Blanc,246.32999999999998,14.49,0.24982801694485685
Vinum Cellars Petite Sirah,86.94,14.49,0.24982801694485685
Vinum Cellars Pnt Nr,433.7,14.378888888888888,0.24791230482964435
Vinum Cellars Red Dirt Red,718.6,17.847142857142856,0.30770989014020467
Vinum Cellars Scrapper Cab F,2581.12,29.47148148148148,0.5081298671460034
Vinum Cellars Znfdl Cal,275.31,14.49,0.24982801694485685
Vinyes Domenech Furvus,692.7900000000001,32.99,0.5687940841277314
Virginia Black Whiskey,3813.9100000000003,34.99,0.6032769022015555
Virginia Dare Chard Sonoma C,8055.36,22.197920792079206,0.38272343214521415
Virginia Dare Pnt Nr RRV,68.97,22.99,0.39637999375860994
Virginia Highland Malt Whsky,6023.85,52.82505154639175,0.9107783211073078
Virginie Taunt Svgn Blanc,541.63,14.59,0.251552157848548
Virtu St Supery White Blend,879.56,19.99,0.3446557666478735
Vista Point Cab Svgn,209.4,3.4900000000000007,0.060172517538823356
Vista Point Chard,310.61,3.49,0.06017251753882334
Vista Point Merlot,125.64000000000001,3.49,0.06017251753882334
Vista Point Pnt Grigio/Col,251.28000000000003,3.49,0.06017251753882334
Vistamar Sepia Pnt Nr,8.29,8.29,0.14293128091600157
Vistamar Svgn Bl,477.51,9.790000000000001,0.16879339447136982
Viu Manent Cab Svgn La Capil,167.88,13.990000000000002,0.24120731242640078
Viu Manent Chard Gr Rsva,65.94,10.99,0.18948308531566435
Viu Manent Estate Rsv Malbec,615.72,7.878888888888889,0.13584314608971548
Viu Manent Rsva Cab Svgn,575.28,7.99,0.13775885820492795
Viu Manent Rsva Svgn Blanc,95.88,7.99,0.13775885820492795
Viu Manent Syrah Olivar Alto,170.90999999999997,18.99,0.3274143576109614
Viu Manet Rsva Chard,215.23,7.890000000000001,0.13603471730123676
Viu Manet Rsva Merlot,287.64,7.989999999999999,0.13775885820492795
Vivanco Rioja Rsva 08,13235.21,16.99,0.29293153953713713
Vivanco Rose,4016.65,11.990000000000002,0.2067244943525765
Voga Moscato Italia,2905.55,11.855771812080537,0.20441021126037354
Voga Prosecco Brut DOCG,214.86999999999998,16.626363636363635,0.2866619362509873
Voga del Venezie Pnt Grigio,90502.98,10.20100696947849,0.1758797337491701
Voila Cellars Pnt Nr,56.97,18.99,0.3274143576109614
Volcanes Summit Series Cab S,143.88,11.99,0.20672449435257648
Voli Lyte French Vodka,134.91,14.99,0.2584487214633129
Volker Eisele Family Est Cab,949.8100000000001,49.99,0.8618980377552377
Volpaia Chianti Classico RSV,869.6999999999999,28.99,0.4998284479800827
Volpaia Chianti Clsco,14320.039999999999,17.99,0.31017294857404926
Volpaia Citto Toscana,8514.32,14.99,0.2584487214633129
Volpaia Prelius Cab Svgn,44.97,14.99,0.2584487214633129
Volpaia Prelius Vermentino,944.37,14.99,0.2584487214633129
Volpe Rossa Pnt Grigio,2930.71,8.275714285714287,0.14268497507261713
Volver Tempranillo,8262.32,14.57181818181818,0.2512386776842405
Von Winning Riesling Pfalz,2680.52,17.89566037735849,0.3085464005516991
Voss Svgn Blanc Napa Vly,14.99,14.99,0.2584487214633129
W Hill Cab Svgn Central Cst,8391.6,9.99,0.17224167627875223
W Hill Cab Svgn Napa,74948.58,34.99,0.6032769022015555
W Hill Chard Napa,123470.48999999999,20.37586251621271,0.351308580121909
W Hill Est Bench Blend Napa,11481.94,26.687860962566845,0.4601363271758545
W Hill Est Cab Svgn No Cst,112064.21,14.173195518805015,0.24436586129984733
W Hill Est Chard Bench Blend,1829.3899999999999,29.99,0.5170698570169948
W Hill Est Chard Cntrl Cst,19463.35,8.99,0.1550002672418401
W Hill Est Chard N Coast,176611.99,12.12852534562212,0.20911286649842706
W Hill Est Cntrl Cst Pnt Nr,28810.1,14.599507640067912,0.25171608295993464
W Hill Est Merlot Cntrl Cst,37744.91,12.650714285714287,0.2181161396091077
W Hill Merlot Napa,3159.91,28.990000000000002,0.4998284479800828
W Hill RSV Cab Svgn,11564.310000000001,42.99,0.7412081744968526
W Selyum Pnt Nr Eastside Rd,1147.86,81.99,1.4136231269364257
W Selyum Pnt Nr Foss Vyd RRV,429.95,85.99,1.4825887630840742
W Selyum Pnt Nr RRV,901.89,81.99,1.4136231269364257
W Selyum Pnt Nr Sonoma Cst,719.88,59.99,1.034312128124359
W.Laure Weller KY Bourbon,7019.22,89.99,1.551554399231723
Wairau River Svgn Bl,415.74,15.99,0.275690130500225
Walnut Crest Cab Svgn Rapel,5432.75,10.257796610169493,0.17685886717338292
Walnut Crest Chard Central,7275.17,10.56654723127036,0.18218216292218364
Walnut Crest Malbec,59.94,9.99,0.17224167627875223
Walnut Crest Merlot Rapel,13791.98,10.459670710571924,0.18033946111237992
Walnut Crest Vnto Pnt Grigio,19403.08,11.477854251012147,0.19789438000776116
Walt Gap's Crown Pnt Nr,1119.84,69.99,1.2067262184934802
Walt La Brisa Chard,4507.42,28.71222222222222,0.49503916769205153
Walt La Brisa Pnt Nr,935.7600000000001,38.99,0.6722425383492041
Walt Pnt Nr Shea Vineyard,3149.5499999999997,69.99,1.2067262184934802
Warre's 20-Yr Tawny Port,16781.27,44.99,0.775690992570677
Warre's Altano Douro Portuga,6149.16,8.99,0.1550002672418401
Warre's Fine Selected Ruby P,10115.93,12.550143626570916,0.216382159737705
Warre's Kings Tawny Porto,18302.91,12.99,0.22396590338948863
Warre's Late Bottled Vintage,56726.829999999994,23.505497553017946,0.4052678979277196
Warre's Otima 10-Yr Tawny,57747.619999999995,20.378692579505298,0.3513573744007369
Warre's Port 1970,799.95,159.99,2.758453031815572
Warre's Port 2000,759.8000000000001,37.99,0.6550011293122919
Warre's Port 2003,2764.21,34.99,0.6032769022015555
Warre's Quinta Cavadinha,2549.27,34.878888888888895,0.6013611900863431
Warre's Vintage Port 03,3399.4999999999995,67.99,1.1722434004196558
Warre's Vintage Port 2000,1781.7299999999998,65.99,1.1377605823458317
Warre's Vintage Port 2011,3674.44,66.01564102564102,1.1382026697570344
Warre's Warrior Port,61698.31,14.475283560660445,0.24957428479463664
Washington Hills LH Rsl,8714.44,10.210618556701032,0.1760454510559679
Waterbrook Chard Rsv Col Vly,3518.24,19.99,0.3446557666478735
Waterstone Cab Svgn,23853.48,25.061310116086233,0.43209229871234667
Weller Antique -Hanover Chop,275.88,22.99,0.39637999375860994
Weller Rsv Special Barrel,10027.82,23.99,0.41362140279552206
Wellington Cab Svgn Sonoma,521.71,17.99,0.31017294857404926
Wemyss The Hive,19120.8,46.54311355311356,0.8024688586206797
Wente Louis Mel Svgn Bl,22722.66,13.860388833499501,0.2389726332890143
Wente Morning Fog Chard,161133.81,12.58959684808503,0.21706238886765372
Wente Pnt Nr Riva Ranch,23867.699999999997,17.6724686940966,0.3046982614469439
Wente Reliz Crk Pnt Nr,5920.29,16.95172248803828,0.2922715812964898
Wente Riva Ranch Chard,42770.74,19.175548617305974,0.3306134772181672
Wente Riverbank Rsl Monterey,12331.53,13.039128367670365,0.2248129456718092
Wente Sandstone Mntry Merlot,22986.97,14.305621679064824,0.24664907489607438
Wente Southern Hill Cab Svgn,65096.43,14.304049586776857,0.24662196980989376
Wente Wetmore Cab Svgn,22551.19,25.575874799357944,0.4409641188925834
West Cork 10Yr S Malt Irish,758.7700000000001,32.99,0.5687940841277314
West Cork Barrel Proof Ltd R,2666.4900000000002,52.32333333333334,0.9021279921746993
West Cork Black Rsv Irish Wh,3649.05,38.4290243902439,0.662570528401668
West Cork Irish Whiskey,59329.02,21.99,0.3791385847216978
West Indies Blue Mtn Coffee,593.82,32.99,0.5687940841277314
West Side Wine Co Cab Svgn,223.85999999999999,15.99,0.275690130500225
West Side Wine Co Chard,191.88,15.99,0.275690130500225
Westland American Sngle Malt,11953.34,72.56575757575757,1.2511359084370417
Westland Trinity 3 Pack,6149.179999999999,74.99,1.2929332636780408
Whalers Vanille Rum,149.88,12.49,0.21534519887103257
Whiplash Red,31.740000000000002,5.29,0.09120705380526518
Whistle Pig Boss Hog Rye,11062.630000000001,298.99000000000007,5.15500888794636
WhistlePig 10 Yr Old Rye,417229.41,71.26975270479134,1.2287909583428824
WhistlePig 10Yr Rye,81941.94,43.056541117388576,0.7423554371195222
WhistlePig 10Yr Straight Rye,54165.51,6.99,0.12051744916801582
WhistlePig 15 Yr Old Rye,21888.9,198.99,3.4308679842551455
WhistlePig Old World 12 Yr,102860.8,111.73496644295302,1.9264682601686043
White Elephant Vinum Cellars,971.4599999999999,17.99,0.31017294857404926
White Horse Scotch,1287.54,27.99,0.4825870389431706
White Knight Viognier,142.89000000000001,12.99,0.22396590338948863
White Mountain Moonshine,10468.76,14.699534368070953,0.253440684692059
White Mountain Vodka,24540.18,24.99,0.4308628118324342
White Oak Chard RRV,6391.219999999999,22.99,0.39637999375860994
White Oak Merlot Napa,599.76,24.99,0.4308628118324342
Whitehall Lane Cab Svgn Leon,409.95,81.99,1.4136231269364257
Whitehall Lane Cab Svgn Napa,33111.26,37.89277777777778,0.653324881211481
Whitehall Lane Merlot,979.65,27.99,0.4825870389431706
Whitehall Lane RSV Cab Svgn,1049.85,69.99,1.2067262184934802
Whitehall Tre Leoni Red Napa,15029.99,25.058493150684928,0.4320437302596199
Whitehaven Svgn Bl,20670.95,12.49,0.21534519887103257
Whitehaven Svgn Bl Marlboro,321940.23,14.99,0.2584487214633129
Whitman Express Pnt Blanc,6354.7,11.99,0.20672449435257648
Whoop & Holler Bourbon,5599.68,174.99,3.0170741673692545
Wicked 87 Whiskey,12513.32,2.3868871595330736,0.04115329784246307
Wicked Bold Cab Svgn,279.71999999999997,9.99,0.17224167627875223
Wicked Bright Pnt Gr Veneto,3182.05,8.081872791519435,0.13934287458287747
Wicked Juicy Grenache,349.65,9.99,0.17224167627875223
Wicked Silky Shiraz,118.44,3.29,0.05672423573144092
Wicked Smooth Merlot,2213.25,8.075561497326204,0.13923405897813967
Wicked Soft Chard,249.75,9.99,0.17224167627875223
Widow's Migaki Shochu,1319.6000000000001,32.99,0.5687940841277314
Wiggly Bridge Bourbon Sm Brl,57858.29,53.88075630252101,0.9289801586299461
Wiggly Bridge Gold Rum,6298.74,49.99,0.8618980377552377
Wiggly Bridge Vodka,12115.22,25.3025,0.43625075215646925
Wiggly Bridge White Whisky,149.97,49.99,0.8618980377552377
Wild Horse CC Cab Svgn,70088.95,17.108760757314972,0.29497914233153805
Wild Horse CC Chard,67542.01,12.146413612565446,0.2094212854257584
Wild Horse CC Merlot,49185.14,15.958828557063852,0.2751526909022921
Wild Horse CC Pnt Nr,106295.54,16.50343921808186,0.28454254607476664
Wild Horse Cheval Pnt Nr,899.85,59.989999999999995,1.0343121281243588
Wild Horse Pnt Gris CC,9732.06,12.445384615384615,0.21457596677553953
Wild Horse Pnt Nr CC,395.64,10.99,0.18948308531566435
Wild Oats Chard Cntrl Ranges,527.56,11.99,0.20672449435257648
Wild Oats Shiraz Cntrl Range,1426.81,11.990000000000002,0.2067244943525765
Wild Ridge Pnt Nr Sonoma Cst,167.96,41.99,0.7239667654599405
Wild Shot Reposado Mezcal,599.88,49.99,0.8618980377552377
Wild Shot Silver Mezcal,4018.9,36.175185185185185,0.6237111647638217
Wild Thing Chard,29.98,14.99,0.2584487214633129
Wild Turkey,256075.66,25.23736773690368,0.43512778016692577
Wild Turkey 101,524038.63,25.21879351132139,0.4348075343461177
Wild Turkey 101 Gift Pak,71.97,23.99,0.41362140279552206
Wild Turkey 81 Rye,215.90999999999997,23.99,0.41362140279552206
Wild Turkey American Honey,276462.43,15.59575154656412,0.268892731652367
Wild Turkey Diamond Annivsry,5534.59,134.99,2.327417805892769
Wild Turkey Forgiven,5169.06,54.99,0.9481050829397982
Wild Turkey Honey VAP,677.65,19.545555555555552,0.33699291818702365
Wild Turkey Master Keepers,5549.63,149.99,2.586038941446451
Wild Turkey Rare Breed,29904.960000000003,37.215609756097564,0.6416495503629759
Wild Turkey Russell's RSV,71658.91,28.568237843042848,0.49255667411569415
Wild Turkey Russell's Rsv,49045.73,51.94402298850575,0.8955881473675946
WillM Alsace Rsl,12970.0,11.72374613003096,0.20213390247277946
WillaKenzie Est Ore Pnt Gris,197.91,21.99,0.3791385847216978
Willamette Pnt Nr Valley,404.85,26.99,0.4653456299062585
Willamette Rsl Valley Oregon,11080.08,13.99,0.24120731242640073
Willamette Vly Dijon Chard,1553.2599999999998,20.99,0.36189717568478563
Willamette Vly Elton Pnt Nr,1115.74,43.080909090909095,0.7427755753183902
Willamette Vly Tualatin Est,914.7900000000001,43.40176470588236,0.7483075782179341
Willamette Whole Clst Pnt Nr,43182.649999999994,21.31658227848101,0.36752791433228355
William Grant Scotch,123810.56999999999,19.484621387892847,0.3359423272780272
Wilson Winery Znfdl,6187.91,19.6927027027027,0.3395299423396023
Wind Gap 13 Syrah Sonoma,319.92,39.99,0.6894839473861163
Wind Gap 14 Pinot Noir Sonom,428.87,32.99,0.5687940841277314
WindRacer Anderson Vly Chard,1609.54,34.99,0.6032769022015555
WindRacer Anderson Vy Pnt Nr,335.92,41.99,0.7239667654599405
WindRacer RRV Chard,1679.52,34.99,0.6032769022015555
WindRacer RRV Pnt Nr,755.82,41.99,0.7239667654599405
Wine & Soul Manoela Douro,4046.0199999999995,20.46682119205298,0.352876835857527
Wine Cube Cab Svgn,84.94999999999999,16.99,0.29293153953713713
Wine Cube Chard,135.92,16.99,0.29293153953713713
Wine by Joe Pnt Nr,11691.15,17.1004033970276,0.2948350496643546
Winemakers Secret Barrel Red,10838.96,11.99,0.20672449435257648
Wines of Substance Cab Svgn,5467.19,19.51820512820513,0.3365213582817406
Wisdom & Warter Cream Sherry,79.84,4.99,0.08603463109419154
Wlm Hill Est No Cst Svgn Bl,46544.88,12.637117296222664,0.21788170835161208
Wolf Blass Yellow Lbl Chard,647.28,8.99,0.1550002672418401
Wolf Blass Yllw Lbl Cab Svgn,11210.76,11.093260869565219,0.19126344820534552
Wolf Blass Ylw Lb Shiraz/Cab,194.85000000000002,12.99,0.22396590338948863
WolfHound Irish Whiskey,43103.49,17.609238476953905,0.3036080834096939
Wolfburn Single Malt Scotch,9836.31,58.156666666666666,1.0027028782233534
Wolfgang Puck Chard,641.54,13.823333333333332,0.23833374425358203
Wolfschmidt Vodka 80 Proof,79360.31,11.94672842515846,0.20597843143106212
Wolfschmidt Vodka Plastic,11156.33,5.192476038338659,0.08952560329136186
Woodbridge Harvest Spice Red,3588.79,6.194545454545454,0.10680269197956298
Woodford Reserve Bourbon,939737.99,30.47251169690745,0.5253890385484709
Woodford Reserve Derby,5803.71,44.99,0.775690992570677
Woodford Reserve Double Oak,147315.99,52.651039537983124,0.9077781088930003
Woodford Reserve MC 1838,8329.109999999999,93.75623376623376,1.6164895761239892
Woodford Reserve Rye,41211.25,38.372929642445214,0.6616033759100484
Woodford Rsv Bourbon,194469.69999999998,16.59589519650655,0.2861366174166947
Woodford Rsv Cotton Restrant,1471.68,45.99,0.792932401607589
Woodford Rsv Federal Cigar,1931.5800000000002,45.99,0.792932401607589
Woodford Rsv MC Brandy Fnish,12498.75,99.99,1.7239684896008443
Woodford Rsv MC Classic Malt,789.9200000000001,97.99,1.6894856715270197
Woodford Rsv Master Coll Pnt,489.95,97.99,1.6894856715270197
Woodford Rsv Mt Washington,551.88,45.99,0.792932401607589
Woodford Rsv PS The District,45.99,45.99,0.792932401607589
Woodstock Hot Licks,1114.53,11.49,0.19810378983412041
Woodstock Killer Bee,1171.98,11.49,0.19810378983412041
Woodwork Cab Svgn,143.88,11.99,0.20672449435257648
Woodwork Chard,23.98,11.99,0.20672449435257648
Woodwork Pnt Nr,11029.35,10.413398328690807,0.1795416600492554
Woop Woop Cab Svgn,191.88,15.99,0.275690130500225
Woop Woop Chard,79.95,15.99,0.275690130500225
Woop Woop Shiraz,18732.98,13.395797101449274,0.23096241720156888
Wrath Pnt Nr Ex Anima,25.99,25.99,0.4481042208693463
Wray & Nephew Wh Overproof,2878.56,19.99,0.3446557666478735
Writer's Block 12 Lake Count,8851.14,9.99,0.17224167627875223
Writer's Block Cab Franc,8106.93,15.99,0.275690130500225
Writer's Block Pnt Nr,2670.33,15.99,0.275690130500225
Wrongo Dongo Jumilla,1098.15,7.997692307692308,0.1378914844282888
Wyborowa Vodka,579.74,20.99,0.36189717568478563
Wycliff Brut,52200.39,4.99,0.08603463109419154
Wyndham Bin 555 Shiraz,18131.59,9.03182156133829,0.15572132988743587
X Rated Fusion Liqueur,30989.809999999998,19.20300256629598,0.3310868219823824
XO Pnt Nr,155.88,12.99,0.22396590338948863
XYZin Old Vines Znfdl,22419.38,11.549734513274336,0.1991336970111041
Xicaru Silver Mezcal,119.96,29.99,0.5170698570169948
Xinomavro Naoussa Young Vine,191.88,15.99,0.275690130500225
Yaegaki Nigori Sake,5321.58,21.99,0.3791385847216978
Yago Sant'Gria Red,105143.1,10.614401913875598,0.18300724507931218
Yalumba Oxford Landng Shiraz,208.81,10.99,0.18948308531566435
Yalumba Y Series Shiraz Ausl,10281.6,12.278577154308618,0.2116999711087195
Yalumba Y Series Viognier,18574.93,12.34374149659864,0.2128234961887631
Yamazaki 12 Yr Japanese,12412.61,89.38130434782609,1.5410596285136025
Yangarra Est Vyd 10 Shiraz,550.8,27.220769230769232,0.46932441660708435
Yazi Ginger Vodka,1289.57,29.99,0.5170698570169948
Yealands Svgn Bl Marlborough,20068.85,12.46105561861521,0.214846156952257
Yellow Spot Irish Whisky,29897.01,99.99,1.7239684896008443
Yellow Stone Ltd Edition 15,5564.47,104.99,1.810175534785405
Yellow Tail Big Bold Red,89763.24,10.026713064713064,0.1728746612444688
Yellow Tail Bubbles Rose,1618.38,9.99,0.17224167627875223
Yellow Tail Bubbles White,11496.12,10.553573883161512,0.18195848412086077
Yellow Tail Cab Svgn Ausl,358596.64,9.637296039199674,0.16616056302165477
Yellow Tail Cab/Merlot Ausl,1066.84,9.353636363636364,0.16126987052798994
Yellow Tail Chard Ausl,540267.39,9.742743152599216,0.1679786198355379
Yellow Tail Merlot Ausl,346866.29,9.619619760012467,0.16585579906193748
Yellow Tail Moscato,156729.53,10.15266435986159,0.17504623904285335
Yellow Tail Moscato Bubbles,259.8,12.99,0.22396590338948863
Yellow Tail Pink Moscato,68151.17,10.187148834429168,0.17564079997429596
Yellow Tail Pnt Grigio Ausl,361385.6,9.568633946830266,0.16497673180178354
Yellow Tail Pnt Nr,71836.67,10.8172030651341,0.1865038226813167
Yellow Tail RSV Shiraz Ausl,8818.28,11.40851106639839,0.19669880579791327
Yellow Tail Rsl,22444.13,7.7333313574392415,0.13333352915158891
Yellow Tail Sangria,99012.31,10.070786251342641,0.17363454508270948
Yellow Tail Sangria Blanco,27532.43,11.356598778004074,0.19580376479966474
Yellow Tail Sangria Bubbles,668.6600000000001,4.99,0.08603463109419154
Yellow Tail Shiraz Ausl,345336.02,9.584745698476466,0.16525452110221683
Yellow Tail Shiraz/Cab Ausl,113333.69,10.657743581023636,0.1837545164909532
Yellow Tail Shiraz/Grenache,1373.98,8.934788732394367,0.15404834719360494
Yellow Tail Svgn Bl,32059.33,10.926334405144695,0.1883854007531857
Yellow Tail Sweet Red Roo,27967.29,11.04671077504726,0.19046085898505447
Yellow Tail Sweet White Roo,1206.01,3.9900000000000007,0.06879322205727942
Yellow Tail Tree Free Chard,18818.5,10.945357142857143,0.1887133795550879
Yellowstone Select Bourbon,4199.16,49.99,0.8618980377552377
Yeni Raki,2915.47,19.62333333333333,0.33833391666767243
Yosemite Road Cab Svgn,460.68,3.49,0.06017251753882334
Yosemite Road Chard,1256.4,3.49,0.06017251753882334
Yosemite Road Moscato,460.68000000000006,3.49,0.06017251753882334
Yosemite Road Pnt Grigio,530.48,3.49,0.06017251753882334
Yosemite Road Red,52.35,3.4899999999999998,0.06017251753882334
Yukon Jack,460357.1,6.258350239504085,0.10790277637554695
Yukon Jack Wicked Hot,175.89000000000001,15.99,0.275690130500225
Z Alexander Brown Uncage Red,179.88,14.99,0.2584487214633129
Z Alexander Brown Uncaged Ca,45340.04,15.198478109798472,0.26204317782959063
Z Alexander Brown Uncaged Pn,33757.6,15.11776831345826,0.26065162721760315
Z Znfdl Tom Eddy,917.82,50.99,0.8791394467921497
Z-52 Znfdl Lodi Old Vines,1709.8600000000001,7.99,0.13775885820492795
ZIPZ Cab Svgn,139.62,1.7899999999999998,0.030862122176072714
ZIPZ Pnt Grigio,10.74,1.79,0.03086212217607272
Zabrin de Fuego Garnacha,40654.93,8.325538404998163,0.14354401309309434
Zaccagnini Cerasuolo Rose,22487.1,16.232909987669544,0.2798782409567869
Zaccagnini Montepulciano Rsv,264292.94,15.143654320987656,0.26109793846175006
Zaccagnini Pnt Grigio,68835.56999999999,16.35878453038674,0.28204849543510835
Zaccagnini Rsl,27383.54,8.99,0.1550002672418401
Zacharias Ambelos Phos Red,739.26,9.99,0.17224167627875223
Zacharias Ambelos Phos White,689.31,9.99,0.17224167627875223
Zacharias Cab Svgn,287.76,11.99,0.20672449435257648
Zacharias Chard,389.61,9.99,0.17224167627875223
Zacharias Merlot,659.4499999999999,11.99,0.20672449435257648
Zanetti Prosecco Frizzante,3466.53,9.99,0.17224167627875223
Zapata White Stones Chard,269.96999999999997,89.99,1.551554399231723
Zardetto Private Cuvee Glara,29.96,6.323333333333333,0.10902317647674105
Zardetto Pros di Coneg Brut,345.86,5.380625,0.09276955649923535
Zardetto Prosecco Conegliano,79471.73,13.193409467063887,0.2274729692131174
Zaya Grand Reserva Rum,98362.88,36.408052256532066,0.6277261211921412
Zeitgeist Cab Svgn Napa Vly,4604.01,32.017397260273974,0.5520250424616935
Zeller Schwarze Rsl Valcknbg,53416.53,9.99,0.17224167627875223
Zenato Alanera Rosso Verones,3968.74,17.428461538461537,0.3004912342687063
Zenato Amarone,7739.839999999999,66.75190476190475,1.1508968939930027
Zenato Cresasso,2149.57,49.99,0.8618980377552377
Zenato Lugana Brut,699.77,30.5525,0.5267681496002579
Zenato Lugana Doc San Bened,10894.48,14.459135802469135,0.2492958746906311
Zenato Pinot Grigio Veneto,52029.14,11.669772619611559,0.2012033231024805
Zenato Valpolicella Clsc,27495.42,15.626363636363635,0.2694205272140751
Zenato Valpolicella Clsc Ri,7242.59,30.048823529411763,0.5180840575485779
Zeni 11 Amarone Classico,17844.05,29.99,0.5170698570169948
Zerran Tinto Montsant,139.91,14.99,0.2584487214633129
Zestos Blanco,1489.84,12.813529411764707,0.2209233017947394
Zestos Garnacha,5685.51,10.430993788819876,0.17984503057453333
Zhenka 100 Vodka Traveler,4550.88,4.99,0.08603463109419154
Zhenka 80 Proof,816412.77,9.99,0.17224167627875223
Zhenka Pink Lemonade Vodka,140309.83,9.21818368313082,0.15893447545824768
Zhenka Raspberry Vodka,161886.13,10.23364837398374,0.17644251755578444
Zhenka Tropical Dark Rum,157493.97,11.994150126308192,0.20679604837781085
Zhenka Vodka,161690.34,3.29,0.05672423573144092
Zhenka Vodka 100 Proof,202316.99,13.322617776746347,0.22970070253132072
Zhenka Vodka 80 Proof,240.39000000000001,3.90304347826087,0.06729396909754794
Zhenka Vodka Plastic,198872.26,5.29,0.09120705380526518
Zin 91 Old Vine Znfdl CA,44809.5,8.062853425845619,0.1390149539196726
Zin-phomaniac Znfdl,1511.1599999999999,17.99,0.31017294857404926
Zinck Pnt Blanc,47.97,15.99,0.275690130500225
Zinsane Znfdl Lodi,14789.49,7.989999999999999,0.13775885820492795
Zinzilla Zinfandel,7419.51,13.52349875930521,0.2331641737193549
Ziobaffa Organic Tuscan Red,1364.09,14.99,0.2584487214633129
Zion Dolev Muscato,1329.79,10.99,0.18948308531566435
Zodiac Black Cherry Vodka,3359.81,12.49,0.21534519887103257
Zodiac Vodka,6182.55,12.49,0.21534519887103257
Zoe Red by D Skouras,299.75,11.99,0.20672449435257648
Zolo Chard Unoaked,55.96,13.99,0.24120731242640073
Zolo Malbec Rsv,713.63,19.207391304347826,0.33116249001029013
Zonin Moscato,383.64,10.656666666666666,0.18373594897002696
Zonin Prosecco,275.77,11.99,0.20672449435257648
Zonin Prosecco Brut,4382.28,3.29,0.05672423573144092
Zorah Red,417.81,21.99,0.3791385847216978
Zorvino Bacca Z Blackberry,35786.42,13.99,0.24120731242640073
Zorvino Fragole Z Strawberry,25475.79,13.99,0.24120731242640073
Zorvino Vyds Mango Magnifico,16224.51,12.49,0.21534519887103257
Zorvino Vyds Peachez,15494.49,9.99,0.17224167627875223
Zorvino Vyds Pearz,20629.35,9.99,0.17224167627875223
Zorvino Vyds Sangiovese,10579.03,12.49,0.21534519887103257
Zuccardi Q Cab Svgn,1059.47,19.99,0.3446557666478735
Zuccardi Q Malbec,1639.1799999999998,19.99,0.3446557666478735
Zum Rsl,10857.34,10.198459214501511,0.17583580686348618
Zwack Liqueur,227.88,18.99,0.3274143576109614
Zygo Mixed Citrus Vodka,22.49,22.49,0.38775928924015385
g Sake,819.92,5.977500000000001,0.1030605225181423
von Buhl Jazz Rsl,1359.1100000000001,15.313529411764705,0.26402682438701974
